-- MySQL dump 10.13  Distrib 5.7.29, for Linux (x86_64)
--
-- Host: localhost    Database: craft_boilerplate
-- ------------------------------------------------------
-- Server version	5.7.29-0ubuntu0.18.04.1

/*!40101 SET @OLD_CHARACTER_SET_CLIENT=@@CHARACTER_SET_CLIENT */;
/*!40101 SET @OLD_CHARACTER_SET_RESULTS=@@CHARACTER_SET_RESULTS */;
/*!40101 SET @OLD_COLLATION_CONNECTION=@@COLLATION_CONNECTION */;
/*!40101 SET NAMES utf8 */;
/*!40103 SET @OLD_TIME_ZONE=@@TIME_ZONE */;
/*!40103 SET TIME_ZONE='+00:00' */;
/*!40014 SET @OLD_UNIQUE_CHECKS=@@UNIQUE_CHECKS, UNIQUE_CHECKS=0 */;
/*!40014 SET @OLD_FOREIGN_KEY_CHECKS=@@FOREIGN_KEY_CHECKS, FOREIGN_KEY_CHECKS=0 */;
/*!40101 SET @OLD_SQL_MODE=@@SQL_MODE, SQL_MODE='NO_AUTO_VALUE_ON_ZERO' */;
/*!40111 SET @OLD_SQL_NOTES=@@SQL_NOTES, SQL_NOTES=0 */;

--
-- Table structure for table `assetindexdata`
--

DROP TABLE IF EXISTS `assetindexdata`;
/*!40101 SET @saved_cs_client     = @@character_set_client */;
/*!40101 SET character_set_client = utf8 */;
CREATE TABLE `assetindexdata` (
  `id` int(11) NOT NULL AUTO_INCREMENT,
  `sessionId` varchar(36) NOT NULL DEFAULT '',
  `volumeId` int(11) NOT NULL,
  `uri` text,
  `size` bigint(20) unsigned DEFAULT NULL,
  `timestamp` datetime DEFAULT NULL,
  `recordId` int(11) DEFAULT NULL,
  `inProgress` tinyint(1) DEFAULT '0',
  `completed` tinyint(1) DEFAULT '0',
  `dateCreated` datetime NOT NULL,
  `dateUpdated` datetime NOT NULL,
  `uid` char(36) NOT NULL DEFAULT '0',
  PRIMARY KEY (`id`),
  KEY `assetindexdata_sessionId_volumeId_idx` (`sessionId`,`volumeId`),
  KEY `assetindexdata_volumeId_idx` (`volumeId`),
  CONSTRAINT `assetindexdata_volumeId_fk` FOREIGN KEY (`volumeId`) REFERENCES `volumes` (`id`) ON DELETE CASCADE
) ENGINE=InnoDB DEFAULT CHARSET=utf8;
/*!40101 SET character_set_client = @saved_cs_client */;

--
-- Table structure for table `assets`
--

DROP TABLE IF EXISTS `assets`;
/*!40101 SET @saved_cs_client     = @@character_set_client */;
/*!40101 SET character_set_client = utf8 */;
CREATE TABLE `assets` (
  `id` int(11) NOT NULL,
  `volumeId` int(11) DEFAULT NULL,
  `folderId` int(11) NOT NULL,
  `uploaderId` int(11) DEFAULT NULL,
  `filename` varchar(255) NOT NULL,
  `kind` varchar(50) NOT NULL DEFAULT 'unknown',
  `width` int(11) unsigned DEFAULT NULL,
  `height` int(11) unsigned DEFAULT NULL,
  `size` bigint(20) unsigned DEFAULT NULL,
  `focalPoint` varchar(13) DEFAULT NULL,
  `deletedWithVolume` tinyint(1) DEFAULT NULL,
  `keptFile` tinyint(1) DEFAULT NULL,
  `dateModified` datetime DEFAULT NULL,
  `dateCreated` datetime NOT NULL,
  `dateUpdated` datetime NOT NULL,
  `uid` char(36) NOT NULL DEFAULT '0',
  PRIMARY KEY (`id`),
  KEY `assets_filename_folderId_idx` (`filename`,`folderId`),
  KEY `assets_folderId_idx` (`folderId`),
  KEY `assets_volumeId_idx` (`volumeId`),
  KEY `assets_uploaderId_fk` (`uploaderId`),
  CONSTRAINT `assets_folderId_fk` FOREIGN KEY (`folderId`) REFERENCES `volumefolders` (`id`) ON DELETE CASCADE,
  CONSTRAINT `assets_id_fk` FOREIGN KEY (`id`) REFERENCES `elements` (`id`) ON DELETE CASCADE,
  CONSTRAINT `assets_uploaderId_fk` FOREIGN KEY (`uploaderId`) REFERENCES `users` (`id`) ON DELETE SET NULL,
  CONSTRAINT `assets_volumeId_fk` FOREIGN KEY (`volumeId`) REFERENCES `volumes` (`id`) ON DELETE CASCADE
) ENGINE=InnoDB DEFAULT CHARSET=utf8;
/*!40101 SET character_set_client = @saved_cs_client */;

--
-- Table structure for table `assettransformindex`
--

DROP TABLE IF EXISTS `assettransformindex`;
/*!40101 SET @saved_cs_client     = @@character_set_client */;
/*!40101 SET character_set_client = utf8 */;
CREATE TABLE `assettransformindex` (
  `id` int(11) NOT NULL AUTO_INCREMENT,
  `assetId` int(11) NOT NULL,
  `filename` varchar(255) DEFAULT NULL,
  `format` varchar(255) DEFAULT NULL,
  `location` varchar(255) NOT NULL,
  `volumeId` int(11) DEFAULT NULL,
  `fileExists` tinyint(1) NOT NULL DEFAULT '0',
  `inProgress` tinyint(1) NOT NULL DEFAULT '0',
  `dateIndexed` datetime DEFAULT NULL,
  `dateCreated` datetime NOT NULL,
  `dateUpdated` datetime NOT NULL,
  `uid` char(36) NOT NULL DEFAULT '0',
  PRIMARY KEY (`id`),
  KEY `assettransformindex_volumeId_assetId_location_idx` (`volumeId`,`assetId`,`location`)
) ENGINE=InnoDB DEFAULT CHARSET=utf8;
/*!40101 SET character_set_client = @saved_cs_client */;

--
-- Table structure for table `assettransforms`
--

DROP TABLE IF EXISTS `assettransforms`;
/*!40101 SET @saved_cs_client     = @@character_set_client */;
/*!40101 SET character_set_client = utf8 */;
CREATE TABLE `assettransforms` (
  `id` int(11) NOT NULL AUTO_INCREMENT,
  `name` varchar(255) NOT NULL,
  `handle` varchar(255) NOT NULL,
  `mode` enum('stretch','fit','crop') NOT NULL DEFAULT 'crop',
  `position` enum('top-left','top-center','top-right','center-left','center-center','center-right','bottom-left','bottom-center','bottom-right') NOT NULL DEFAULT 'center-center',
  `width` int(11) unsigned DEFAULT NULL,
  `height` int(11) unsigned DEFAULT NULL,
  `format` varchar(255) DEFAULT NULL,
  `quality` int(11) DEFAULT NULL,
  `interlace` enum('none','line','plane','partition') NOT NULL DEFAULT 'none',
  `dimensionChangeTime` datetime DEFAULT NULL,
  `dateCreated` datetime NOT NULL,
  `dateUpdated` datetime NOT NULL,
  `uid` char(36) NOT NULL DEFAULT '0',
  PRIMARY KEY (`id`),
  UNIQUE KEY `assettransforms_name_unq_idx` (`name`),
  UNIQUE KEY `assettransforms_handle_unq_idx` (`handle`)
) ENGINE=InnoDB DEFAULT CHARSET=utf8;
/*!40101 SET character_set_client = @saved_cs_client */;

--
-- Table structure for table `categories`
--

DROP TABLE IF EXISTS `categories`;
/*!40101 SET @saved_cs_client     = @@character_set_client */;
/*!40101 SET character_set_client = utf8 */;
CREATE TABLE `categories` (
  `id` int(11) NOT NULL,
  `groupId` int(11) NOT NULL,
  `parentId` int(11) DEFAULT NULL,
  `deletedWithGroup` tinyint(1) DEFAULT NULL,
  `dateCreated` datetime NOT NULL,
  `dateUpdated` datetime NOT NULL,
  `uid` char(36) NOT NULL DEFAULT '0',
  PRIMARY KEY (`id`),
  KEY `categories_groupId_idx` (`groupId`),
  KEY `categories_parentId_fk` (`parentId`),
  CONSTRAINT `categories_groupId_fk` FOREIGN KEY (`groupId`) REFERENCES `categorygroups` (`id`) ON DELETE CASCADE,
  CONSTRAINT `categories_id_fk` FOREIGN KEY (`id`) REFERENCES `elements` (`id`) ON DELETE CASCADE,
  CONSTRAINT `categories_parentId_fk` FOREIGN KEY (`parentId`) REFERENCES `categories` (`id`) ON DELETE SET NULL
) ENGINE=InnoDB DEFAULT CHARSET=utf8;
/*!40101 SET character_set_client = @saved_cs_client */;

--
-- Table structure for table `categorygroups`
--

DROP TABLE IF EXISTS `categorygroups`;
/*!40101 SET @saved_cs_client     = @@character_set_client */;
/*!40101 SET character_set_client = utf8 */;
CREATE TABLE `categorygroups` (
  `id` int(11) NOT NULL AUTO_INCREMENT,
  `structureId` int(11) NOT NULL,
  `fieldLayoutId` int(11) DEFAULT NULL,
  `name` varchar(255) NOT NULL,
  `handle` varchar(255) NOT NULL,
  `dateCreated` datetime NOT NULL,
  `dateUpdated` datetime NOT NULL,
  `dateDeleted` datetime DEFAULT NULL,
  `uid` char(36) NOT NULL DEFAULT '0',
  PRIMARY KEY (`id`),
  KEY `categorygroups_name_idx` (`name`),
  KEY `categorygroups_handle_idx` (`handle`),
  KEY `categorygroups_structureId_idx` (`structureId`),
  KEY `categorygroups_fieldLayoutId_idx` (`fieldLayoutId`),
  KEY `categorygroups_dateDeleted_idx` (`dateDeleted`),
  CONSTRAINT `categorygroups_fieldLayoutId_fk` FOREIGN KEY (`fieldLayoutId`) REFERENCES `fieldlayouts` (`id`) ON DELETE SET NULL,
  CONSTRAINT `categorygroups_structureId_fk` FOREIGN KEY (`structureId`) REFERENCES `structures` (`id`) ON DELETE CASCADE
) ENGINE=InnoDB AUTO_INCREMENT=2 DEFAULT CHARSET=utf8;
/*!40101 SET character_set_client = @saved_cs_client */;

--
-- Table structure for table `categorygroups_sites`
--

DROP TABLE IF EXISTS `categorygroups_sites`;
/*!40101 SET @saved_cs_client     = @@character_set_client */;
/*!40101 SET character_set_client = utf8 */;
CREATE TABLE `categorygroups_sites` (
  `id` int(11) NOT NULL AUTO_INCREMENT,
  `groupId` int(11) NOT NULL,
  `siteId` int(11) NOT NULL,
  `hasUrls` tinyint(1) NOT NULL DEFAULT '1',
  `uriFormat` text,
  `template` varchar(500) DEFAULT NULL,
  `dateCreated` datetime NOT NULL,
  `dateUpdated` datetime NOT NULL,
  `uid` char(36) NOT NULL DEFAULT '0',
  PRIMARY KEY (`id`),
  UNIQUE KEY `categorygroups_sites_groupId_siteId_unq_idx` (`groupId`,`siteId`),
  KEY `categorygroups_sites_siteId_idx` (`siteId`),
  CONSTRAINT `categorygroups_sites_groupId_fk` FOREIGN KEY (`groupId`) REFERENCES `categorygroups` (`id`) ON DELETE CASCADE,
  CONSTRAINT `categorygroups_sites_siteId_fk` FOREIGN KEY (`siteId`) REFERENCES `sites` (`id`) ON DELETE CASCADE ON UPDATE CASCADE
) ENGINE=InnoDB AUTO_INCREMENT=2 DEFAULT CHARSET=utf8;
/*!40101 SET character_set_client = @saved_cs_client */;

--
-- Table structure for table `changedattributes`
--

DROP TABLE IF EXISTS `changedattributes`;
/*!40101 SET @saved_cs_client     = @@character_set_client */;
/*!40101 SET character_set_client = utf8 */;
CREATE TABLE `changedattributes` (
  `elementId` int(11) NOT NULL,
  `siteId` int(11) NOT NULL,
  `attribute` varchar(255) NOT NULL,
  `dateUpdated` datetime NOT NULL,
  `propagated` tinyint(1) NOT NULL,
  `userId` int(11) DEFAULT NULL,
  PRIMARY KEY (`elementId`,`siteId`,`attribute`),
  KEY `changedattributes_elementId_siteId_dateUpdated_idx` (`elementId`,`siteId`,`dateUpdated`),
  KEY `changedattributes_siteId_fk` (`siteId`),
  KEY `changedattributes_userId_fk` (`userId`),
  CONSTRAINT `changedattributes_elementId_fk` FOREIGN KEY (`elementId`) REFERENCES `elements` (`id`) ON DELETE CASCADE ON UPDATE CASCADE,
  CONSTRAINT `changedattributes_siteId_fk` FOREIGN KEY (`siteId`) REFERENCES `sites` (`id`) ON DELETE CASCADE ON UPDATE CASCADE,
  CONSTRAINT `changedattributes_userId_fk` FOREIGN KEY (`userId`) REFERENCES `users` (`id`) ON DELETE SET NULL ON UPDATE CASCADE
) ENGINE=InnoDB DEFAULT CHARSET=utf8;
/*!40101 SET character_set_client = @saved_cs_client */;

--
-- Table structure for table `changedfields`
--

DROP TABLE IF EXISTS `changedfields`;
/*!40101 SET @saved_cs_client     = @@character_set_client */;
/*!40101 SET character_set_client = utf8 */;
CREATE TABLE `changedfields` (
  `elementId` int(11) NOT NULL,
  `siteId` int(11) NOT NULL,
  `fieldId` int(11) NOT NULL,
  `dateUpdated` datetime NOT NULL,
  `propagated` tinyint(1) NOT NULL,
  `userId` int(11) DEFAULT NULL,
  PRIMARY KEY (`elementId`,`siteId`,`fieldId`),
  KEY `changedfields_elementId_siteId_dateUpdated_idx` (`elementId`,`siteId`,`dateUpdated`),
  KEY `changedfields_siteId_fk` (`siteId`),
  KEY `changedfields_fieldId_fk` (`fieldId`),
  KEY `changedfields_userId_fk` (`userId`),
  CONSTRAINT `changedfields_elementId_fk` FOREIGN KEY (`elementId`) REFERENCES `elements` (`id`) ON DELETE CASCADE ON UPDATE CASCADE,
  CONSTRAINT `changedfields_fieldId_fk` FOREIGN KEY (`fieldId`) REFERENCES `fields` (`id`) ON DELETE CASCADE ON UPDATE CASCADE,
  CONSTRAINT `changedfields_siteId_fk` FOREIGN KEY (`siteId`) REFERENCES `sites` (`id`) ON DELETE CASCADE ON UPDATE CASCADE,
  CONSTRAINT `changedfields_userId_fk` FOREIGN KEY (`userId`) REFERENCES `users` (`id`) ON DELETE SET NULL ON UPDATE CASCADE
) ENGINE=InnoDB DEFAULT CHARSET=utf8;
/*!40101 SET character_set_client = @saved_cs_client */;

--
-- Table structure for table `content`
--

DROP TABLE IF EXISTS `content`;
/*!40101 SET @saved_cs_client     = @@character_set_client */;
/*!40101 SET character_set_client = utf8 */;
CREATE TABLE `content` (
  `id` int(11) NOT NULL AUTO_INCREMENT,
  `elementId` int(11) NOT NULL,
  `siteId` int(11) NOT NULL,
  `title` varchar(255) DEFAULT NULL,
  `dateCreated` datetime NOT NULL,
  `dateUpdated` datetime NOT NULL,
  `uid` char(36) NOT NULL DEFAULT '0',
  `field_seo` text,
  `field_alternateDescription` text,
  `field_navigationLink` text,
  `field_text1` text,
  `field_organizationName` text,
  `field_link1` text,
  `field_text2` text,
  `field_simpleCopy1` text,
  `field_requireLogin` tinyint(1) DEFAULT NULL,
  `field_twitterUrl` varchar(255) DEFAULT NULL,
  `field_facebookUrl` varchar(255) DEFAULT NULL,
  `field_linkedinUrl` varchar(255) DEFAULT NULL,
  `field_youtubeUrl` varchar(255) DEFAULT NULL,
  `field_instagramUrl` varchar(255) DEFAULT NULL,
  `field_pinterestUrl` varchar(255) DEFAULT NULL,
  `field_snapchatUrl` varchar(255) DEFAULT NULL,
  `field_tumblrUrl` varchar(255) DEFAULT NULL,
  `field_vimeoUrl` varchar(255) DEFAULT NULL,
  `field_submissionData` text,
  PRIMARY KEY (`id`),
  UNIQUE KEY `content_elementId_siteId_unq_idx` (`elementId`,`siteId`),
  KEY `content_siteId_idx` (`siteId`),
  KEY `content_title_idx` (`title`),
  CONSTRAINT `content_elementId_fk` FOREIGN KEY (`elementId`) REFERENCES `elements` (`id`) ON DELETE CASCADE,
  CONSTRAINT `content_siteId_fk` FOREIGN KEY (`siteId`) REFERENCES `sites` (`id`) ON DELETE CASCADE ON UPDATE CASCADE
) ENGINE=InnoDB AUTO_INCREMENT=235 DEFAULT CHARSET=utf8;
/*!40101 SET character_set_client = @saved_cs_client */;

--
-- Table structure for table `craftidtokens`
--

DROP TABLE IF EXISTS `craftidtokens`;
/*!40101 SET @saved_cs_client     = @@character_set_client */;
/*!40101 SET character_set_client = utf8 */;
CREATE TABLE `craftidtokens` (
  `id` int(11) NOT NULL AUTO_INCREMENT,
  `userId` int(11) NOT NULL,
  `accessToken` text NOT NULL,
  `expiryDate` datetime DEFAULT NULL,
  `dateCreated` datetime NOT NULL,
  `dateUpdated` datetime NOT NULL,
  `uid` char(36) NOT NULL DEFAULT '0',
  PRIMARY KEY (`id`),
  KEY `craftidtokens_userId_fk` (`userId`),
  CONSTRAINT `craftidtokens_userId_fk` FOREIGN KEY (`userId`) REFERENCES `users` (`id`) ON DELETE CASCADE
) ENGINE=InnoDB DEFAULT CHARSET=utf8;
/*!40101 SET character_set_client = @saved_cs_client */;

--
-- Table structure for table `deprecationerrors`
--

DROP TABLE IF EXISTS `deprecationerrors`;
/*!40101 SET @saved_cs_client     = @@character_set_client */;
/*!40101 SET character_set_client = utf8 */;
CREATE TABLE `deprecationerrors` (
  `id` int(11) NOT NULL AUTO_INCREMENT,
  `key` varchar(255) NOT NULL,
  `fingerprint` varchar(255) NOT NULL,
  `lastOccurrence` datetime NOT NULL,
  `file` varchar(255) NOT NULL,
  `line` smallint(6) unsigned DEFAULT NULL,
  `message` text,
  `traces` text,
  `dateCreated` datetime NOT NULL,
  `dateUpdated` datetime NOT NULL,
  `uid` char(36) NOT NULL DEFAULT '0',
  PRIMARY KEY (`id`),
  UNIQUE KEY `deprecationerrors_key_fingerprint_unq_idx` (`key`,`fingerprint`)
) ENGINE=InnoDB DEFAULT CHARSET=utf8;
/*!40101 SET character_set_client = @saved_cs_client */;

--
-- Table structure for table `drafts`
--

DROP TABLE IF EXISTS `drafts`;
/*!40101 SET @saved_cs_client     = @@character_set_client */;
/*!40101 SET character_set_client = utf8 */;
CREATE TABLE `drafts` (
  `id` int(11) NOT NULL AUTO_INCREMENT,
  `sourceId` int(11) DEFAULT NULL,
  `creatorId` int(11) DEFAULT NULL,
  `name` varchar(255) NOT NULL,
  `notes` text,
  `trackChanges` tinyint(1) NOT NULL DEFAULT '0',
  `dateLastMerged` datetime DEFAULT NULL,
  PRIMARY KEY (`id`),
  KEY `drafts_creatorId_fk` (`creatorId`),
  KEY `drafts_sourceId_fk` (`sourceId`),
  CONSTRAINT `drafts_creatorId_fk` FOREIGN KEY (`creatorId`) REFERENCES `users` (`id`) ON DELETE SET NULL,
  CONSTRAINT `drafts_sourceId_fk` FOREIGN KEY (`sourceId`) REFERENCES `elements` (`id`) ON DELETE CASCADE
) ENGINE=InnoDB AUTO_INCREMENT=43 DEFAULT CHARSET=utf8;
/*!40101 SET character_set_client = @saved_cs_client */;

--
-- Table structure for table `elementindexsettings`
--

DROP TABLE IF EXISTS `elementindexsettings`;
/*!40101 SET @saved_cs_client     = @@character_set_client */;
/*!40101 SET character_set_client = utf8 */;
CREATE TABLE `elementindexsettings` (
  `id` int(11) NOT NULL AUTO_INCREMENT,
  `type` varchar(255) NOT NULL,
  `settings` text,
  `dateCreated` datetime NOT NULL,
  `dateUpdated` datetime NOT NULL,
  `uid` char(36) NOT NULL DEFAULT '0',
  PRIMARY KEY (`id`),
  UNIQUE KEY `elementindexsettings_type_unq_idx` (`type`)
) ENGINE=InnoDB AUTO_INCREMENT=2 DEFAULT CHARSET=utf8;
/*!40101 SET character_set_client = @saved_cs_client */;

--
-- Table structure for table `elements`
--

DROP TABLE IF EXISTS `elements`;
/*!40101 SET @saved_cs_client     = @@character_set_client */;
/*!40101 SET character_set_client = utf8 */;
CREATE TABLE `elements` (
  `id` int(11) NOT NULL AUTO_INCREMENT,
  `draftId` int(11) DEFAULT NULL,
  `revisionId` int(11) DEFAULT NULL,
  `fieldLayoutId` int(11) DEFAULT NULL,
  `type` varchar(255) NOT NULL,
  `enabled` tinyint(1) NOT NULL DEFAULT '1',
  `archived` tinyint(1) NOT NULL DEFAULT '0',
  `dateCreated` datetime NOT NULL,
  `dateUpdated` datetime NOT NULL,
  `dateDeleted` datetime DEFAULT NULL,
  `uid` char(36) NOT NULL DEFAULT '0',
  PRIMARY KEY (`id`),
  KEY `elements_dateDeleted_idx` (`dateDeleted`),
  KEY `elements_fieldLayoutId_idx` (`fieldLayoutId`),
  KEY `elements_type_idx` (`type`),
  KEY `elements_enabled_idx` (`enabled`),
  KEY `elements_archived_dateCreated_idx` (`archived`,`dateCreated`),
  KEY `elements_archived_dateDeleted_draftId_revisionId_idx` (`archived`,`dateDeleted`,`draftId`,`revisionId`),
  KEY `elements_draftId_fk` (`draftId`),
  KEY `elements_revisionId_fk` (`revisionId`),
  CONSTRAINT `elements_draftId_fk` FOREIGN KEY (`draftId`) REFERENCES `drafts` (`id`) ON DELETE CASCADE,
  CONSTRAINT `elements_fieldLayoutId_fk` FOREIGN KEY (`fieldLayoutId`) REFERENCES `fieldlayouts` (`id`) ON DELETE SET NULL,
  CONSTRAINT `elements_revisionId_fk` FOREIGN KEY (`revisionId`) REFERENCES `revisions` (`id`) ON DELETE CASCADE
) ENGINE=InnoDB AUTO_INCREMENT=326 DEFAULT CHARSET=utf8;
/*!40101 SET character_set_client = @saved_cs_client */;

--
-- Table structure for table `elements_sites`
--

DROP TABLE IF EXISTS `elements_sites`;
/*!40101 SET @saved_cs_client     = @@character_set_client */;
/*!40101 SET character_set_client = utf8 */;
CREATE TABLE `elements_sites` (
  `id` int(11) NOT NULL AUTO_INCREMENT,
  `elementId` int(11) NOT NULL,
  `siteId` int(11) NOT NULL,
  `slug` varchar(255) DEFAULT NULL,
  `uri` varchar(255) DEFAULT NULL,
  `enabled` tinyint(1) NOT NULL DEFAULT '1',
  `dateCreated` datetime NOT NULL,
  `dateUpdated` datetime NOT NULL,
  `uid` char(36) NOT NULL DEFAULT '0',
  PRIMARY KEY (`id`),
  UNIQUE KEY `elements_sites_elementId_siteId_unq_idx` (`elementId`,`siteId`),
  KEY `elements_sites_siteId_idx` (`siteId`),
  KEY `elements_sites_slug_siteId_idx` (`slug`,`siteId`),
  KEY `elements_sites_enabled_idx` (`enabled`),
  KEY `elements_sites_uri_siteId_idx` (`uri`,`siteId`),
  CONSTRAINT `elements_sites_elementId_fk` FOREIGN KEY (`elementId`) REFERENCES `elements` (`id`) ON DELETE CASCADE,
  CONSTRAINT `elements_sites_siteId_fk` FOREIGN KEY (`siteId`) REFERENCES `sites` (`id`) ON DELETE CASCADE ON UPDATE CASCADE
) ENGINE=InnoDB AUTO_INCREMENT=326 DEFAULT CHARSET=utf8;
/*!40101 SET character_set_client = @saved_cs_client */;

--
-- Table structure for table `entries`
--

DROP TABLE IF EXISTS `entries`;
/*!40101 SET @saved_cs_client     = @@character_set_client */;
/*!40101 SET character_set_client = utf8 */;
CREATE TABLE `entries` (
  `id` int(11) NOT NULL,
  `sectionId` int(11) NOT NULL,
  `parentId` int(11) DEFAULT NULL,
  `typeId` int(11) NOT NULL,
  `authorId` int(11) DEFAULT NULL,
  `postDate` datetime DEFAULT NULL,
  `expiryDate` datetime DEFAULT NULL,
  `deletedWithEntryType` tinyint(1) DEFAULT NULL,
  `dateCreated` datetime NOT NULL,
  `dateUpdated` datetime NOT NULL,
  `uid` char(36) NOT NULL DEFAULT '0',
  PRIMARY KEY (`id`),
  KEY `entries_postDate_idx` (`postDate`),
  KEY `entries_expiryDate_idx` (`expiryDate`),
  KEY `entries_authorId_idx` (`authorId`),
  KEY `entries_sectionId_idx` (`sectionId`),
  KEY `entries_typeId_idx` (`typeId`),
  KEY `entries_parentId_fk` (`parentId`),
  CONSTRAINT `entries_authorId_fk` FOREIGN KEY (`authorId`) REFERENCES `users` (`id`) ON DELETE CASCADE,
  CONSTRAINT `entries_id_fk` FOREIGN KEY (`id`) REFERENCES `elements` (`id`) ON DELETE CASCADE,
  CONSTRAINT `entries_parentId_fk` FOREIGN KEY (`parentId`) REFERENCES `entries` (`id`) ON DELETE SET NULL,
  CONSTRAINT `entries_sectionId_fk` FOREIGN KEY (`sectionId`) REFERENCES `sections` (`id`) ON DELETE CASCADE,
  CONSTRAINT `entries_typeId_fk` FOREIGN KEY (`typeId`) REFERENCES `entrytypes` (`id`) ON DELETE CASCADE
) ENGINE=InnoDB DEFAULT CHARSET=utf8;
/*!40101 SET character_set_client = @saved_cs_client */;

--
-- Table structure for table `entrytypes`
--

DROP TABLE IF EXISTS `entrytypes`;
/*!40101 SET @saved_cs_client     = @@character_set_client */;
/*!40101 SET character_set_client = utf8 */;
CREATE TABLE `entrytypes` (
  `id` int(11) NOT NULL AUTO_INCREMENT,
  `sectionId` int(11) NOT NULL,
  `fieldLayoutId` int(11) DEFAULT NULL,
  `name` varchar(255) NOT NULL,
  `handle` varchar(255) NOT NULL,
  `hasTitleField` tinyint(1) NOT NULL DEFAULT '1',
  `titleLabel` varchar(255) DEFAULT 'Title',
  `titleFormat` varchar(255) DEFAULT NULL,
  `sortOrder` smallint(6) unsigned DEFAULT NULL,
  `dateCreated` datetime NOT NULL,
  `dateUpdated` datetime NOT NULL,
  `dateDeleted` datetime DEFAULT NULL,
  `uid` char(36) NOT NULL DEFAULT '0',
  PRIMARY KEY (`id`),
  KEY `entrytypes_name_sectionId_idx` (`name`,`sectionId`),
  KEY `entrytypes_handle_sectionId_idx` (`handle`,`sectionId`),
  KEY `entrytypes_sectionId_idx` (`sectionId`),
  KEY `entrytypes_fieldLayoutId_idx` (`fieldLayoutId`),
  KEY `entrytypes_dateDeleted_idx` (`dateDeleted`),
  CONSTRAINT `entrytypes_fieldLayoutId_fk` FOREIGN KEY (`fieldLayoutId`) REFERENCES `fieldlayouts` (`id`) ON DELETE SET NULL,
  CONSTRAINT `entrytypes_sectionId_fk` FOREIGN KEY (`sectionId`) REFERENCES `sections` (`id`) ON DELETE CASCADE
) ENGINE=InnoDB AUTO_INCREMENT=23 DEFAULT CHARSET=utf8;
/*!40101 SET character_set_client = @saved_cs_client */;

--
-- Table structure for table `fieldgroups`
--

DROP TABLE IF EXISTS `fieldgroups`;
/*!40101 SET @saved_cs_client     = @@character_set_client */;
/*!40101 SET character_set_client = utf8 */;
CREATE TABLE `fieldgroups` (
  `id` int(11) NOT NULL AUTO_INCREMENT,
  `name` varchar(255) NOT NULL,
  `dateCreated` datetime NOT NULL,
  `dateUpdated` datetime NOT NULL,
  `uid` char(36) NOT NULL DEFAULT '0',
  PRIMARY KEY (`id`),
  UNIQUE KEY `fieldgroups_name_unq_idx` (`name`)
) ENGINE=InnoDB AUTO_INCREMENT=5 DEFAULT CHARSET=utf8;
/*!40101 SET character_set_client = @saved_cs_client */;

--
-- Table structure for table `fieldlayoutfields`
--

DROP TABLE IF EXISTS `fieldlayoutfields`;
/*!40101 SET @saved_cs_client     = @@character_set_client */;
/*!40101 SET character_set_client = utf8 */;
CREATE TABLE `fieldlayoutfields` (
  `id` int(11) NOT NULL AUTO_INCREMENT,
  `layoutId` int(11) NOT NULL,
  `tabId` int(11) NOT NULL,
  `fieldId` int(11) NOT NULL,
  `required` tinyint(1) NOT NULL DEFAULT '0',
  `sortOrder` smallint(6) unsigned DEFAULT NULL,
  `dateCreated` datetime NOT NULL,
  `dateUpdated` datetime NOT NULL,
  `uid` char(36) NOT NULL DEFAULT '0',
  PRIMARY KEY (`id`),
  UNIQUE KEY `fieldlayoutfields_layoutId_fieldId_unq_idx` (`layoutId`,`fieldId`),
  KEY `fieldlayoutfields_sortOrder_idx` (`sortOrder`),
  KEY `fieldlayoutfields_tabId_idx` (`tabId`),
  KEY `fieldlayoutfields_fieldId_idx` (`fieldId`),
  CONSTRAINT `fieldlayoutfields_fieldId_fk` FOREIGN KEY (`fieldId`) REFERENCES `fields` (`id`) ON DELETE CASCADE,
  CONSTRAINT `fieldlayoutfields_layoutId_fk` FOREIGN KEY (`layoutId`) REFERENCES `fieldlayouts` (`id`) ON DELETE CASCADE,
  CONSTRAINT `fieldlayoutfields_tabId_fk` FOREIGN KEY (`tabId`) REFERENCES `fieldlayouttabs` (`id`) ON DELETE CASCADE
) ENGINE=InnoDB AUTO_INCREMENT=416 DEFAULT CHARSET=utf8;
/*!40101 SET character_set_client = @saved_cs_client */;

--
-- Table structure for table `fieldlayouts`
--

DROP TABLE IF EXISTS `fieldlayouts`;
/*!40101 SET @saved_cs_client     = @@character_set_client */;
/*!40101 SET character_set_client = utf8 */;
CREATE TABLE `fieldlayouts` (
  `id` int(11) NOT NULL AUTO_INCREMENT,
  `type` varchar(255) NOT NULL,
  `dateCreated` datetime NOT NULL,
  `dateUpdated` datetime NOT NULL,
  `dateDeleted` datetime DEFAULT NULL,
  `uid` char(36) NOT NULL DEFAULT '0',
  PRIMARY KEY (`id`),
  KEY `fieldlayouts_dateDeleted_idx` (`dateDeleted`),
  KEY `fieldlayouts_type_idx` (`type`)
) ENGINE=InnoDB AUTO_INCREMENT=47 DEFAULT CHARSET=utf8;
/*!40101 SET character_set_client = @saved_cs_client */;

--
-- Table structure for table `fieldlayouttabs`
--

DROP TABLE IF EXISTS `fieldlayouttabs`;
/*!40101 SET @saved_cs_client     = @@character_set_client */;
/*!40101 SET character_set_client = utf8 */;
CREATE TABLE `fieldlayouttabs` (
  `id` int(11) NOT NULL AUTO_INCREMENT,
  `layoutId` int(11) NOT NULL,
  `name` varchar(255) NOT NULL,
  `sortOrder` smallint(6) unsigned DEFAULT NULL,
  `dateCreated` datetime NOT NULL,
  `dateUpdated` datetime NOT NULL,
  `uid` char(36) NOT NULL DEFAULT '0',
  PRIMARY KEY (`id`),
  KEY `fieldlayouttabs_sortOrder_idx` (`sortOrder`),
  KEY `fieldlayouttabs_layoutId_idx` (`layoutId`),
  CONSTRAINT `fieldlayouttabs_layoutId_fk` FOREIGN KEY (`layoutId`) REFERENCES `fieldlayouts` (`id`) ON DELETE CASCADE
) ENGINE=InnoDB AUTO_INCREMENT=157 DEFAULT CHARSET=utf8;
/*!40101 SET character_set_client = @saved_cs_client */;

--
-- Table structure for table `fields`
--

DROP TABLE IF EXISTS `fields`;
/*!40101 SET @saved_cs_client     = @@character_set_client */;
/*!40101 SET character_set_client = utf8 */;
CREATE TABLE `fields` (
  `id` int(11) NOT NULL AUTO_INCREMENT,
  `groupId` int(11) DEFAULT NULL,
  `name` varchar(255) NOT NULL,
  `handle` varchar(64) NOT NULL,
  `context` varchar(255) NOT NULL DEFAULT 'global',
  `instructions` text,
  `searchable` tinyint(1) NOT NULL DEFAULT '1',
  `translationMethod` varchar(255) NOT NULL DEFAULT 'none',
  `translationKeyFormat` text,
  `type` varchar(255) NOT NULL,
  `settings` text,
  `dateCreated` datetime NOT NULL,
  `dateUpdated` datetime NOT NULL,
  `uid` char(36) NOT NULL DEFAULT '0',
  PRIMARY KEY (`id`),
  UNIQUE KEY `fields_handle_context_unq_idx` (`handle`,`context`),
  KEY `fields_groupId_idx` (`groupId`),
  KEY `fields_context_idx` (`context`),
  CONSTRAINT `fields_groupId_fk` FOREIGN KEY (`groupId`) REFERENCES `fieldgroups` (`id`) ON DELETE CASCADE
) ENGINE=InnoDB AUTO_INCREMENT=96 DEFAULT CHARSET=utf8;
/*!40101 SET character_set_client = @saved_cs_client */;

--
-- Table structure for table `globalsets`
--

DROP TABLE IF EXISTS `globalsets`;
/*!40101 SET @saved_cs_client     = @@character_set_client */;
/*!40101 SET character_set_client = utf8 */;
CREATE TABLE `globalsets` (
  `id` int(11) NOT NULL AUTO_INCREMENT,
  `name` varchar(255) NOT NULL,
  `handle` varchar(255) NOT NULL,
  `fieldLayoutId` int(11) DEFAULT NULL,
  `dateCreated` datetime NOT NULL,
  `dateUpdated` datetime NOT NULL,
  `uid` char(36) NOT NULL DEFAULT '0',
  PRIMARY KEY (`id`),
  KEY `globalsets_name_idx` (`name`),
  KEY `globalsets_handle_idx` (`handle`),
  KEY `globalsets_fieldLayoutId_idx` (`fieldLayoutId`),
  CONSTRAINT `globalsets_fieldLayoutId_fk` FOREIGN KEY (`fieldLayoutId`) REFERENCES `fieldlayouts` (`id`) ON DELETE SET NULL,
  CONSTRAINT `globalsets_id_fk` FOREIGN KEY (`id`) REFERENCES `elements` (`id`) ON DELETE CASCADE
) ENGINE=InnoDB AUTO_INCREMENT=73 DEFAULT CHARSET=utf8;
/*!40101 SET character_set_client = @saved_cs_client */;

--
-- Table structure for table `gqlschemas`
--

DROP TABLE IF EXISTS `gqlschemas`;
/*!40101 SET @saved_cs_client     = @@character_set_client */;
/*!40101 SET character_set_client = utf8 */;
CREATE TABLE `gqlschemas` (
  `id` int(11) NOT NULL AUTO_INCREMENT,
  `name` varchar(255) NOT NULL,
  `scope` text,
  `isPublic` tinyint(1) NOT NULL DEFAULT '0',
  `dateCreated` datetime NOT NULL,
  `dateUpdated` datetime NOT NULL,
  `uid` char(36) NOT NULL DEFAULT '0',
  PRIMARY KEY (`id`)
) ENGINE=InnoDB DEFAULT CHARSET=utf8;
/*!40101 SET character_set_client = @saved_cs_client */;

--
-- Table structure for table `gqltokens`
--

DROP TABLE IF EXISTS `gqltokens`;
/*!40101 SET @saved_cs_client     = @@character_set_client */;
/*!40101 SET character_set_client = utf8 */;
CREATE TABLE `gqltokens` (
  `id` int(11) NOT NULL AUTO_INCREMENT,
  `name` varchar(255) NOT NULL,
  `accessToken` varchar(255) NOT NULL,
  `enabled` tinyint(1) NOT NULL DEFAULT '1',
  `expiryDate` datetime DEFAULT NULL,
  `lastUsed` datetime DEFAULT NULL,
  `schemaId` int(11) DEFAULT NULL,
  `dateCreated` datetime NOT NULL,
  `dateUpdated` datetime NOT NULL,
  `uid` char(36) NOT NULL DEFAULT '0',
  PRIMARY KEY (`id`),
  UNIQUE KEY `gqltokens_accessToken_unq_idx` (`accessToken`),
  UNIQUE KEY `gqltokens_name_unq_idx` (`name`),
  KEY `gqltokens_schemaId_fk` (`schemaId`),
  CONSTRAINT `gqltokens_schemaId_fk` FOREIGN KEY (`schemaId`) REFERENCES `gqlschemas` (`id`) ON DELETE SET NULL
) ENGINE=InnoDB DEFAULT CHARSET=utf8;
/*!40101 SET character_set_client = @saved_cs_client */;

--
-- Table structure for table `info`
--

DROP TABLE IF EXISTS `info`;
/*!40101 SET @saved_cs_client     = @@character_set_client */;
/*!40101 SET character_set_client = utf8 */;
CREATE TABLE `info` (
  `id` int(11) NOT NULL AUTO_INCREMENT,
  `version` varchar(50) NOT NULL,
  `schemaVersion` varchar(15) NOT NULL,
  `maintenance` tinyint(1) NOT NULL DEFAULT '0',
  `configMap` mediumtext,
  `fieldVersion` char(12) NOT NULL DEFAULT '000000000000',
  `dateCreated` datetime NOT NULL,
  `dateUpdated` datetime NOT NULL,
  `uid` char(36) NOT NULL DEFAULT '0',
  PRIMARY KEY (`id`)
) ENGINE=InnoDB AUTO_INCREMENT=2 DEFAULT CHARSET=utf8;
/*!40101 SET character_set_client = @saved_cs_client */;

--
-- Table structure for table `matrixblocks`
--

DROP TABLE IF EXISTS `matrixblocks`;
/*!40101 SET @saved_cs_client     = @@character_set_client */;
/*!40101 SET character_set_client = utf8 */;
CREATE TABLE `matrixblocks` (
  `id` int(11) NOT NULL,
  `ownerId` int(11) NOT NULL,
  `fieldId` int(11) NOT NULL,
  `typeId` int(11) NOT NULL,
  `sortOrder` smallint(6) unsigned DEFAULT NULL,
  `deletedWithOwner` tinyint(1) DEFAULT NULL,
  `dateCreated` datetime NOT NULL,
  `dateUpdated` datetime NOT NULL,
  `uid` char(36) NOT NULL DEFAULT '0',
  PRIMARY KEY (`id`),
  KEY `matrixblocks_ownerId_idx` (`ownerId`),
  KEY `matrixblocks_fieldId_idx` (`fieldId`),
  KEY `matrixblocks_typeId_idx` (`typeId`),
  KEY `matrixblocks_sortOrder_idx` (`sortOrder`),
  CONSTRAINT `matrixblocks_fieldId_fk` FOREIGN KEY (`fieldId`) REFERENCES `fields` (`id`) ON DELETE CASCADE,
  CONSTRAINT `matrixblocks_id_fk` FOREIGN KEY (`id`) REFERENCES `elements` (`id`) ON DELETE CASCADE,
  CONSTRAINT `matrixblocks_ownerId_fk` FOREIGN KEY (`ownerId`) REFERENCES `elements` (`id`) ON DELETE CASCADE,
  CONSTRAINT `matrixblocks_typeId_fk` FOREIGN KEY (`typeId`) REFERENCES `matrixblocktypes` (`id`) ON DELETE CASCADE
) ENGINE=InnoDB DEFAULT CHARSET=utf8;
/*!40101 SET character_set_client = @saved_cs_client */;

--
-- Table structure for table `matrixblocktypes`
--

DROP TABLE IF EXISTS `matrixblocktypes`;
/*!40101 SET @saved_cs_client     = @@character_set_client */;
/*!40101 SET character_set_client = utf8 */;
CREATE TABLE `matrixblocktypes` (
  `id` int(11) NOT NULL AUTO_INCREMENT,
  `fieldId` int(11) NOT NULL,
  `fieldLayoutId` int(11) DEFAULT NULL,
  `name` varchar(255) NOT NULL,
  `handle` varchar(255) NOT NULL,
  `sortOrder` smallint(6) unsigned DEFAULT NULL,
  `dateCreated` datetime NOT NULL,
  `dateUpdated` datetime NOT NULL,
  `uid` char(36) NOT NULL DEFAULT '0',
  PRIMARY KEY (`id`),
  UNIQUE KEY `matrixblocktypes_name_fieldId_unq_idx` (`name`,`fieldId`),
  UNIQUE KEY `matrixblocktypes_handle_fieldId_unq_idx` (`handle`,`fieldId`),
  KEY `matrixblocktypes_fieldId_idx` (`fieldId`),
  KEY `matrixblocktypes_fieldLayoutId_idx` (`fieldLayoutId`),
  CONSTRAINT `matrixblocktypes_fieldId_fk` FOREIGN KEY (`fieldId`) REFERENCES `fields` (`id`) ON DELETE CASCADE,
  CONSTRAINT `matrixblocktypes_fieldLayoutId_fk` FOREIGN KEY (`fieldLayoutId`) REFERENCES `fieldlayouts` (`id`) ON DELETE SET NULL
) ENGINE=InnoDB AUTO_INCREMENT=20 DEFAULT CHARSET=utf8;
/*!40101 SET character_set_client = @saved_cs_client */;

--
-- Table structure for table `matrixcontent_contentbuilder`
--

DROP TABLE IF EXISTS `matrixcontent_contentbuilder`;
/*!40101 SET @saved_cs_client     = @@character_set_client */;
/*!40101 SET character_set_client = utf8 */;
CREATE TABLE `matrixcontent_contentbuilder` (
  `id` int(11) NOT NULL AUTO_INCREMENT,
  `elementId` int(11) NOT NULL,
  `siteId` int(11) NOT NULL,
  `dateCreated` datetime NOT NULL,
  `dateUpdated` datetime NOT NULL,
  `uid` char(36) NOT NULL DEFAULT '0',
  `field_video_source` varchar(255) DEFAULT NULL,
  `field_video_videoId` text,
  `field_image_briefCopy` text,
  `field_richTextImage_callToActionButton` text,
  `field_richTextImage_heading` text,
  `field_richTextImage_copy` text,
  `field_richText_heading` text,
  `field_richText_callToActionButton` text,
  `field_richText_copy` text,
  `field_blogCards_callToActionButton` text,
  `field_blogCards_heading` text,
  `field_blogCards_copy` text,
  `field_callToActionCards_callToActionButton` text,
  `field_callToActionCards_heading` text,
  `field_callToActionBanner_backgroundColor` varchar(255) DEFAULT NULL,
  `field_callToActionBanner_heading` text,
  `field_callToActionBanner_callToActionButton` text,
  `field_callToActionBanner_copy` text,
  `field_richTextImage_imagePosition` varchar(255) DEFAULT NULL,
  `field_carouselHero_automaticTransition` tinyint(1) DEFAULT NULL,
  `field_standardHero_heading` text,
  `field_standardHero_callToAction` text,
  `field_standardHero_copy` text,
  `field_standardHero_secondaryAction` text,
  `field_standardHero_backgroundColor` varchar(255) DEFAULT NULL,
  `field_boldHero_callToAction` text,
  `field_boldHero_secondaryAction` text,
  `field_boldHero_heading` text,
  `field_boldHero_copy` text,
  `field_pullQuote_author` text,
  `field_pullQuote_quote` text,
  PRIMARY KEY (`id`),
  UNIQUE KEY `matrixcontent_contentbuilder_elementId_siteId_unq_idx` (`elementId`,`siteId`),
  KEY `matrixcontent_contentbuilder_siteId_fk` (`siteId`),
  CONSTRAINT `matrixcontent_contentbuilder_elementId_fk` FOREIGN KEY (`elementId`) REFERENCES `elements` (`id`) ON DELETE CASCADE,
  CONSTRAINT `matrixcontent_contentbuilder_siteId_fk` FOREIGN KEY (`siteId`) REFERENCES `sites` (`id`) ON DELETE CASCADE ON UPDATE CASCADE
) ENGINE=InnoDB AUTO_INCREMENT=42 DEFAULT CHARSET=utf8;
/*!40101 SET character_set_client = @saved_cs_client */;

--
-- Table structure for table `migrations`
--

DROP TABLE IF EXISTS `migrations`;
/*!40101 SET @saved_cs_client     = @@character_set_client */;
/*!40101 SET character_set_client = utf8 */;
CREATE TABLE `migrations` (
  `id` int(11) NOT NULL AUTO_INCREMENT,
  `pluginId` int(11) DEFAULT NULL,
  `type` enum('app','plugin','content') NOT NULL DEFAULT 'app',
  `name` varchar(255) NOT NULL,
  `applyTime` datetime NOT NULL,
  `dateCreated` datetime NOT NULL,
  `dateUpdated` datetime NOT NULL,
  `uid` char(36) NOT NULL DEFAULT '0',
  PRIMARY KEY (`id`),
  KEY `migrations_pluginId_idx` (`pluginId`),
  KEY `migrations_type_pluginId_idx` (`type`,`pluginId`),
  CONSTRAINT `migrations_pluginId_fk` FOREIGN KEY (`pluginId`) REFERENCES `plugins` (`id`) ON DELETE CASCADE
) ENGINE=InnoDB AUTO_INCREMENT=188 DEFAULT CHARSET=utf8;
/*!40101 SET character_set_client = @saved_cs_client */;

--
-- Table structure for table `plugins`
--

DROP TABLE IF EXISTS `plugins`;
/*!40101 SET @saved_cs_client     = @@character_set_client */;
/*!40101 SET character_set_client = utf8 */;
CREATE TABLE `plugins` (
  `id` int(11) NOT NULL AUTO_INCREMENT,
  `handle` varchar(255) NOT NULL,
  `version` varchar(255) NOT NULL,
  `schemaVersion` varchar(255) NOT NULL,
  `licenseKeyStatus` enum('valid','invalid','mismatched','astray','unknown') NOT NULL DEFAULT 'unknown',
  `licensedEdition` varchar(255) DEFAULT NULL,
  `installDate` datetime NOT NULL,
  `dateCreated` datetime NOT NULL,
  `dateUpdated` datetime NOT NULL,
  `uid` char(36) NOT NULL DEFAULT '0',
  PRIMARY KEY (`id`),
  UNIQUE KEY `plugins_handle_unq_idx` (`handle`)
) ENGINE=InnoDB AUTO_INCREMENT=13 DEFAULT CHARSET=utf8;
/*!40101 SET character_set_client = @saved_cs_client */;

--
-- Table structure for table `projectconfig`
--

DROP TABLE IF EXISTS `projectconfig`;
/*!40101 SET @saved_cs_client     = @@character_set_client */;
/*!40101 SET character_set_client = utf8 */;
CREATE TABLE `projectconfig` (
  `path` varchar(255) NOT NULL,
  `value` text NOT NULL,
  PRIMARY KEY (`path`)
) ENGINE=InnoDB DEFAULT CHARSET=utf8;
/*!40101 SET character_set_client = @saved_cs_client */;

--
-- Table structure for table `queue`
--

DROP TABLE IF EXISTS `queue`;
/*!40101 SET @saved_cs_client     = @@character_set_client */;
/*!40101 SET character_set_client = utf8 */;
CREATE TABLE `queue` (
  `id` int(11) NOT NULL AUTO_INCREMENT,
  `channel` varchar(255) NOT NULL DEFAULT 'queue',
  `job` longblob NOT NULL,
  `description` text,
  `timePushed` int(11) NOT NULL,
  `ttr` int(11) NOT NULL,
  `delay` int(11) NOT NULL DEFAULT '0',
  `priority` int(11) unsigned NOT NULL DEFAULT '1024',
  `dateReserved` datetime DEFAULT NULL,
  `timeUpdated` int(11) DEFAULT NULL,
  `progress` smallint(6) NOT NULL DEFAULT '0',
  `progressLabel` varchar(255) DEFAULT NULL,
  `attempt` int(11) DEFAULT NULL,
  `fail` tinyint(1) DEFAULT '0',
  `dateFailed` datetime DEFAULT NULL,
  `error` text,
  PRIMARY KEY (`id`),
  KEY `queue_channel_fail_timeUpdated_timePushed_idx` (`channel`,`fail`,`timeUpdated`,`timePushed`),
  KEY `queue_channel_fail_timeUpdated_delay_idx` (`channel`,`fail`,`timeUpdated`,`delay`)
) ENGINE=InnoDB DEFAULT CHARSET=utf8;
/*!40101 SET character_set_client = @saved_cs_client */;

--
-- Table structure for table `relabel`
--

DROP TABLE IF EXISTS `relabel`;
/*!40101 SET @saved_cs_client     = @@character_set_client */;
/*!40101 SET character_set_client = utf8 */;
CREATE TABLE `relabel` (
  `id` int(11) NOT NULL AUTO_INCREMENT,
  `name` varchar(255) NOT NULL,
  `instructions` varchar(255) NOT NULL,
  `fieldId` int(11) NOT NULL,
  `fieldLayoutId` int(11) NOT NULL,
  `dateCreated` datetime NOT NULL,
  `dateUpdated` datetime NOT NULL,
  `uid` char(36) NOT NULL DEFAULT '0',
  PRIMARY KEY (`id`),
  KEY `relabel_fieldId_fk` (`fieldId`),
  KEY `relabel_fieldLayoutId_fk` (`fieldLayoutId`),
  CONSTRAINT `relabel_fieldId_fk` FOREIGN KEY (`fieldId`) REFERENCES `fields` (`id`) ON DELETE CASCADE,
  CONSTRAINT `relabel_fieldLayoutId_fk` FOREIGN KEY (`fieldLayoutId`) REFERENCES `fieldlayouts` (`id`) ON DELETE CASCADE
) ENGINE=InnoDB AUTO_INCREMENT=14 DEFAULT CHARSET=utf8;
/*!40101 SET character_set_client = @saved_cs_client */;

--
-- Table structure for table `relations`
--

DROP TABLE IF EXISTS `relations`;
/*!40101 SET @saved_cs_client     = @@character_set_client */;
/*!40101 SET character_set_client = utf8 */;
CREATE TABLE `relations` (
  `id` int(11) NOT NULL AUTO_INCREMENT,
  `fieldId` int(11) NOT NULL,
  `sourceId` int(11) NOT NULL,
  `sourceSiteId` int(11) DEFAULT NULL,
  `targetId` int(11) NOT NULL,
  `sortOrder` smallint(6) unsigned DEFAULT NULL,
  `dateCreated` datetime NOT NULL,
  `dateUpdated` datetime NOT NULL,
  `uid` char(36) NOT NULL DEFAULT '0',
  PRIMARY KEY (`id`),
  UNIQUE KEY `relations_fieldId_sourceId_sourceSiteId_targetId_unq_idx` (`fieldId`,`sourceId`,`sourceSiteId`,`targetId`),
  KEY `relations_sourceId_idx` (`sourceId`),
  KEY `relations_targetId_idx` (`targetId`),
  KEY `relations_sourceSiteId_idx` (`sourceSiteId`),
  CONSTRAINT `relations_fieldId_fk` FOREIGN KEY (`fieldId`) REFERENCES `fields` (`id`) ON DELETE CASCADE,
  CONSTRAINT `relations_sourceId_fk` FOREIGN KEY (`sourceId`) REFERENCES `elements` (`id`) ON DELETE CASCADE,
  CONSTRAINT `relations_sourceSiteId_fk` FOREIGN KEY (`sourceSiteId`) REFERENCES `sites` (`id`) ON DELETE CASCADE ON UPDATE CASCADE,
  CONSTRAINT `relations_targetId_fk` FOREIGN KEY (`targetId`) REFERENCES `elements` (`id`) ON DELETE CASCADE
) ENGINE=InnoDB AUTO_INCREMENT=6 DEFAULT CHARSET=utf8;
/*!40101 SET character_set_client = @saved_cs_client */;

--
-- Table structure for table `resourcepaths`
--

DROP TABLE IF EXISTS `resourcepaths`;
/*!40101 SET @saved_cs_client     = @@character_set_client */;
/*!40101 SET character_set_client = utf8 */;
CREATE TABLE `resourcepaths` (
  `hash` varchar(255) NOT NULL,
  `path` varchar(255) NOT NULL,
  PRIMARY KEY (`hash`)
) ENGINE=InnoDB DEFAULT CHARSET=utf8;
/*!40101 SET character_set_client = @saved_cs_client */;

--
-- Table structure for table `revisions`
--

DROP TABLE IF EXISTS `revisions`;
/*!40101 SET @saved_cs_client     = @@character_set_client */;
/*!40101 SET character_set_client = utf8 */;
CREATE TABLE `revisions` (
  `id` int(11) NOT NULL AUTO_INCREMENT,
  `sourceId` int(11) NOT NULL,
  `creatorId` int(11) DEFAULT NULL,
  `num` int(11) NOT NULL,
  `notes` text,
  PRIMARY KEY (`id`),
  UNIQUE KEY `revisions_sourceId_num_unq_idx` (`sourceId`,`num`),
  KEY `revisions_creatorId_fk` (`creatorId`),
  CONSTRAINT `revisions_creatorId_fk` FOREIGN KEY (`creatorId`) REFERENCES `users` (`id`) ON DELETE SET NULL,
  CONSTRAINT `revisions_sourceId_fk` FOREIGN KEY (`sourceId`) REFERENCES `elements` (`id`) ON DELETE CASCADE
) ENGINE=InnoDB AUTO_INCREMENT=86 DEFAULT CHARSET=utf8;
/*!40101 SET character_set_client = @saved_cs_client */;

--
-- Table structure for table `searchindex`
--

DROP TABLE IF EXISTS `searchindex`;
/*!40101 SET @saved_cs_client     = @@character_set_client */;
/*!40101 SET character_set_client = utf8 */;
CREATE TABLE `searchindex` (
  `elementId` int(11) NOT NULL,
  `attribute` varchar(25) NOT NULL,
  `fieldId` int(11) NOT NULL,
  `siteId` int(11) NOT NULL,
  `keywords` text NOT NULL,
  PRIMARY KEY (`elementId`,`attribute`,`fieldId`,`siteId`),
  FULLTEXT KEY `searchindex_keywords_idx` (`keywords`)
) ENGINE=MyISAM DEFAULT CHARSET=utf8;
/*!40101 SET character_set_client = @saved_cs_client */;

--
-- Table structure for table `sections`
--

DROP TABLE IF EXISTS `sections`;
/*!40101 SET @saved_cs_client     = @@character_set_client */;
/*!40101 SET character_set_client = utf8 */;
CREATE TABLE `sections` (
  `id` int(11) NOT NULL AUTO_INCREMENT,
  `structureId` int(11) DEFAULT NULL,
  `name` varchar(255) NOT NULL,
  `handle` varchar(255) NOT NULL,
  `type` enum('single','channel','structure') NOT NULL DEFAULT 'channel',
  `enableVersioning` tinyint(1) NOT NULL DEFAULT '0',
  `propagationMethod` varchar(255) NOT NULL DEFAULT 'all',
  `previewTargets` text,
  `dateCreated` datetime NOT NULL,
  `dateUpdated` datetime NOT NULL,
  `dateDeleted` datetime DEFAULT NULL,
  `uid` char(36) NOT NULL DEFAULT '0',
  PRIMARY KEY (`id`),
  KEY `sections_handle_idx` (`handle`),
  KEY `sections_name_idx` (`name`),
  KEY `sections_structureId_idx` (`structureId`),
  KEY `sections_dateDeleted_idx` (`dateDeleted`),
  CONSTRAINT `sections_structureId_fk` FOREIGN KEY (`structureId`) REFERENCES `structures` (`id`) ON DELETE SET NULL
) ENGINE=InnoDB AUTO_INCREMENT=13 DEFAULT CHARSET=utf8;
/*!40101 SET character_set_client = @saved_cs_client */;

--
-- Table structure for table `sections_sites`
--

DROP TABLE IF EXISTS `sections_sites`;
/*!40101 SET @saved_cs_client     = @@character_set_client */;
/*!40101 SET character_set_client = utf8 */;
CREATE TABLE `sections_sites` (
  `id` int(11) NOT NULL AUTO_INCREMENT,
  `sectionId` int(11) NOT NULL,
  `siteId` int(11) NOT NULL,
  `hasUrls` tinyint(1) NOT NULL DEFAULT '1',
  `uriFormat` text,
  `template` varchar(500) DEFAULT NULL,
  `enabledByDefault` tinyint(1) NOT NULL DEFAULT '1',
  `dateCreated` datetime NOT NULL,
  `dateUpdated` datetime NOT NULL,
  `uid` char(36) NOT NULL DEFAULT '0',
  PRIMARY KEY (`id`),
  UNIQUE KEY `sections_sites_sectionId_siteId_unq_idx` (`sectionId`,`siteId`),
  KEY `sections_sites_siteId_idx` (`siteId`),
  CONSTRAINT `sections_sites_sectionId_fk` FOREIGN KEY (`sectionId`) REFERENCES `sections` (`id`) ON DELETE CASCADE,
  CONSTRAINT `sections_sites_siteId_fk` FOREIGN KEY (`siteId`) REFERENCES `sites` (`id`) ON DELETE CASCADE ON UPDATE CASCADE
) ENGINE=InnoDB AUTO_INCREMENT=13 DEFAULT CHARSET=utf8;
/*!40101 SET character_set_client = @saved_cs_client */;

--
-- Table structure for table `seo_redirects`
--

DROP TABLE IF EXISTS `seo_redirects`;
/*!40101 SET @saved_cs_client     = @@character_set_client */;
/*!40101 SET character_set_client = utf8 */;
CREATE TABLE `seo_redirects` (
  `id` int(11) NOT NULL AUTO_INCREMENT,
  `uri` varchar(255) NOT NULL,
  `to` varchar(255) NOT NULL,
  `type` enum('301','302') NOT NULL,
  `siteId` int(11) DEFAULT NULL,
  `dateCreated` datetime NOT NULL,
  `dateUpdated` datetime NOT NULL,
  `uid` char(36) NOT NULL DEFAULT '0',
  PRIMARY KEY (`id`)
) ENGINE=InnoDB DEFAULT CHARSET=utf8;
/*!40101 SET character_set_client = @saved_cs_client */;

--
-- Table structure for table `seo_sitemap`
--

DROP TABLE IF EXISTS `seo_sitemap`;
/*!40101 SET @saved_cs_client     = @@character_set_client */;
/*!40101 SET character_set_client = utf8 */;
CREATE TABLE `seo_sitemap` (
  `id` int(11) NOT NULL AUTO_INCREMENT,
  `group` enum('sections','categories','customUrls') NOT NULL,
  `url` varchar(255) NOT NULL,
  `frequency` enum('always','hourly','daily','weekly','monthly','yearly','never') NOT NULL,
  `priority` float NOT NULL,
  `enabled` tinyint(1) NOT NULL DEFAULT '0',
  `dateCreated` datetime NOT NULL,
  `dateUpdated` datetime NOT NULL,
  `uid` char(36) NOT NULL DEFAULT '0',
  PRIMARY KEY (`id`)
) ENGINE=InnoDB DEFAULT CHARSET=utf8;
/*!40101 SET character_set_client = @saved_cs_client */;

--
-- Table structure for table `sequences`
--

DROP TABLE IF EXISTS `sequences`;
/*!40101 SET @saved_cs_client     = @@character_set_client */;
/*!40101 SET character_set_client = utf8 */;
CREATE TABLE `sequences` (
  `name` varchar(255) NOT NULL,
  `next` int(11) unsigned NOT NULL DEFAULT '1',
  PRIMARY KEY (`name`)
) ENGINE=InnoDB DEFAULT CHARSET=utf8;
/*!40101 SET character_set_client = @saved_cs_client */;

--
-- Table structure for table `sessions`
--

DROP TABLE IF EXISTS `sessions`;
/*!40101 SET @saved_cs_client     = @@character_set_client */;
/*!40101 SET character_set_client = utf8 */;
CREATE TABLE `sessions` (
  `id` int(11) NOT NULL AUTO_INCREMENT,
  `userId` int(11) NOT NULL,
  `token` char(100) NOT NULL,
  `dateCreated` datetime NOT NULL,
  `dateUpdated` datetime NOT NULL,
  `uid` char(36) NOT NULL DEFAULT '0',
  PRIMARY KEY (`id`),
  KEY `sessions_uid_idx` (`uid`),
  KEY `sessions_token_idx` (`token`),
  KEY `sessions_dateUpdated_idx` (`dateUpdated`),
  KEY `sessions_userId_idx` (`userId`),
  CONSTRAINT `sessions_userId_fk` FOREIGN KEY (`userId`) REFERENCES `users` (`id`) ON DELETE CASCADE
) ENGINE=InnoDB AUTO_INCREMENT=10 DEFAULT CHARSET=utf8;
/*!40101 SET character_set_client = @saved_cs_client */;

--
-- Table structure for table `shunnedmessages`
--

DROP TABLE IF EXISTS `shunnedmessages`;
/*!40101 SET @saved_cs_client     = @@character_set_client */;
/*!40101 SET character_set_client = utf8 */;
CREATE TABLE `shunnedmessages` (
  `id` int(11) NOT NULL AUTO_INCREMENT,
  `userId` int(11) NOT NULL,
  `message` varchar(255) NOT NULL,
  `expiryDate` datetime DEFAULT NULL,
  `dateCreated` datetime NOT NULL,
  `dateUpdated` datetime NOT NULL,
  `uid` char(36) NOT NULL DEFAULT '0',
  PRIMARY KEY (`id`),
  UNIQUE KEY `shunnedmessages_userId_message_unq_idx` (`userId`,`message`),
  CONSTRAINT `shunnedmessages_userId_fk` FOREIGN KEY (`userId`) REFERENCES `users` (`id`) ON DELETE CASCADE
) ENGINE=InnoDB DEFAULT CHARSET=utf8;
/*!40101 SET character_set_client = @saved_cs_client */;

--
-- Table structure for table `sitegroups`
--

DROP TABLE IF EXISTS `sitegroups`;
/*!40101 SET @saved_cs_client     = @@character_set_client */;
/*!40101 SET character_set_client = utf8 */;
CREATE TABLE `sitegroups` (
  `id` int(11) NOT NULL AUTO_INCREMENT,
  `name` varchar(255) NOT NULL,
  `dateCreated` datetime NOT NULL,
  `dateUpdated` datetime NOT NULL,
  `dateDeleted` datetime DEFAULT NULL,
  `uid` char(36) NOT NULL DEFAULT '0',
  PRIMARY KEY (`id`),
  KEY `sitegroups_name_idx` (`name`)
) ENGINE=InnoDB AUTO_INCREMENT=2 DEFAULT CHARSET=utf8;
/*!40101 SET character_set_client = @saved_cs_client */;

--
-- Table structure for table `sites`
--

DROP TABLE IF EXISTS `sites`;
/*!40101 SET @saved_cs_client     = @@character_set_client */;
/*!40101 SET character_set_client = utf8 */;
CREATE TABLE `sites` (
  `id` int(11) NOT NULL AUTO_INCREMENT,
  `groupId` int(11) NOT NULL,
  `primary` tinyint(1) NOT NULL,
  `name` varchar(255) NOT NULL,
  `handle` varchar(255) NOT NULL,
  `language` varchar(12) NOT NULL,
  `hasUrls` tinyint(1) NOT NULL DEFAULT '0',
  `baseUrl` varchar(255) DEFAULT NULL,
  `sortOrder` smallint(6) unsigned DEFAULT NULL,
  `dateCreated` datetime NOT NULL,
  `dateUpdated` datetime NOT NULL,
  `dateDeleted` datetime DEFAULT NULL,
  `uid` char(36) NOT NULL DEFAULT '0',
  PRIMARY KEY (`id`),
  KEY `sites_dateDeleted_idx` (`dateDeleted`),
  KEY `sites_handle_idx` (`handle`),
  KEY `sites_sortOrder_idx` (`sortOrder`),
  KEY `sites_groupId_fk` (`groupId`),
  CONSTRAINT `sites_groupId_fk` FOREIGN KEY (`groupId`) REFERENCES `sitegroups` (`id`) ON DELETE CASCADE
) ENGINE=InnoDB AUTO_INCREMENT=2 DEFAULT CHARSET=utf8;
/*!40101 SET character_set_client = @saved_cs_client */;

--
-- Table structure for table `stc_10_slides`
--

DROP TABLE IF EXISTS `stc_10_slides`;
/*!40101 SET @saved_cs_client     = @@character_set_client */;
/*!40101 SET character_set_client = utf8 */;
CREATE TABLE `stc_10_slides` (
  `id` int(11) NOT NULL AUTO_INCREMENT,
  `elementId` int(11) NOT NULL,
  `siteId` int(11) NOT NULL,
  `dateCreated` datetime NOT NULL,
  `dateUpdated` datetime NOT NULL,
  `uid` char(36) NOT NULL DEFAULT '0',
  `field_heading` text,
  `field_secondaryAction` text,
  `field_callToAction` text,
  `field_copy` text,
  PRIMARY KEY (`id`),
  UNIQUE KEY `stc_10_slides_elementId_siteId_unq_idx` (`elementId`,`siteId`),
  KEY `stc_10_slides_siteId_idx` (`siteId`),
  CONSTRAINT `stc_10_slides_elementId_fk` FOREIGN KEY (`elementId`) REFERENCES `elements` (`id`) ON DELETE CASCADE,
  CONSTRAINT `stc_10_slides_siteId_fk` FOREIGN KEY (`siteId`) REFERENCES `sites` (`id`) ON DELETE CASCADE ON UPDATE CASCADE
) ENGINE=InnoDB AUTO_INCREMENT=6 DEFAULT CHARSET=utf8;
/*!40101 SET character_set_client = @saved_cs_client */;

--
-- Table structure for table `stc_8_cards`
--

DROP TABLE IF EXISTS `stc_8_cards`;
/*!40101 SET @saved_cs_client     = @@character_set_client */;
/*!40101 SET character_set_client = utf8 */;
CREATE TABLE `stc_8_cards` (
  `id` int(11) NOT NULL AUTO_INCREMENT,
  `elementId` int(11) NOT NULL,
  `siteId` int(11) NOT NULL,
  `dateCreated` datetime NOT NULL,
  `dateUpdated` datetime NOT NULL,
  `uid` char(36) NOT NULL DEFAULT '0',
  `field_heading` text,
  `field_briefCopy` text,
  PRIMARY KEY (`id`),
  UNIQUE KEY `stc_8_cards_elementId_siteId_unq_idx` (`elementId`,`siteId`),
  KEY `stc_8_cards_siteId_idx` (`siteId`),
  CONSTRAINT `stc_8_cards_elementId_fk` FOREIGN KEY (`elementId`) REFERENCES `elements` (`id`) ON DELETE CASCADE,
  CONSTRAINT `stc_8_cards_siteId_fk` FOREIGN KEY (`siteId`) REFERENCES `sites` (`id`) ON DELETE CASCADE ON UPDATE CASCADE
) ENGINE=InnoDB AUTO_INCREMENT=2 DEFAULT CHARSET=utf8;
/*!40101 SET character_set_client = @saved_cs_client */;

--
-- Table structure for table `structureelements`
--

DROP TABLE IF EXISTS `structureelements`;
/*!40101 SET @saved_cs_client     = @@character_set_client */;
/*!40101 SET character_set_client = utf8 */;
CREATE TABLE `structureelements` (
  `id` int(11) NOT NULL AUTO_INCREMENT,
  `structureId` int(11) NOT NULL,
  `elementId` int(11) DEFAULT NULL,
  `root` int(11) unsigned DEFAULT NULL,
  `lft` int(11) unsigned NOT NULL,
  `rgt` int(11) unsigned NOT NULL,
  `level` smallint(6) unsigned NOT NULL,
  `dateCreated` datetime NOT NULL,
  `dateUpdated` datetime NOT NULL,
  `uid` char(36) NOT NULL DEFAULT '0',
  PRIMARY KEY (`id`),
  UNIQUE KEY `structureelements_structureId_elementId_unq_idx` (`structureId`,`elementId`),
  KEY `structureelements_root_idx` (`root`),
  KEY `structureelements_lft_idx` (`lft`),
  KEY `structureelements_rgt_idx` (`rgt`),
  KEY `structureelements_level_idx` (`level`),
  KEY `structureelements_elementId_idx` (`elementId`),
  CONSTRAINT `structureelements_elementId_fk` FOREIGN KEY (`elementId`) REFERENCES `elements` (`id`) ON DELETE CASCADE,
  CONSTRAINT `structureelements_structureId_fk` FOREIGN KEY (`structureId`) REFERENCES `structures` (`id`) ON DELETE CASCADE
) ENGINE=InnoDB AUTO_INCREMENT=184 DEFAULT CHARSET=utf8;
/*!40101 SET character_set_client = @saved_cs_client */;

--
-- Table structure for table `structures`
--

DROP TABLE IF EXISTS `structures`;
/*!40101 SET @saved_cs_client     = @@character_set_client */;
/*!40101 SET character_set_client = utf8 */;
CREATE TABLE `structures` (
  `id` int(11) NOT NULL AUTO_INCREMENT,
  `maxLevels` smallint(6) unsigned DEFAULT NULL,
  `dateCreated` datetime NOT NULL,
  `dateUpdated` datetime NOT NULL,
  `dateDeleted` datetime DEFAULT NULL,
  `uid` char(36) NOT NULL DEFAULT '0',
  PRIMARY KEY (`id`),
  KEY `structures_dateDeleted_idx` (`dateDeleted`)
) ENGINE=InnoDB AUTO_INCREMENT=6 DEFAULT CHARSET=utf8;
/*!40101 SET character_set_client = @saved_cs_client */;

--
-- Table structure for table `supertableblocks`
--

DROP TABLE IF EXISTS `supertableblocks`;
/*!40101 SET @saved_cs_client     = @@character_set_client */;
/*!40101 SET character_set_client = utf8 */;
CREATE TABLE `supertableblocks` (
  `id` int(11) NOT NULL,
  `ownerId` int(11) NOT NULL,
  `fieldId` int(11) NOT NULL,
  `typeId` int(11) NOT NULL,
  `sortOrder` smallint(6) unsigned DEFAULT NULL,
  `deletedWithOwner` tinyint(1) DEFAULT NULL,
  `dateCreated` datetime NOT NULL,
  `dateUpdated` datetime NOT NULL,
  `uid` char(36) NOT NULL DEFAULT '0',
  PRIMARY KEY (`id`),
  KEY `supertableblocks_ownerId_idx` (`ownerId`),
  KEY `supertableblocks_fieldId_idx` (`fieldId`),
  KEY `supertableblocks_typeId_idx` (`typeId`),
  KEY `supertableblocks_sortOrder_idx` (`sortOrder`),
  CONSTRAINT `supertableblocks_fieldId_fk` FOREIGN KEY (`fieldId`) REFERENCES `fields` (`id`) ON DELETE CASCADE,
  CONSTRAINT `supertableblocks_id_fk` FOREIGN KEY (`id`) REFERENCES `elements` (`id`) ON DELETE CASCADE,
  CONSTRAINT `supertableblocks_ownerId_fk` FOREIGN KEY (`ownerId`) REFERENCES `elements` (`id`) ON DELETE CASCADE,
  CONSTRAINT `supertableblocks_typeId_fk` FOREIGN KEY (`typeId`) REFERENCES `supertableblocktypes` (`id`) ON DELETE CASCADE
) ENGINE=InnoDB DEFAULT CHARSET=utf8;
/*!40101 SET character_set_client = @saved_cs_client */;

--
-- Table structure for table `supertableblocktypes`
--

DROP TABLE IF EXISTS `supertableblocktypes`;
/*!40101 SET @saved_cs_client     = @@character_set_client */;
/*!40101 SET character_set_client = utf8 */;
CREATE TABLE `supertableblocktypes` (
  `id` int(11) NOT NULL AUTO_INCREMENT,
  `fieldId` int(11) NOT NULL,
  `fieldLayoutId` int(11) DEFAULT NULL,
  `dateCreated` datetime NOT NULL,
  `dateUpdated` datetime NOT NULL,
  `uid` char(36) NOT NULL DEFAULT '0',
  PRIMARY KEY (`id`),
  KEY `supertableblocktypes_fieldId_idx` (`fieldId`),
  KEY `supertableblocktypes_fieldLayoutId_idx` (`fieldLayoutId`),
  CONSTRAINT `supertableblocktypes_fieldId_fk` FOREIGN KEY (`fieldId`) REFERENCES `fields` (`id`) ON DELETE CASCADE,
  CONSTRAINT `supertableblocktypes_fieldLayoutId_fk` FOREIGN KEY (`fieldLayoutId`) REFERENCES `fieldlayouts` (`id`) ON DELETE SET NULL
) ENGINE=InnoDB AUTO_INCREMENT=3 DEFAULT CHARSET=utf8;
/*!40101 SET character_set_client = @saved_cs_client */;

--
-- Table structure for table `systemmessages`
--

DROP TABLE IF EXISTS `systemmessages`;
/*!40101 SET @saved_cs_client     = @@character_set_client */;
/*!40101 SET character_set_client = utf8 */;
CREATE TABLE `systemmessages` (
  `id` int(11) NOT NULL AUTO_INCREMENT,
  `language` varchar(255) NOT NULL,
  `key` varchar(255) NOT NULL,
  `subject` text NOT NULL,
  `body` text NOT NULL,
  `dateCreated` datetime NOT NULL,
  `dateUpdated` datetime NOT NULL,
  `uid` char(36) NOT NULL DEFAULT '0',
  PRIMARY KEY (`id`),
  UNIQUE KEY `systemmessages_key_language_unq_idx` (`key`,`language`),
  KEY `systemmessages_language_idx` (`language`)
) ENGINE=InnoDB DEFAULT CHARSET=utf8;
/*!40101 SET character_set_client = @saved_cs_client */;

--
-- Table structure for table `taggroups`
--

DROP TABLE IF EXISTS `taggroups`;
/*!40101 SET @saved_cs_client     = @@character_set_client */;
/*!40101 SET character_set_client = utf8 */;
CREATE TABLE `taggroups` (
  `id` int(11) NOT NULL AUTO_INCREMENT,
  `name` varchar(255) NOT NULL,
  `handle` varchar(255) NOT NULL,
  `fieldLayoutId` int(11) DEFAULT NULL,
  `dateCreated` datetime NOT NULL,
  `dateUpdated` datetime NOT NULL,
  `dateDeleted` datetime DEFAULT NULL,
  `uid` char(36) NOT NULL DEFAULT '0',
  PRIMARY KEY (`id`),
  KEY `taggroups_name_idx` (`name`),
  KEY `taggroups_handle_idx` (`handle`),
  KEY `taggroups_dateDeleted_idx` (`dateDeleted`),
  KEY `taggroups_fieldLayoutId_fk` (`fieldLayoutId`),
  CONSTRAINT `taggroups_fieldLayoutId_fk` FOREIGN KEY (`fieldLayoutId`) REFERENCES `fieldlayouts` (`id`) ON DELETE SET NULL
) ENGINE=InnoDB DEFAULT CHARSET=utf8;
/*!40101 SET character_set_client = @saved_cs_client */;

--
-- Table structure for table `tags`
--

DROP TABLE IF EXISTS `tags`;
/*!40101 SET @saved_cs_client     = @@character_set_client */;
/*!40101 SET character_set_client = utf8 */;
CREATE TABLE `tags` (
  `id` int(11) NOT NULL,
  `groupId` int(11) NOT NULL,
  `deletedWithGroup` tinyint(1) DEFAULT NULL,
  `dateCreated` datetime NOT NULL,
  `dateUpdated` datetime NOT NULL,
  `uid` char(36) NOT NULL DEFAULT '0',
  PRIMARY KEY (`id`),
  KEY `tags_groupId_idx` (`groupId`),
  CONSTRAINT `tags_groupId_fk` FOREIGN KEY (`groupId`) REFERENCES `taggroups` (`id`) ON DELETE CASCADE,
  CONSTRAINT `tags_id_fk` FOREIGN KEY (`id`) REFERENCES `elements` (`id`) ON DELETE CASCADE
) ENGINE=InnoDB DEFAULT CHARSET=utf8;
/*!40101 SET character_set_client = @saved_cs_client */;

--
-- Table structure for table `templatecacheelements`
--

DROP TABLE IF EXISTS `templatecacheelements`;
/*!40101 SET @saved_cs_client     = @@character_set_client */;
/*!40101 SET character_set_client = utf8 */;
CREATE TABLE `templatecacheelements` (
  `cacheId` int(11) NOT NULL,
  `elementId` int(11) NOT NULL,
  KEY `templatecacheelements_cacheId_idx` (`cacheId`),
  KEY `templatecacheelements_elementId_idx` (`elementId`),
  CONSTRAINT `templatecacheelements_cacheId_fk` FOREIGN KEY (`cacheId`) REFERENCES `templatecaches` (`id`) ON DELETE CASCADE,
  CONSTRAINT `templatecacheelements_elementId_fk` FOREIGN KEY (`elementId`) REFERENCES `elements` (`id`) ON DELETE CASCADE
) ENGINE=InnoDB DEFAULT CHARSET=utf8;
/*!40101 SET character_set_client = @saved_cs_client */;

--
-- Table structure for table `templatecachequeries`
--

DROP TABLE IF EXISTS `templatecachequeries`;
/*!40101 SET @saved_cs_client     = @@character_set_client */;
/*!40101 SET character_set_client = utf8 */;
CREATE TABLE `templatecachequeries` (
  `id` int(11) NOT NULL AUTO_INCREMENT,
  `cacheId` int(11) NOT NULL,
  `type` varchar(255) NOT NULL,
  `query` longtext NOT NULL,
  PRIMARY KEY (`id`),
  KEY `templatecachequeries_cacheId_idx` (`cacheId`),
  KEY `templatecachequeries_type_idx` (`type`),
  CONSTRAINT `templatecachequeries_cacheId_fk` FOREIGN KEY (`cacheId`) REFERENCES `templatecaches` (`id`) ON DELETE CASCADE
) ENGINE=InnoDB DEFAULT CHARSET=utf8;
/*!40101 SET character_set_client = @saved_cs_client */;

--
-- Table structure for table `templatecaches`
--

DROP TABLE IF EXISTS `templatecaches`;
/*!40101 SET @saved_cs_client     = @@character_set_client */;
/*!40101 SET character_set_client = utf8 */;
CREATE TABLE `templatecaches` (
  `id` int(11) NOT NULL AUTO_INCREMENT,
  `siteId` int(11) NOT NULL,
  `cacheKey` varchar(255) NOT NULL,
  `path` varchar(255) DEFAULT NULL,
  `expiryDate` datetime NOT NULL,
  `body` mediumtext NOT NULL,
  PRIMARY KEY (`id`),
  KEY `templatecaches_cacheKey_siteId_expiryDate_path_idx` (`cacheKey`,`siteId`,`expiryDate`,`path`),
  KEY `templatecaches_cacheKey_siteId_expiryDate_idx` (`cacheKey`,`siteId`,`expiryDate`),
  KEY `templatecaches_siteId_idx` (`siteId`),
  CONSTRAINT `templatecaches_siteId_fk` FOREIGN KEY (`siteId`) REFERENCES `sites` (`id`) ON DELETE CASCADE ON UPDATE CASCADE
) ENGINE=InnoDB DEFAULT CHARSET=utf8;
/*!40101 SET character_set_client = @saved_cs_client */;

--
-- Table structure for table `tokens`
--

DROP TABLE IF EXISTS `tokens`;
/*!40101 SET @saved_cs_client     = @@character_set_client */;
/*!40101 SET character_set_client = utf8 */;
CREATE TABLE `tokens` (
  `id` int(11) NOT NULL AUTO_INCREMENT,
  `token` char(32) NOT NULL,
  `route` text,
  `usageLimit` tinyint(3) unsigned DEFAULT NULL,
  `usageCount` tinyint(3) unsigned DEFAULT NULL,
  `expiryDate` datetime NOT NULL,
  `dateCreated` datetime NOT NULL,
  `dateUpdated` datetime NOT NULL,
  `uid` char(36) NOT NULL DEFAULT '0',
  PRIMARY KEY (`id`),
  UNIQUE KEY `tokens_token_unq_idx` (`token`),
  KEY `tokens_expiryDate_idx` (`expiryDate`)
) ENGINE=InnoDB DEFAULT CHARSET=utf8;
/*!40101 SET character_set_client = @saved_cs_client */;

--
-- Table structure for table `usergroups`
--

DROP TABLE IF EXISTS `usergroups`;
/*!40101 SET @saved_cs_client     = @@character_set_client */;
/*!40101 SET character_set_client = utf8 */;
CREATE TABLE `usergroups` (
  `id` int(11) NOT NULL AUTO_INCREMENT,
  `name` varchar(255) NOT NULL,
  `handle` varchar(255) NOT NULL,
  `dateCreated` datetime NOT NULL,
  `dateUpdated` datetime NOT NULL,
  `uid` char(36) NOT NULL DEFAULT '0',
  PRIMARY KEY (`id`),
  UNIQUE KEY `usergroups_handle_unq_idx` (`handle`),
  UNIQUE KEY `usergroups_name_unq_idx` (`name`)
) ENGINE=InnoDB DEFAULT CHARSET=utf8;
/*!40101 SET character_set_client = @saved_cs_client */;

--
-- Table structure for table `usergroups_users`
--

DROP TABLE IF EXISTS `usergroups_users`;
/*!40101 SET @saved_cs_client     = @@character_set_client */;
/*!40101 SET character_set_client = utf8 */;
CREATE TABLE `usergroups_users` (
  `id` int(11) NOT NULL AUTO_INCREMENT,
  `groupId` int(11) NOT NULL,
  `userId` int(11) NOT NULL,
  `dateCreated` datetime NOT NULL,
  `dateUpdated` datetime NOT NULL,
  `uid` char(36) NOT NULL DEFAULT '0',
  PRIMARY KEY (`id`),
  UNIQUE KEY `usergroups_users_groupId_userId_unq_idx` (`groupId`,`userId`),
  KEY `usergroups_users_userId_idx` (`userId`),
  CONSTRAINT `usergroups_users_groupId_fk` FOREIGN KEY (`groupId`) REFERENCES `usergroups` (`id`) ON DELETE CASCADE,
  CONSTRAINT `usergroups_users_userId_fk` FOREIGN KEY (`userId`) REFERENCES `users` (`id`) ON DELETE CASCADE
) ENGINE=InnoDB DEFAULT CHARSET=utf8;
/*!40101 SET character_set_client = @saved_cs_client */;

--
-- Table structure for table `userpermissions`
--

DROP TABLE IF EXISTS `userpermissions`;
/*!40101 SET @saved_cs_client     = @@character_set_client */;
/*!40101 SET character_set_client = utf8 */;
CREATE TABLE `userpermissions` (
  `id` int(11) NOT NULL AUTO_INCREMENT,
  `name` varchar(255) NOT NULL,
  `dateCreated` datetime NOT NULL,
  `dateUpdated` datetime NOT NULL,
  `uid` char(36) NOT NULL DEFAULT '0',
  PRIMARY KEY (`id`),
  UNIQUE KEY `userpermissions_name_unq_idx` (`name`)
) ENGINE=InnoDB DEFAULT CHARSET=utf8;
/*!40101 SET character_set_client = @saved_cs_client */;

--
-- Table structure for table `userpermissions_usergroups`
--

DROP TABLE IF EXISTS `userpermissions_usergroups`;
/*!40101 SET @saved_cs_client     = @@character_set_client */;
/*!40101 SET character_set_client = utf8 */;
CREATE TABLE `userpermissions_usergroups` (
  `id` int(11) NOT NULL AUTO_INCREMENT,
  `permissionId` int(11) NOT NULL,
  `groupId` int(11) NOT NULL,
  `dateCreated` datetime NOT NULL,
  `dateUpdated` datetime NOT NULL,
  `uid` char(36) NOT NULL DEFAULT '0',
  PRIMARY KEY (`id`),
  UNIQUE KEY `userpermissions_usergroups_permissionId_groupId_unq_idx` (`permissionId`,`groupId`),
  KEY `userpermissions_usergroups_groupId_idx` (`groupId`),
  CONSTRAINT `userpermissions_usergroups_groupId_fk` FOREIGN KEY (`groupId`) REFERENCES `usergroups` (`id`) ON DELETE CASCADE,
  CONSTRAINT `userpermissions_usergroups_permissionId_fk` FOREIGN KEY (`permissionId`) REFERENCES `userpermissions` (`id`) ON DELETE CASCADE
) ENGINE=InnoDB DEFAULT CHARSET=utf8;
/*!40101 SET character_set_client = @saved_cs_client */;

--
-- Table structure for table `userpermissions_users`
--

DROP TABLE IF EXISTS `userpermissions_users`;
/*!40101 SET @saved_cs_client     = @@character_set_client */;
/*!40101 SET character_set_client = utf8 */;
CREATE TABLE `userpermissions_users` (
  `id` int(11) NOT NULL AUTO_INCREMENT,
  `permissionId` int(11) NOT NULL,
  `userId` int(11) NOT NULL,
  `dateCreated` datetime NOT NULL,
  `dateUpdated` datetime NOT NULL,
  `uid` char(36) NOT NULL DEFAULT '0',
  PRIMARY KEY (`id`),
  UNIQUE KEY `userpermissions_users_permissionId_userId_unq_idx` (`permissionId`,`userId`),
  KEY `userpermissions_users_userId_idx` (`userId`),
  CONSTRAINT `userpermissions_users_permissionId_fk` FOREIGN KEY (`permissionId`) REFERENCES `userpermissions` (`id`) ON DELETE CASCADE,
  CONSTRAINT `userpermissions_users_userId_fk` FOREIGN KEY (`userId`) REFERENCES `users` (`id`) ON DELETE CASCADE
) ENGINE=InnoDB DEFAULT CHARSET=utf8;
/*!40101 SET character_set_client = @saved_cs_client */;

--
-- Table structure for table `userpreferences`
--

DROP TABLE IF EXISTS `userpreferences`;
/*!40101 SET @saved_cs_client     = @@character_set_client */;
/*!40101 SET character_set_client = utf8 */;
CREATE TABLE `userpreferences` (
  `userId` int(11) NOT NULL AUTO_INCREMENT,
  `preferences` text,
  PRIMARY KEY (`userId`),
  CONSTRAINT `userpreferences_userId_fk` FOREIGN KEY (`userId`) REFERENCES `users` (`id`) ON DELETE CASCADE
) ENGINE=InnoDB AUTO_INCREMENT=2 DEFAULT CHARSET=utf8;
/*!40101 SET character_set_client = @saved_cs_client */;

--
-- Table structure for table `users`
--

DROP TABLE IF EXISTS `users`;
/*!40101 SET @saved_cs_client     = @@character_set_client */;
/*!40101 SET character_set_client = utf8 */;
CREATE TABLE `users` (
  `id` int(11) NOT NULL,
  `username` varchar(100) NOT NULL,
  `photoId` int(11) DEFAULT NULL,
  `firstName` varchar(100) DEFAULT NULL,
  `lastName` varchar(100) DEFAULT NULL,
  `email` varchar(255) NOT NULL,
  `password` varchar(255) DEFAULT NULL,
  `admin` tinyint(1) NOT NULL DEFAULT '0',
  `locked` tinyint(1) NOT NULL DEFAULT '0',
  `suspended` tinyint(1) NOT NULL DEFAULT '0',
  `pending` tinyint(1) NOT NULL DEFAULT '0',
  `lastLoginDate` datetime DEFAULT NULL,
  `lastLoginAttemptIp` varchar(45) DEFAULT NULL,
  `invalidLoginWindowStart` datetime DEFAULT NULL,
  `invalidLoginCount` tinyint(3) unsigned DEFAULT NULL,
  `lastInvalidLoginDate` datetime DEFAULT NULL,
  `lockoutDate` datetime DEFAULT NULL,
  `hasDashboard` tinyint(1) NOT NULL DEFAULT '0',
  `verificationCode` varchar(255) DEFAULT NULL,
  `verificationCodeIssuedDate` datetime DEFAULT NULL,
  `unverifiedEmail` varchar(255) DEFAULT NULL,
  `passwordResetRequired` tinyint(1) NOT NULL DEFAULT '0',
  `lastPasswordChangeDate` datetime DEFAULT NULL,
  `dateCreated` datetime NOT NULL,
  `dateUpdated` datetime NOT NULL,
  `uid` char(36) NOT NULL DEFAULT '0',
  PRIMARY KEY (`id`),
  KEY `users_uid_idx` (`uid`),
  KEY `users_verificationCode_idx` (`verificationCode`),
  KEY `users_email_idx` (`email`),
  KEY `users_username_idx` (`username`),
  KEY `users_photoId_fk` (`photoId`),
  CONSTRAINT `users_id_fk` FOREIGN KEY (`id`) REFERENCES `elements` (`id`) ON DELETE CASCADE,
  CONSTRAINT `users_photoId_fk` FOREIGN KEY (`photoId`) REFERENCES `assets` (`id`) ON DELETE SET NULL
) ENGINE=InnoDB DEFAULT CHARSET=utf8;
/*!40101 SET character_set_client = @saved_cs_client */;

--
-- Table structure for table `volumefolders`
--

DROP TABLE IF EXISTS `volumefolders`;
/*!40101 SET @saved_cs_client     = @@character_set_client */;
/*!40101 SET character_set_client = utf8 */;
CREATE TABLE `volumefolders` (
  `id` int(11) NOT NULL AUTO_INCREMENT,
  `parentId` int(11) DEFAULT NULL,
  `volumeId` int(11) DEFAULT NULL,
  `name` varchar(255) NOT NULL,
  `path` varchar(255) DEFAULT NULL,
  `dateCreated` datetime NOT NULL,
  `dateUpdated` datetime NOT NULL,
  `uid` char(36) NOT NULL DEFAULT '0',
  PRIMARY KEY (`id`),
  UNIQUE KEY `volumefolders_name_parentId_volumeId_unq_idx` (`name`,`parentId`,`volumeId`),
  KEY `volumefolders_parentId_idx` (`parentId`),
  KEY `volumefolders_volumeId_idx` (`volumeId`),
  CONSTRAINT `volumefolders_parentId_fk` FOREIGN KEY (`parentId`) REFERENCES `volumefolders` (`id`) ON DELETE CASCADE,
  CONSTRAINT `volumefolders_volumeId_fk` FOREIGN KEY (`volumeId`) REFERENCES `volumes` (`id`) ON DELETE CASCADE
) ENGINE=InnoDB AUTO_INCREMENT=4 DEFAULT CHARSET=utf8;
/*!40101 SET character_set_client = @saved_cs_client */;

--
-- Table structure for table `volumes`
--

DROP TABLE IF EXISTS `volumes`;
/*!40101 SET @saved_cs_client     = @@character_set_client */;
/*!40101 SET character_set_client = utf8 */;
CREATE TABLE `volumes` (
  `id` int(11) NOT NULL AUTO_INCREMENT,
  `fieldLayoutId` int(11) DEFAULT NULL,
  `name` varchar(255) NOT NULL,
  `handle` varchar(255) NOT NULL,
  `type` varchar(255) NOT NULL,
  `hasUrls` tinyint(1) NOT NULL DEFAULT '1',
  `url` varchar(255) DEFAULT NULL,
  `settings` text,
  `sortOrder` smallint(6) unsigned DEFAULT NULL,
  `dateCreated` datetime NOT NULL,
  `dateUpdated` datetime NOT NULL,
  `dateDeleted` datetime DEFAULT NULL,
  `uid` char(36) NOT NULL DEFAULT '0',
  PRIMARY KEY (`id`),
  KEY `volumes_name_idx` (`name`),
  KEY `volumes_handle_idx` (`handle`),
  KEY `volumes_fieldLayoutId_idx` (`fieldLayoutId`),
  KEY `volumes_dateDeleted_idx` (`dateDeleted`),
  CONSTRAINT `volumes_fieldLayoutId_fk` FOREIGN KEY (`fieldLayoutId`) REFERENCES `fieldlayouts` (`id`) ON DELETE SET NULL
) ENGINE=InnoDB AUTO_INCREMENT=2 DEFAULT CHARSET=utf8;
/*!40101 SET character_set_client = @saved_cs_client */;

--
-- Table structure for table `widgets`
--

DROP TABLE IF EXISTS `widgets`;
/*!40101 SET @saved_cs_client     = @@character_set_client */;
/*!40101 SET character_set_client = utf8 */;
CREATE TABLE `widgets` (
  `id` int(11) NOT NULL AUTO_INCREMENT,
  `userId` int(11) NOT NULL,
  `type` varchar(255) NOT NULL,
  `sortOrder` smallint(6) unsigned DEFAULT NULL,
  `colspan` tinyint(3) DEFAULT NULL,
  `settings` text,
  `enabled` tinyint(1) NOT NULL DEFAULT '1',
  `dateCreated` datetime NOT NULL,
  `dateUpdated` datetime NOT NULL,
  `uid` char(36) NOT NULL DEFAULT '0',
  PRIMARY KEY (`id`),
  KEY `widgets_userId_idx` (`userId`),
  CONSTRAINT `widgets_userId_fk` FOREIGN KEY (`userId`) REFERENCES `users` (`id`) ON DELETE CASCADE
) ENGINE=InnoDB AUTO_INCREMENT=5 DEFAULT CHARSET=utf8;
/*!40101 SET character_set_client = @saved_cs_client */;

--
-- Dumping routines for database 'craft_boilerplate'
--
/*!40103 SET TIME_ZONE=@OLD_TIME_ZONE */;

/*!40101 SET SQL_MODE=@OLD_SQL_MODE */;
/*!40014 SET FOREIGN_KEY_CHECKS=@OLD_FOREIGN_KEY_CHECKS */;
/*!40014 SET UNIQUE_CHECKS=@OLD_UNIQUE_CHECKS */;
/*!40101 SET CHARACTER_SET_CLIENT=@OLD_CHARACTER_SET_CLIENT */;
/*!40101 SET CHARACTER_SET_RESULTS=@OLD_CHARACTER_SET_RESULTS */;
/*!40101 SET COLLATION_CONNECTION=@OLD_COLLATION_CONNECTION */;
/*!40111 SET SQL_NOTES=@OLD_SQL_NOTES */;

-- Dump completed on 2020-04-12 19:01:35
-- MySQL dump 10.13  Distrib 5.7.29, for Linux (x86_64)
--
-- Host: localhost    Database: craft_boilerplate
-- ------------------------------------------------------
-- Server version	5.7.29-0ubuntu0.18.04.1

/*!40101 SET @OLD_CHARACTER_SET_CLIENT=@@CHARACTER_SET_CLIENT */;
/*!40101 SET @OLD_CHARACTER_SET_RESULTS=@@CHARACTER_SET_RESULTS */;
/*!40101 SET @OLD_COLLATION_CONNECTION=@@COLLATION_CONNECTION */;
/*!40101 SET NAMES utf8 */;
/*!40103 SET @OLD_TIME_ZONE=@@TIME_ZONE */;
/*!40103 SET TIME_ZONE='+00:00' */;
/*!40014 SET @OLD_UNIQUE_CHECKS=@@UNIQUE_CHECKS, UNIQUE_CHECKS=0 */;
/*!40014 SET @OLD_FOREIGN_KEY_CHECKS=@@FOREIGN_KEY_CHECKS, FOREIGN_KEY_CHECKS=0 */;
/*!40101 SET @OLD_SQL_MODE=@@SQL_MODE, SQL_MODE='NO_AUTO_VALUE_ON_ZERO' */;
/*!40111 SET @OLD_SQL_NOTES=@@SQL_NOTES, SQL_NOTES=0 */;

--
-- Dumping data for table `assets`
--

LOCK TABLES `assets` WRITE;
/*!40000 ALTER TABLE `assets` DISABLE KEYS */;
set autocommit=0;
INSERT INTO `assets` VALUES (239,1,1,1,'logo.png','image',500,168,12275,NULL,NULL,NULL,'2020-03-28 15:08:45','2020-03-28 15:08:45','2020-03-28 15:08:45','ccb03820-066d-4f09-bd9c-21c9e17bfb5e');
/*!40000 ALTER TABLE `assets` ENABLE KEYS */;
UNLOCK TABLES;
commit;

--
-- Dumping data for table `assettransforms`
--

LOCK TABLES `assettransforms` WRITE;
/*!40000 ALTER TABLE `assettransforms` DISABLE KEYS */;
set autocommit=0;
/*!40000 ALTER TABLE `assettransforms` ENABLE KEYS */;
UNLOCK TABLES;
commit;

--
-- Dumping data for table `categories`
--

LOCK TABLES `categories` WRITE;
/*!40000 ALTER TABLE `categories` DISABLE KEYS */;
set autocommit=0;
/*!40000 ALTER TABLE `categories` ENABLE KEYS */;
UNLOCK TABLES;
commit;

--
-- Dumping data for table `categorygroups`
--

LOCK TABLES `categorygroups` WRITE;
/*!40000 ALTER TABLE `categorygroups` DISABLE KEYS */;
set autocommit=0;
INSERT INTO `categorygroups` VALUES (1,4,NULL,'Blog Categories','blogCategories','2020-03-21 13:07:20','2020-03-21 13:08:22',NULL,'b95bb343-4e19-404d-bcec-952a2d7ab08e');
/*!40000 ALTER TABLE `categorygroups` ENABLE KEYS */;
UNLOCK TABLES;
commit;

--
-- Dumping data for table `categorygroups_sites`
--

LOCK TABLES `categorygroups_sites` WRITE;
/*!40000 ALTER TABLE `categorygroups_sites` DISABLE KEYS */;
set autocommit=0;
INSERT INTO `categorygroups_sites` VALUES (1,1,1,0,NULL,NULL,'2020-03-21 13:07:20','2020-03-21 13:07:20','9d0b8664-0149-48d4-9e82-c11a72ea2ee7');
/*!40000 ALTER TABLE `categorygroups_sites` ENABLE KEYS */;
UNLOCK TABLES;
commit;

--
-- Dumping data for table `changedattributes`
--

LOCK TABLES `changedattributes` WRITE;
/*!40000 ALTER TABLE `changedattributes` DISABLE KEYS */;
set autocommit=0;
INSERT INTO `changedattributes` VALUES (148,1,'title','2020-04-02 14:17:21',0,1);
/*!40000 ALTER TABLE `changedattributes` ENABLE KEYS */;
UNLOCK TABLES;
commit;

--
-- Dumping data for table `changedfields`
--

LOCK TABLES `changedfields` WRITE;
/*!40000 ALTER TABLE `changedfields` DISABLE KEYS */;
set autocommit=0;
INSERT INTO `changedfields` VALUES (85,1,3,'2020-03-27 11:10:25',0,1),(108,1,3,'2020-03-27 12:16:48',0,1),(148,1,3,'2020-04-02 14:17:21',0,1);
/*!40000 ALTER TABLE `changedfields` ENABLE KEYS */;
UNLOCK TABLES;
commit;

--
-- Dumping data for table `content`
--

LOCK TABLES `content` WRITE;
/*!40000 ALTER TABLE `content` DISABLE KEYS */;
set autocommit=0;
INSERT INTO `content` VALUES (1,1,1,NULL,'2020-03-17 13:28:07','2020-03-17 13:28:07','2e4471d0-9d4f-4bad-9e33-3ddccb767441',NULL,NULL,NULL,NULL,NULL,NULL,NULL,NULL,NULL,NULL,NULL,NULL,NULL,NULL,NULL,NULL,NULL,NULL,NULL),(2,2,1,'Homepage','2020-03-19 11:32:39','2020-03-27 10:31:26','ad27bbb1-f5b9-4252-878c-e63beb0196b8','{\"titleRaw\":[],\"descriptionRaw\":\"\",\"keywords\":[],\"score\":\"neutral\",\"social\":{\"twitter\":{\"handle\":null,\"title\":\"Homepage - Boilerplate\",\"imageId\":null,\"description\":\"\"},\"facebook\":{\"handle\":null,\"title\":\"Homepage - Boilerplate\",\"imageId\":null,\"description\":\"\"}},\"advanced\":{\"robots\":[],\"canonical\":null}}',NULL,NULL,NULL,NULL,NULL,NULL,NULL,NULL,NULL,NULL,NULL,NULL,NULL,NULL,NULL,NULL,NULL,NULL),(3,3,1,'Homepage','2020-03-19 11:32:39','2020-03-19 11:32:39','01d869b7-759d-4679-af59-cab0b0286a36','{\"titleRaw\":[],\"descriptionRaw\":\"\",\"keywords\":[],\"score\":\"neutral\",\"social\":{\"twitter\":{\"handle\":null,\"title\":\"Homepage - Boilerplate\",\"imageId\":null,\"description\":\"\"},\"facebook\":{\"handle\":null,\"title\":\"Homepage - Boilerplate\",\"imageId\":null,\"description\":\"\"}},\"advanced\":{\"robots\":[],\"canonical\":null}}',NULL,NULL,NULL,NULL,NULL,NULL,NULL,NULL,NULL,NULL,NULL,NULL,NULL,NULL,NULL,NULL,NULL,NULL),(4,4,1,'Blog','2020-03-19 11:32:39','2020-03-27 10:31:14','21a5a688-6b88-4349-ae94-aad36deb1d1c','{\"titleRaw\":[],\"descriptionRaw\":\"\",\"keywords\":[],\"score\":\"neutral\",\"social\":{\"twitter\":{\"handle\":null,\"title\":\"Blog - Boilerplate\",\"imageId\":null,\"description\":\"\"},\"facebook\":{\"handle\":null,\"title\":\"Blog - Boilerplate\",\"imageId\":null,\"description\":\"\"}},\"advanced\":{\"robots\":[],\"canonical\":null}}',NULL,NULL,NULL,NULL,NULL,NULL,NULL,NULL,NULL,NULL,NULL,NULL,NULL,NULL,NULL,NULL,NULL,NULL),(5,5,1,'Blog','2020-03-19 11:32:39','2020-03-19 11:32:39','07ccd12a-a61f-4875-9b79-283d634dfc24','{\"titleRaw\":[],\"descriptionRaw\":\"\",\"keywords\":[],\"score\":\"neutral\",\"social\":{\"twitter\":{\"handle\":null,\"title\":\"Blog - Boilerplate\",\"imageId\":null,\"description\":\"\"},\"facebook\":{\"handle\":null,\"title\":\"Blog - Boilerplate\",\"imageId\":null,\"description\":\"\"}},\"advanced\":{\"robots\":[],\"canonical\":null}}',NULL,NULL,NULL,NULL,NULL,NULL,NULL,NULL,NULL,NULL,NULL,NULL,NULL,NULL,NULL,NULL,NULL,NULL),(6,6,1,NULL,'2020-03-19 11:32:39','2020-03-28 16:22:25','dccb3f07-b674-4994-b442-370adcb7f5b5',NULL,NULL,NULL,NULL,'Flooop',NULL,NULL,NULL,NULL,'http://twitter.com','http://facebook.com','http://linkedin.com','http://youtube.com','http://instagram.com','http://pinterest.com','http://snapchat.com','http://tumblr.com','http://vimeo.com',NULL),(7,7,1,'Blog','2020-03-19 11:32:40','2020-03-19 11:32:40','11a35101-f2bf-41b8-8be1-ce58133cb371','{\"titleRaw\":[],\"descriptionRaw\":\"\",\"keywords\":[],\"score\":\"neutral\",\"social\":{\"twitter\":{\"handle\":null,\"title\":\"Blog - Boilerplate\",\"imageId\":null,\"description\":\"\"},\"facebook\":{\"handle\":null,\"title\":\"Blog - Boilerplate\",\"imageId\":null,\"description\":\"\"}},\"advanced\":{\"robots\":[],\"canonical\":null}}',NULL,NULL,NULL,NULL,NULL,NULL,NULL,NULL,NULL,NULL,NULL,NULL,NULL,NULL,NULL,NULL,NULL,NULL),(8,8,1,'Homepage','2020-03-19 11:32:40','2020-03-19 11:32:40','be14e577-dd97-4dd8-bed4-74ff2e6e87cf','{\"titleRaw\":[],\"descriptionRaw\":\"\",\"keywords\":[],\"score\":\"neutral\",\"social\":{\"twitter\":{\"handle\":null,\"title\":\"Homepage - Boilerplate\",\"imageId\":null,\"description\":\"\"},\"facebook\":{\"handle\":null,\"title\":\"Homepage - Boilerplate\",\"imageId\":null,\"description\":\"\"}},\"advanced\":{\"robots\":[],\"canonical\":null}}',NULL,NULL,NULL,NULL,NULL,NULL,NULL,NULL,NULL,NULL,NULL,NULL,NULL,NULL,NULL,NULL,NULL,NULL),(9,9,1,NULL,'2020-03-21 12:50:46','2020-03-21 12:51:04','32b6d058-5aac-423b-ac20-ecca8e1750a3','{\"titleRaw\":[],\"descriptionRaw\":\"\",\"keywords\":[],\"score\":\"\",\"social\":{\"twitter\":{\"handle\":null,\"title\":\"- Boilerplate\",\"imageId\":\"\",\"description\":\"\"},\"facebook\":{\"handle\":null,\"title\":\"- Boilerplate\",\"imageId\":\"\",\"description\":\"\"}},\"advanced\":{\"robots\":[],\"canonical\":\"\"}}',NULL,NULL,NULL,NULL,NULL,NULL,NULL,NULL,NULL,NULL,NULL,NULL,NULL,NULL,NULL,NULL,NULL,NULL),(10,10,1,NULL,'2020-03-21 13:34:41','2020-03-21 13:34:50','610c3a5d-d843-4078-a1a3-b77cbdac5a28','{\"titleRaw\":[],\"descriptionRaw\":\"\",\"keywords\":[],\"score\":\"\",\"social\":{\"twitter\":{\"handle\":null,\"title\":\"- Boilerplate\",\"imageId\":\"\",\"description\":\"\"},\"facebook\":{\"handle\":null,\"title\":\"- Boilerplate\",\"imageId\":\"\",\"description\":\"\"}},\"advanced\":{\"robots\":[],\"canonical\":\"\"}}',NULL,NULL,NULL,NULL,NULL,NULL,NULL,0,NULL,NULL,NULL,NULL,NULL,NULL,NULL,NULL,NULL,NULL),(11,11,1,NULL,'2020-03-21 13:55:37','2020-03-21 13:55:55','04f7a8fd-c13a-4728-bd77-1f9c4ba847aa','{\"titleRaw\":[],\"descriptionRaw\":\"\",\"keywords\":[],\"score\":\"\",\"social\":{\"twitter\":{\"handle\":null,\"title\":\"- Boilerplate\",\"imageId\":\"\",\"description\":\"\"},\"facebook\":{\"handle\":null,\"title\":\"- Boilerplate\",\"imageId\":\"\",\"description\":\"\"}},\"advanced\":{\"robots\":[],\"canonical\":\"\"}}',NULL,NULL,NULL,NULL,NULL,NULL,NULL,0,NULL,NULL,NULL,NULL,NULL,NULL,NULL,NULL,NULL,NULL),(12,12,1,NULL,'2020-03-21 13:56:32','2020-03-21 13:56:51','1b0084a1-b54f-4eb1-ba91-691dfcd65090','{\"titleRaw\":[],\"descriptionRaw\":\"\",\"keywords\":[],\"score\":\"\",\"social\":{\"twitter\":{\"handle\":null,\"title\":\"- Boilerplate\",\"imageId\":\"\",\"description\":\"\"},\"facebook\":{\"handle\":null,\"title\":\"- Boilerplate\",\"imageId\":\"\",\"description\":\"\"}},\"advanced\":{\"robots\":[],\"canonical\":\"\"}}',NULL,NULL,NULL,NULL,NULL,NULL,NULL,0,NULL,NULL,NULL,NULL,NULL,NULL,NULL,NULL,NULL,NULL),(13,14,1,NULL,'2020-03-21 14:28:06','2020-03-21 14:28:39','6e0a1abd-74f6-4ac5-9d92-4b0d4f4e2940',NULL,NULL,NULL,NULL,NULL,NULL,NULL,NULL,0,NULL,NULL,NULL,NULL,NULL,NULL,NULL,NULL,NULL,NULL),(14,16,1,NULL,'2020-03-21 14:31:23','2020-03-21 14:40:40','ad490c13-6679-4c36-afb8-39c32a7c0c2e','{\"titleRaw\":[],\"descriptionRaw\":\"\",\"keywords\":[],\"score\":\"\",\"social\":{\"twitter\":{\"handle\":null,\"title\":\"- Boilerplate\",\"imageId\":\"\",\"description\":\"\"},\"facebook\":{\"handle\":null,\"title\":\"- Boilerplate\",\"imageId\":\"\",\"description\":\"\"}},\"advanced\":{\"robots\":[],\"canonical\":\"\"}}',NULL,NULL,NULL,NULL,NULL,NULL,NULL,0,NULL,NULL,NULL,NULL,NULL,NULL,NULL,NULL,NULL,NULL),(15,45,1,NULL,'2020-03-21 14:41:42','2020-03-21 14:41:54','3a924fe1-24ac-410b-aba6-a0aef469c2ed','{\"titleRaw\":[],\"descriptionRaw\":\"\",\"keywords\":[],\"score\":\"\",\"social\":{\"twitter\":{\"handle\":null,\"title\":\"- Boilerplate\",\"imageId\":\"\",\"description\":\"\"},\"facebook\":{\"handle\":null,\"title\":\"- Boilerplate\",\"imageId\":\"\",\"description\":\"\"}},\"advanced\":{\"robots\":[],\"canonical\":\"\"}}',NULL,NULL,NULL,NULL,NULL,NULL,NULL,NULL,NULL,NULL,NULL,NULL,NULL,NULL,NULL,NULL,NULL,NULL),(16,46,1,NULL,'2020-03-21 14:44:16','2020-03-21 14:46:21','61e7b3d9-a205-4f2b-bf34-431f522970c7','{\"titleRaw\":[],\"descriptionRaw\":\"\",\"keywords\":[],\"score\":\"\",\"social\":{\"twitter\":{\"handle\":null,\"title\":\"- Boilerplate\",\"imageId\":\"\",\"description\":\"\"},\"facebook\":{\"handle\":null,\"title\":\"- Boilerplate\",\"imageId\":\"\",\"description\":\"\"}},\"advanced\":{\"robots\":[],\"canonical\":\"\"}}',NULL,NULL,NULL,NULL,NULL,NULL,NULL,NULL,NULL,NULL,NULL,NULL,NULL,NULL,NULL,NULL,NULL,NULL),(17,59,1,NULL,'2020-03-24 18:25:13','2020-03-24 18:25:13','6a8a53f8-3ed2-4a06-a071-df32d65da390',NULL,NULL,NULL,NULL,NULL,NULL,NULL,NULL,NULL,NULL,NULL,NULL,NULL,NULL,NULL,NULL,NULL,NULL,NULL),(18,60,1,NULL,'2020-03-24 18:25:55','2020-03-24 18:27:21','adb3e06a-dcdd-4d2c-a81c-c435657ae613','{\"titleRaw\":[],\"descriptionRaw\":\"\",\"keywords\":[],\"score\":\"\",\"social\":{\"twitter\":{\"handle\":null,\"title\":\"- Boilerplate\",\"imageId\":\"\",\"description\":\"\"},\"facebook\":{\"handle\":null,\"title\":\"- Boilerplate\",\"imageId\":\"\",\"description\":\"\"}},\"advanced\":{\"robots\":[],\"canonical\":\"\"}}',NULL,NULL,NULL,NULL,NULL,NULL,NULL,0,NULL,NULL,NULL,NULL,NULL,NULL,NULL,NULL,NULL,NULL),(19,62,1,NULL,'2020-03-24 18:27:30','2020-03-24 18:27:38','8a2ff5c6-878e-4fdd-b9bc-b9b4a4578c6e','{\"titleRaw\":[],\"descriptionRaw\":\"\",\"keywords\":[],\"score\":\"\",\"social\":{\"twitter\":{\"handle\":null,\"title\":\"- Boilerplate\",\"imageId\":\"\",\"description\":\"\"},\"facebook\":{\"handle\":null,\"title\":\"- Boilerplate\",\"imageId\":\"\",\"description\":\"\"}},\"advanced\":{\"robots\":[],\"canonical\":\"\"}}',NULL,NULL,NULL,NULL,NULL,NULL,NULL,NULL,NULL,NULL,NULL,NULL,NULL,NULL,NULL,NULL,NULL,NULL),(20,63,1,NULL,'2020-03-24 18:29:00','2020-03-24 18:29:00','24c2a23e-3515-4cfa-aef4-d00556c129a2',NULL,NULL,NULL,NULL,NULL,NULL,NULL,NULL,0,NULL,NULL,NULL,NULL,NULL,NULL,NULL,NULL,NULL,NULL),(21,64,1,NULL,'2020-03-24 18:34:23','2020-03-24 18:34:23','a351c1a5-1e26-4238-9b0a-a8729ecb93c5','{\"titleRaw\":[],\"descriptionRaw\":\"\",\"keywords\":[],\"score\":\"neutral\",\"social\":{\"twitter\":{\"handle\":null,\"title\":\" - Boilerplate\",\"imageId\":null,\"description\":\"\"},\"facebook\":{\"handle\":null,\"title\":\" - Boilerplate\",\"imageId\":null,\"description\":\"\"}},\"advanced\":{\"robots\":[],\"canonical\":null}}',NULL,NULL,NULL,NULL,NULL,NULL,NULL,0,NULL,NULL,NULL,NULL,NULL,NULL,NULL,NULL,NULL,NULL),(22,65,1,NULL,'2020-03-24 18:36:18','2020-03-24 18:36:23','9ebe5c67-9fdb-46ad-ba14-de4a137cf9b4','{\"titleRaw\":[],\"descriptionRaw\":\"\",\"keywords\":[],\"score\":\"\",\"social\":{\"twitter\":{\"handle\":null,\"title\":\"- Boilerplate\",\"imageId\":\"\",\"description\":\"\"},\"facebook\":{\"handle\":null,\"title\":\"- Boilerplate\",\"imageId\":\"\",\"description\":\"\"}},\"advanced\":{\"robots\":[],\"canonical\":\"\"}}',NULL,NULL,NULL,NULL,NULL,NULL,NULL,0,NULL,NULL,NULL,NULL,NULL,NULL,NULL,NULL,NULL,NULL),(23,66,1,NULL,'2020-03-24 18:37:50','2020-03-24 18:37:50','72c643f9-d59b-4ad3-af59-767af4be1740','{\"titleRaw\":[],\"descriptionRaw\":\"\",\"keywords\":[],\"score\":\"neutral\",\"social\":{\"twitter\":{\"handle\":null,\"title\":\" - Boilerplate\",\"imageId\":null,\"description\":\"\"},\"facebook\":{\"handle\":null,\"title\":\" - Boilerplate\",\"imageId\":null,\"description\":\"\"}},\"advanced\":{\"robots\":[],\"canonical\":null}}',NULL,NULL,NULL,NULL,NULL,NULL,NULL,0,NULL,NULL,NULL,NULL,NULL,NULL,NULL,NULL,NULL,NULL),(24,67,1,NULL,'2020-03-24 18:38:15','2020-03-24 18:38:15','48750426-ade8-4c75-a24a-c7c3caf295a9',NULL,NULL,'{\"ariaLabel\":null,\"customQuery\":null,\"customText\":null,\"target\":null,\"title\":null,\"type\":null,\"value\":null}',NULL,NULL,NULL,NULL,NULL,NULL,NULL,NULL,NULL,NULL,NULL,NULL,NULL,NULL,NULL,NULL),(25,68,1,NULL,'2020-03-24 18:41:37','2020-03-24 18:41:48','980e26b1-cc2b-42f3-b918-3f2737676372','{\"titleRaw\":[],\"descriptionRaw\":\"\",\"keywords\":[],\"score\":\"\",\"social\":{\"twitter\":{\"handle\":null,\"title\":\"- Boilerplate\",\"imageId\":\"\",\"description\":\"\"},\"facebook\":{\"handle\":null,\"title\":\"- Boilerplate\",\"imageId\":\"\",\"description\":\"\"}},\"advanced\":{\"robots\":[],\"canonical\":\"\"}}',NULL,NULL,NULL,NULL,NULL,NULL,NULL,0,NULL,NULL,NULL,NULL,NULL,NULL,NULL,NULL,NULL,NULL),(26,72,1,NULL,'2020-03-27 10:09:42','2020-03-27 10:09:42','799fe633-ee08-4619-9214-d8712dbc2064',NULL,NULL,NULL,NULL,NULL,NULL,NULL,NULL,NULL,NULL,NULL,NULL,NULL,NULL,NULL,NULL,NULL,NULL,NULL),(27,73,1,'Blog','2020-03-27 10:31:14','2020-03-27 10:31:14','b2c74fea-76ac-4ba9-9eee-7c3b4c43720b','{\"titleRaw\":[],\"descriptionRaw\":\"\",\"keywords\":[],\"score\":\"neutral\",\"social\":{\"twitter\":{\"handle\":null,\"title\":\"Blog - Boilerplate\",\"imageId\":null,\"description\":\"\"},\"facebook\":{\"handle\":null,\"title\":\"Blog - Boilerplate\",\"imageId\":null,\"description\":\"\"}},\"advanced\":{\"robots\":[],\"canonical\":null}}',NULL,NULL,NULL,NULL,NULL,NULL,NULL,NULL,NULL,NULL,NULL,NULL,NULL,NULL,NULL,NULL,NULL,NULL),(28,74,1,'Homepage','2020-03-27 10:31:26','2020-03-27 10:31:26','81ee312a-2499-4d30-b938-13dd17c2528a','{\"titleRaw\":[],\"descriptionRaw\":\"\",\"keywords\":[],\"score\":\"neutral\",\"social\":{\"twitter\":{\"handle\":null,\"title\":\"Homepage - Boilerplate\",\"imageId\":null,\"description\":\"\"},\"facebook\":{\"handle\":null,\"title\":\"Homepage - Boilerplate\",\"imageId\":null,\"description\":\"\"}},\"advanced\":{\"robots\":[],\"canonical\":null}}',NULL,NULL,NULL,NULL,NULL,NULL,NULL,NULL,NULL,NULL,NULL,NULL,NULL,NULL,NULL,NULL,NULL,NULL),(30,76,1,'Performance','2020-03-27 11:01:11','2020-03-27 11:01:11','6e9a081a-e63a-4a6d-8add-a1c657adf33d',NULL,NULL,'{\"ariaLabel\":null,\"customQuery\":null,\"customText\":null,\"target\":null,\"title\":null,\"type\":\"entry\",\"value\":null}',NULL,NULL,NULL,NULL,NULL,NULL,NULL,NULL,NULL,NULL,NULL,NULL,NULL,NULL,NULL,NULL),(31,77,1,'Performance','2020-03-27 11:01:11','2020-03-27 11:01:11','6761730b-c02c-4d28-a46c-141859d60715',NULL,NULL,'{\"ariaLabel\":null,\"customQuery\":null,\"customText\":null,\"target\":null,\"title\":null,\"type\":\"entry\",\"value\":null}',NULL,NULL,NULL,NULL,NULL,NULL,NULL,NULL,NULL,NULL,NULL,NULL,NULL,NULL,NULL,NULL),(33,79,1,'Accessability','2020-03-27 11:01:18','2020-03-27 11:01:18','7493bc7f-de33-42dc-8800-5ebe3f47c02c',NULL,NULL,'{\"ariaLabel\":null,\"customQuery\":null,\"customText\":null,\"target\":null,\"title\":null,\"type\":\"entry\",\"value\":null}',NULL,NULL,NULL,NULL,NULL,NULL,NULL,NULL,NULL,NULL,NULL,NULL,NULL,NULL,NULL,NULL),(34,80,1,'Accessability','2020-03-27 11:01:18','2020-03-27 11:01:18','44913063-e42a-44d0-b9e4-ad572ba1b094',NULL,NULL,'{\"ariaLabel\":null,\"customQuery\":null,\"customText\":null,\"target\":null,\"title\":null,\"type\":\"entry\",\"value\":null}',NULL,NULL,NULL,NULL,NULL,NULL,NULL,NULL,NULL,NULL,NULL,NULL,NULL,NULL,NULL,NULL),(36,82,1,'Case Studies','2020-03-27 11:01:29','2020-03-27 11:01:29','118c45c9-0e42-4c1d-8113-5d741e1ae0c0',NULL,NULL,'{\"ariaLabel\":null,\"customQuery\":null,\"customText\":null,\"target\":null,\"title\":null,\"type\":\"entry\",\"value\":null}',NULL,NULL,NULL,NULL,NULL,NULL,NULL,NULL,NULL,NULL,NULL,NULL,NULL,NULL,NULL,NULL),(37,83,1,'Case Studies','2020-03-27 11:01:29','2020-03-27 11:01:29','c06ccfed-af8a-4ddb-9ddd-94b819ef21e5',NULL,NULL,'{\"ariaLabel\":null,\"customQuery\":null,\"customText\":null,\"target\":null,\"title\":null,\"type\":\"entry\",\"value\":null}',NULL,NULL,NULL,NULL,NULL,NULL,NULL,NULL,NULL,NULL,NULL,NULL,NULL,NULL,NULL,NULL),(39,85,1,'Get Started','2020-03-27 11:01:41','2020-03-27 11:10:25','e388ca42-f628-4f1e-9ee5-f98ae1038795',NULL,NULL,'{\"ariaLabel\":null,\"customQuery\":null,\"customText\":null,\"target\":null,\"title\":null,\"type\":\"entry\",\"value\":null}',NULL,NULL,NULL,NULL,NULL,NULL,NULL,NULL,NULL,NULL,NULL,NULL,NULL,NULL,NULL,NULL),(40,86,1,'Get Started','2020-03-27 11:01:41','2020-03-27 11:01:41','01ce0fdb-0fd8-4fe4-ad0b-a71f1bee9b2e',NULL,NULL,'{\"ariaLabel\":null,\"customQuery\":null,\"customText\":null,\"target\":null,\"title\":null,\"type\":\"entry\",\"value\":null}',NULL,NULL,NULL,NULL,NULL,NULL,NULL,NULL,NULL,NULL,NULL,NULL,NULL,NULL,NULL,NULL),(41,87,1,'Get Started','2020-03-27 11:09:53','2020-03-27 11:09:53','13edbdcb-0de3-4d98-88c4-3a47009441f8',NULL,NULL,'{\"ariaLabel\":null,\"customQuery\":null,\"customText\":null,\"target\":null,\"title\":null,\"type\":\"entry\",\"value\":null}',NULL,NULL,NULL,NULL,NULL,NULL,NULL,NULL,NULL,NULL,NULL,NULL,NULL,NULL,NULL,NULL),(43,89,1,'Page Builder','2020-03-27 11:10:10','2020-03-27 11:10:10','463c0898-12c9-4449-922b-57dcc4859c64',NULL,NULL,'{\"ariaLabel\":null,\"customQuery\":null,\"customText\":null,\"target\":null,\"title\":null,\"type\":\"entry\",\"value\":null}',NULL,NULL,NULL,NULL,NULL,NULL,NULL,NULL,NULL,NULL,NULL,NULL,NULL,NULL,NULL,NULL),(44,90,1,'Page Builder','2020-03-27 11:10:10','2020-03-27 11:10:10','a9c86453-d0f5-4826-b61e-ac3053fee46c',NULL,NULL,'{\"ariaLabel\":null,\"customQuery\":null,\"customText\":null,\"target\":null,\"title\":null,\"type\":\"entry\",\"value\":null}',NULL,NULL,NULL,NULL,NULL,NULL,NULL,NULL,NULL,NULL,NULL,NULL,NULL,NULL,NULL,NULL),(45,91,1,'Get Started','2020-03-27 11:10:25','2020-03-27 11:10:25','55f49287-fb89-431b-a431-3806685f868c',NULL,NULL,'{\"ariaLabel\":null,\"customQuery\":null,\"customText\":null,\"target\":null,\"title\":null,\"type\":\"entry\",\"value\":null}',NULL,NULL,NULL,NULL,NULL,NULL,NULL,NULL,NULL,NULL,NULL,NULL,NULL,NULL,NULL,NULL),(47,93,1,'Offline First','2020-03-27 11:19:19','2020-03-27 11:19:19','4e54d0f9-6dc9-4135-aa77-694c60afea92',NULL,NULL,'{\"ariaLabel\":null,\"customQuery\":null,\"customText\":null,\"target\":null,\"title\":null,\"type\":\"entry\",\"value\":null}',NULL,NULL,NULL,NULL,NULL,NULL,NULL,NULL,NULL,NULL,NULL,NULL,NULL,NULL,NULL,NULL),(48,94,1,'Offline First','2020-03-27 11:19:19','2020-03-27 11:19:19','d7653efd-290b-4f58-bda5-9f94d77e976f',NULL,NULL,'{\"ariaLabel\":null,\"customQuery\":null,\"customText\":null,\"target\":null,\"title\":null,\"type\":\"entry\",\"value\":null}',NULL,NULL,NULL,NULL,NULL,NULL,NULL,NULL,NULL,NULL,NULL,NULL,NULL,NULL,NULL,NULL),(50,96,1,'Built For Speed','2020-03-27 11:19:41','2020-03-27 11:19:41','35fba726-5dda-4122-aef6-bfb999c68bc4',NULL,NULL,'{\"ariaLabel\":null,\"customQuery\":null,\"customText\":null,\"target\":null,\"title\":null,\"type\":\"entry\",\"value\":null}',NULL,NULL,NULL,NULL,NULL,NULL,NULL,NULL,NULL,NULL,NULL,NULL,NULL,NULL,NULL,NULL),(51,97,1,'Built For Speed','2020-03-27 11:19:41','2020-03-27 11:19:41','50c46c1c-4386-4fad-ad99-71c04e3f68a7',NULL,NULL,'{\"ariaLabel\":null,\"customQuery\":null,\"customText\":null,\"target\":null,\"title\":null,\"type\":\"entry\",\"value\":null}',NULL,NULL,NULL,NULL,NULL,NULL,NULL,NULL,NULL,NULL,NULL,NULL,NULL,NULL,NULL,NULL),(53,99,1,'Load Times','2020-03-27 11:20:19','2020-03-27 11:20:19','3c01f1ce-918a-4a02-bf4d-9995c32353ec',NULL,NULL,'{\"ariaLabel\":null,\"customQuery\":null,\"customText\":null,\"target\":null,\"title\":null,\"type\":\"entry\",\"value\":null}',NULL,NULL,NULL,NULL,NULL,NULL,NULL,NULL,NULL,NULL,NULL,NULL,NULL,NULL,NULL,NULL),(54,100,1,'Load Times','2020-03-27 11:20:19','2020-03-27 11:20:19','753c648c-6ac2-426f-b032-e0bd1d68bbc0',NULL,NULL,'{\"ariaLabel\":null,\"customQuery\":null,\"customText\":null,\"target\":null,\"title\":null,\"type\":\"entry\",\"value\":null}',NULL,NULL,NULL,NULL,NULL,NULL,NULL,NULL,NULL,NULL,NULL,NULL,NULL,NULL,NULL,NULL),(56,102,1,'Best Practices','2020-03-27 11:20:28','2020-03-27 11:20:28','abd09d95-71ca-4139-b92e-0a6e92aa4c36',NULL,NULL,'{\"ariaLabel\":null,\"customQuery\":null,\"customText\":null,\"target\":null,\"title\":null,\"type\":\"entry\",\"value\":null}',NULL,NULL,NULL,NULL,NULL,NULL,NULL,NULL,NULL,NULL,NULL,NULL,NULL,NULL,NULL,NULL),(57,103,1,'Best Practices','2020-03-27 11:20:28','2020-03-27 11:20:28','00c566fb-abd1-4f7d-ba05-0729beb15bfb',NULL,NULL,'{\"ariaLabel\":null,\"customQuery\":null,\"customText\":null,\"target\":null,\"title\":null,\"type\":\"entry\",\"value\":null}',NULL,NULL,NULL,NULL,NULL,NULL,NULL,NULL,NULL,NULL,NULL,NULL,NULL,NULL,NULL,NULL),(59,105,1,'Maximizing SEO','2020-03-27 11:20:39','2020-03-27 11:20:39','26af617a-331b-4569-aae6-3000175b66e0',NULL,NULL,'{\"ariaLabel\":null,\"customQuery\":null,\"customText\":null,\"target\":null,\"title\":null,\"type\":\"entry\",\"value\":null}',NULL,NULL,NULL,NULL,NULL,NULL,NULL,NULL,NULL,NULL,NULL,NULL,NULL,NULL,NULL,NULL),(60,106,1,'Maximizing SEO','2020-03-27 11:20:39','2020-03-27 11:20:39','6f2abe9d-5a5d-466d-bdc5-333fbcabbcce',NULL,NULL,'{\"ariaLabel\":null,\"customQuery\":null,\"customText\":null,\"target\":null,\"title\":null,\"type\":\"entry\",\"value\":null}',NULL,NULL,NULL,NULL,NULL,NULL,NULL,NULL,NULL,NULL,NULL,NULL,NULL,NULL,NULL,NULL),(62,108,1,'Custom Entry','2020-03-27 12:16:21','2020-03-27 12:16:48','74b90a5c-c413-4545-b735-95844e25fc40',NULL,NULL,'{\"ariaLabel\":null,\"customQuery\":null,\"customText\":null,\"target\":null,\"title\":null,\"type\":\"entry\",\"value\":null}',NULL,NULL,NULL,NULL,NULL,NULL,NULL,NULL,NULL,NULL,NULL,NULL,NULL,NULL,NULL,NULL),(63,109,1,'Custom Entry','2020-03-27 12:16:21','2020-03-27 12:16:21','31138342-c133-4fd7-8043-fa35b5ec6ad5',NULL,NULL,'{\"ariaLabel\":null,\"customQuery\":null,\"customText\":null,\"target\":null,\"title\":null,\"type\":\"entry\",\"value\":null}',NULL,NULL,NULL,NULL,NULL,NULL,NULL,NULL,NULL,NULL,NULL,NULL,NULL,NULL,NULL,NULL),(65,111,1,'Custom Entry 2','2020-03-27 12:16:32','2020-03-27 12:16:32','96c9e69d-0c12-4467-a541-4b4b412c85c3',NULL,NULL,'{\"ariaLabel\":null,\"customQuery\":null,\"customText\":null,\"target\":null,\"title\":null,\"type\":\"entry\",\"value\":null}',NULL,NULL,NULL,NULL,NULL,NULL,NULL,NULL,NULL,NULL,NULL,NULL,NULL,NULL,NULL,NULL),(66,112,1,'Custom Entry 2','2020-03-27 12:16:32','2020-03-27 12:16:32','cc572e54-6c97-4e80-95ef-dc6f8853fc34',NULL,NULL,'{\"ariaLabel\":null,\"customQuery\":null,\"customText\":null,\"target\":null,\"title\":null,\"type\":\"entry\",\"value\":null}',NULL,NULL,NULL,NULL,NULL,NULL,NULL,NULL,NULL,NULL,NULL,NULL,NULL,NULL,NULL,NULL),(67,113,1,'Custom Entry','2020-03-27 12:16:48','2020-03-27 12:16:48','67acb3a9-930f-4752-9abc-f308691c7f6a',NULL,NULL,'{\"ariaLabel\":null,\"customQuery\":null,\"customText\":null,\"target\":null,\"title\":null,\"type\":\"entry\",\"value\":null}',NULL,NULL,NULL,NULL,NULL,NULL,NULL,NULL,NULL,NULL,NULL,NULL,NULL,NULL,NULL,NULL),(69,115,1,'Child Entry','2020-03-27 12:17:01','2020-03-27 12:17:01','a1622740-b33a-40f0-9065-3510c9f874d4',NULL,NULL,'{\"ariaLabel\":null,\"customQuery\":null,\"customText\":null,\"target\":null,\"title\":null,\"type\":\"entry\",\"value\":null}',NULL,NULL,NULL,NULL,NULL,NULL,NULL,NULL,NULL,NULL,NULL,NULL,NULL,NULL,NULL,NULL),(70,116,1,'Child Entry','2020-03-27 12:17:01','2020-03-27 12:17:01','9b8a045a-7250-480f-95c3-e3a4a8547c8d',NULL,NULL,'{\"ariaLabel\":null,\"customQuery\":null,\"customText\":null,\"target\":null,\"title\":null,\"type\":\"entry\",\"value\":null}',NULL,NULL,NULL,NULL,NULL,NULL,NULL,NULL,NULL,NULL,NULL,NULL,NULL,NULL,NULL,NULL),(72,118,1,'Child Entry','2020-03-27 12:17:13','2020-03-27 12:17:13','dc617a97-e9d3-4f6d-afe6-ace64c6f58ec',NULL,NULL,'{\"ariaLabel\":null,\"customQuery\":null,\"customText\":null,\"target\":null,\"title\":null,\"type\":\"entry\",\"value\":null}',NULL,NULL,NULL,NULL,NULL,NULL,NULL,NULL,NULL,NULL,NULL,NULL,NULL,NULL,NULL,NULL),(73,119,1,'Child Entry','2020-03-27 12:17:13','2020-03-27 12:17:13','3058e7b3-f2c9-4487-a94d-784459c24266',NULL,NULL,'{\"ariaLabel\":null,\"customQuery\":null,\"customText\":null,\"target\":null,\"title\":null,\"type\":\"entry\",\"value\":null}',NULL,NULL,NULL,NULL,NULL,NULL,NULL,NULL,NULL,NULL,NULL,NULL,NULL,NULL,NULL,NULL),(75,121,1,'Child Entry','2020-03-27 12:17:19','2020-03-27 12:17:19','9a11baf9-728c-4bbd-ae9f-e6af850548f3',NULL,NULL,'{\"ariaLabel\":null,\"customQuery\":null,\"customText\":null,\"target\":null,\"title\":null,\"type\":\"entry\",\"value\":null}',NULL,NULL,NULL,NULL,NULL,NULL,NULL,NULL,NULL,NULL,NULL,NULL,NULL,NULL,NULL,NULL),(76,122,1,'Child Entry','2020-03-27 12:17:19','2020-03-27 12:17:19','459ba9c8-4d5d-4d44-8e4e-cf5ff49908c2',NULL,NULL,'{\"ariaLabel\":null,\"customQuery\":null,\"customText\":null,\"target\":null,\"title\":null,\"type\":\"entry\",\"value\":null}',NULL,NULL,NULL,NULL,NULL,NULL,NULL,NULL,NULL,NULL,NULL,NULL,NULL,NULL,NULL,NULL),(77,123,1,'Performance copy','2020-03-27 17:02:06','2020-03-27 17:02:06','6d1605fd-5344-4689-80f4-867b2dd4e612',NULL,NULL,'{\"ariaLabel\":null,\"customQuery\":null,\"customText\":null,\"target\":null,\"title\":null,\"type\":\"entry\",\"value\":null}',NULL,NULL,NULL,NULL,NULL,NULL,NULL,NULL,NULL,NULL,NULL,NULL,NULL,NULL,NULL,NULL),(78,124,1,'Performance copy','2020-03-27 17:02:06','2020-03-27 17:02:06','835acccd-ce2c-4464-ad27-462ceba34bf2',NULL,NULL,'{\"ariaLabel\":null,\"customQuery\":null,\"customText\":null,\"target\":null,\"title\":null,\"type\":\"entry\",\"value\":null}',NULL,NULL,NULL,NULL,NULL,NULL,NULL,NULL,NULL,NULL,NULL,NULL,NULL,NULL,NULL,NULL),(79,125,1,'Offline First copy','2020-03-27 17:02:06','2020-03-27 17:02:06','807fa39c-87dc-48a1-af4f-19a1a3ed0379',NULL,NULL,'{\"ariaLabel\":null,\"customQuery\":null,\"customText\":null,\"target\":null,\"title\":null,\"type\":\"entry\",\"value\":null}',NULL,NULL,NULL,NULL,NULL,NULL,NULL,NULL,NULL,NULL,NULL,NULL,NULL,NULL,NULL,NULL),(80,126,1,'Offline First copy','2020-03-27 17:02:06','2020-03-27 17:02:06','3cc81d4d-2294-4dbf-b828-eaeae823b31e',NULL,NULL,'{\"ariaLabel\":null,\"customQuery\":null,\"customText\":null,\"target\":null,\"title\":null,\"type\":\"entry\",\"value\":null}',NULL,NULL,NULL,NULL,NULL,NULL,NULL,NULL,NULL,NULL,NULL,NULL,NULL,NULL,NULL,NULL),(81,127,1,'Built For Speed copy','2020-03-27 17:02:06','2020-03-27 17:02:06','a7e8fc38-8539-47b7-ba9d-de1ca30dcfd9',NULL,NULL,'{\"ariaLabel\":null,\"customQuery\":null,\"customText\":null,\"target\":null,\"title\":null,\"type\":\"entry\",\"value\":null}',NULL,NULL,NULL,NULL,NULL,NULL,NULL,NULL,NULL,NULL,NULL,NULL,NULL,NULL,NULL,NULL),(82,128,1,'Built For Speed copy','2020-03-27 17:02:06','2020-03-27 17:02:06','4c984706-f12d-4cc5-bf6d-6540faa6b683',NULL,NULL,'{\"ariaLabel\":null,\"customQuery\":null,\"customText\":null,\"target\":null,\"title\":null,\"type\":\"entry\",\"value\":null}',NULL,NULL,NULL,NULL,NULL,NULL,NULL,NULL,NULL,NULL,NULL,NULL,NULL,NULL,NULL,NULL),(83,129,1,'Load Times copy','2020-03-27 17:02:06','2020-03-27 17:02:06','8174acb5-8355-474e-9a1a-2b30adddc73a',NULL,NULL,'{\"ariaLabel\":null,\"customQuery\":null,\"customText\":null,\"target\":null,\"title\":null,\"type\":\"entry\",\"value\":null}',NULL,NULL,NULL,NULL,NULL,NULL,NULL,NULL,NULL,NULL,NULL,NULL,NULL,NULL,NULL,NULL),(84,130,1,'Load Times copy','2020-03-27 17:02:06','2020-03-27 17:02:06','e850efb5-06ab-431c-8525-42242d4c6e84',NULL,NULL,'{\"ariaLabel\":null,\"customQuery\":null,\"customText\":null,\"target\":null,\"title\":null,\"type\":\"entry\",\"value\":null}',NULL,NULL,NULL,NULL,NULL,NULL,NULL,NULL,NULL,NULL,NULL,NULL,NULL,NULL,NULL,NULL),(85,131,1,'Best Practices copy','2020-03-27 17:02:06','2020-03-27 17:02:06','5d57799e-3068-4367-b640-d25d3a8f8f2f',NULL,NULL,'{\"ariaLabel\":null,\"customQuery\":null,\"customText\":null,\"target\":null,\"title\":null,\"type\":\"entry\",\"value\":null}',NULL,NULL,NULL,NULL,NULL,NULL,NULL,NULL,NULL,NULL,NULL,NULL,NULL,NULL,NULL,NULL),(86,132,1,'Best Practices copy','2020-03-27 17:02:06','2020-03-27 17:02:06','92357185-03b2-4aa6-b23c-2dd8afa2744b',NULL,NULL,'{\"ariaLabel\":null,\"customQuery\":null,\"customText\":null,\"target\":null,\"title\":null,\"type\":\"entry\",\"value\":null}',NULL,NULL,NULL,NULL,NULL,NULL,NULL,NULL,NULL,NULL,NULL,NULL,NULL,NULL,NULL,NULL),(87,133,1,'Maximizing SEO copy','2020-03-27 17:02:06','2020-03-27 17:02:06','dbe18068-9374-4830-95b5-98ae05cb07cc',NULL,NULL,'{\"ariaLabel\":null,\"customQuery\":null,\"customText\":null,\"target\":null,\"title\":null,\"type\":\"entry\",\"value\":null}',NULL,NULL,NULL,NULL,NULL,NULL,NULL,NULL,NULL,NULL,NULL,NULL,NULL,NULL,NULL,NULL),(88,134,1,'Maximizing SEO copy','2020-03-27 17:02:06','2020-03-27 17:02:06','2660a9d2-2a18-470e-889e-059b8ad4fee7',NULL,NULL,'{\"ariaLabel\":null,\"customQuery\":null,\"customText\":null,\"target\":null,\"title\":null,\"type\":\"entry\",\"value\":null}',NULL,NULL,NULL,NULL,NULL,NULL,NULL,NULL,NULL,NULL,NULL,NULL,NULL,NULL,NULL,NULL),(89,135,1,'Performance copy','2020-03-27 17:02:09','2020-03-27 17:02:09','3f87a304-7693-4fc0-896d-feee5e4cb17e',NULL,NULL,'{\"ariaLabel\":null,\"customQuery\":null,\"customText\":null,\"target\":null,\"title\":null,\"type\":\"entry\",\"value\":null}',NULL,NULL,NULL,NULL,NULL,NULL,NULL,NULL,NULL,NULL,NULL,NULL,NULL,NULL,NULL,NULL),(90,136,1,'Performance copy','2020-03-27 17:02:09','2020-03-27 17:02:09','9d63007e-95a2-45f8-9dbd-c87d585e146d',NULL,NULL,'{\"ariaLabel\":null,\"customQuery\":null,\"customText\":null,\"target\":null,\"title\":null,\"type\":\"entry\",\"value\":null}',NULL,NULL,NULL,NULL,NULL,NULL,NULL,NULL,NULL,NULL,NULL,NULL,NULL,NULL,NULL,NULL),(91,137,1,'Offline First copy','2020-03-27 17:02:09','2020-03-27 17:02:09','3edff126-d9b7-4461-8e9c-431edeb10397',NULL,NULL,'{\"ariaLabel\":null,\"customQuery\":null,\"customText\":null,\"target\":null,\"title\":null,\"type\":\"entry\",\"value\":null}',NULL,NULL,NULL,NULL,NULL,NULL,NULL,NULL,NULL,NULL,NULL,NULL,NULL,NULL,NULL,NULL),(92,138,1,'Offline First copy','2020-03-27 17:02:09','2020-03-27 17:02:09','8f5e4067-b4d3-4803-a991-c5998bf4c99c',NULL,NULL,'{\"ariaLabel\":null,\"customQuery\":null,\"customText\":null,\"target\":null,\"title\":null,\"type\":\"entry\",\"value\":null}',NULL,NULL,NULL,NULL,NULL,NULL,NULL,NULL,NULL,NULL,NULL,NULL,NULL,NULL,NULL,NULL),(93,139,1,'Built For Speed copy','2020-03-27 17:02:09','2020-03-27 17:02:09','3155fcf6-7a1a-46d1-8cf5-86a968b47ba4',NULL,NULL,'{\"ariaLabel\":null,\"customQuery\":null,\"customText\":null,\"target\":null,\"title\":null,\"type\":\"entry\",\"value\":null}',NULL,NULL,NULL,NULL,NULL,NULL,NULL,NULL,NULL,NULL,NULL,NULL,NULL,NULL,NULL,NULL),(94,140,1,'Built For Speed copy','2020-03-27 17:02:09','2020-03-27 17:02:09','330a9723-fb34-4dba-8710-23e9d75d3ff7',NULL,NULL,'{\"ariaLabel\":null,\"customQuery\":null,\"customText\":null,\"target\":null,\"title\":null,\"type\":\"entry\",\"value\":null}',NULL,NULL,NULL,NULL,NULL,NULL,NULL,NULL,NULL,NULL,NULL,NULL,NULL,NULL,NULL,NULL),(95,141,1,'Load Times copy','2020-03-27 17:02:09','2020-03-27 17:02:09','6ae1f7ea-5e39-49b9-9c40-1684ff28f9a7',NULL,NULL,'{\"ariaLabel\":null,\"customQuery\":null,\"customText\":null,\"target\":null,\"title\":null,\"type\":\"entry\",\"value\":null}',NULL,NULL,NULL,NULL,NULL,NULL,NULL,NULL,NULL,NULL,NULL,NULL,NULL,NULL,NULL,NULL),(96,142,1,'Load Times copy','2020-03-27 17:02:09','2020-03-27 17:02:09','ab61cbde-075b-47f4-80d3-49f573e97fa7',NULL,NULL,'{\"ariaLabel\":null,\"customQuery\":null,\"customText\":null,\"target\":null,\"title\":null,\"type\":\"entry\",\"value\":null}',NULL,NULL,NULL,NULL,NULL,NULL,NULL,NULL,NULL,NULL,NULL,NULL,NULL,NULL,NULL,NULL),(97,143,1,'Best Practices copy','2020-03-27 17:02:09','2020-03-27 17:02:09','cee1a45a-8823-40f6-b951-ed3f5841c890',NULL,NULL,'{\"ariaLabel\":null,\"customQuery\":null,\"customText\":null,\"target\":null,\"title\":null,\"type\":\"entry\",\"value\":null}',NULL,NULL,NULL,NULL,NULL,NULL,NULL,NULL,NULL,NULL,NULL,NULL,NULL,NULL,NULL,NULL),(98,144,1,'Best Practices copy','2020-03-27 17:02:09','2020-03-27 17:02:09','adb6920a-58a7-48d9-a329-5a06a5166297',NULL,NULL,'{\"ariaLabel\":null,\"customQuery\":null,\"customText\":null,\"target\":null,\"title\":null,\"type\":\"entry\",\"value\":null}',NULL,NULL,NULL,NULL,NULL,NULL,NULL,NULL,NULL,NULL,NULL,NULL,NULL,NULL,NULL,NULL),(99,145,1,'Maximizing SEO copy','2020-03-27 17:02:09','2020-03-27 17:02:09','3848970d-d377-4472-b1a5-ca7eb3682127',NULL,NULL,'{\"ariaLabel\":null,\"customQuery\":null,\"customText\":null,\"target\":null,\"title\":null,\"type\":\"entry\",\"value\":null}',NULL,NULL,NULL,NULL,NULL,NULL,NULL,NULL,NULL,NULL,NULL,NULL,NULL,NULL,NULL,NULL),(100,146,1,'Maximizing SEO copy','2020-03-27 17:02:09','2020-03-27 17:02:09','7919f27a-b0da-4245-9579-bb69cea9446f',NULL,NULL,'{\"ariaLabel\":null,\"customQuery\":null,\"customText\":null,\"target\":null,\"title\":null,\"type\":\"entry\",\"value\":null}',NULL,NULL,NULL,NULL,NULL,NULL,NULL,NULL,NULL,NULL,NULL,NULL,NULL,NULL,NULL,NULL),(102,148,1,'hello@page.works','2020-03-28 14:13:11','2020-04-02 14:17:21','7fc249f2-1afc-459c-b639-df30354e5b4d',NULL,NULL,'{\"ariaLabel\":null,\"customQuery\":null,\"customText\":null,\"target\":null,\"title\":null,\"type\":\"email\",\"value\":\"hello@page.works\"}',NULL,NULL,NULL,NULL,NULL,NULL,NULL,NULL,NULL,NULL,NULL,NULL,NULL,NULL,NULL,NULL),(103,149,1,'hello@craftablewebsites.com','2020-03-28 14:13:11','2020-03-28 14:13:11','811250fb-239b-4355-9e11-5ab9bc907c3a',NULL,NULL,'{\"ariaLabel\":null,\"customQuery\":null,\"customText\":null,\"target\":null,\"title\":null,\"type\":\"email\",\"value\":\"hello@craftablewebsites.com\"}',NULL,NULL,NULL,NULL,NULL,NULL,NULL,NULL,NULL,NULL,NULL,NULL,NULL,NULL,NULL,NULL),(105,151,1,'(616) 228-2673','2020-03-28 14:13:38','2020-03-28 14:13:38','33768461-ff1d-4ce9-87c9-12656ddada0c',NULL,NULL,'{\"ariaLabel\":null,\"customQuery\":null,\"customText\":null,\"target\":null,\"title\":null,\"type\":\"tel\",\"value\":\"16162282673\"}',NULL,NULL,NULL,NULL,NULL,NULL,NULL,NULL,NULL,NULL,NULL,NULL,NULL,NULL,NULL,NULL),(106,152,1,'(616) 228-2673','2020-03-28 14:13:38','2020-03-28 14:13:38','ab3c3d97-8349-4b4f-927e-77bf559dd91b',NULL,NULL,'{\"ariaLabel\":null,\"customQuery\":null,\"customText\":null,\"target\":null,\"title\":null,\"type\":\"tel\",\"value\":\"16162282673\"}',NULL,NULL,NULL,NULL,NULL,NULL,NULL,NULL,NULL,NULL,NULL,NULL,NULL,NULL,NULL,NULL),(108,154,1,'Solutions','2020-03-28 14:38:54','2020-03-28 14:38:54','d4a52e87-9b28-4c2a-89b4-c5c1714459cd',NULL,NULL,'{\"ariaLabel\":null,\"customQuery\":null,\"customText\":null,\"target\":null,\"title\":null,\"type\":\"entry\",\"value\":null}',NULL,NULL,NULL,NULL,NULL,NULL,NULL,NULL,NULL,NULL,NULL,NULL,NULL,NULL,NULL,NULL),(109,155,1,'Solutions','2020-03-28 14:38:54','2020-03-28 14:38:54','3581ba79-9599-43cc-8de6-0177811689b0',NULL,NULL,'{\"ariaLabel\":null,\"customQuery\":null,\"customText\":null,\"target\":null,\"title\":null,\"type\":\"entry\",\"value\":null}',NULL,NULL,NULL,NULL,NULL,NULL,NULL,NULL,NULL,NULL,NULL,NULL,NULL,NULL,NULL,NULL),(111,157,1,'Virtual Terminals','2020-03-28 14:39:19','2020-03-28 14:39:19','4f28b846-b29c-45c6-8a90-60b066b1c0cd',NULL,NULL,'{\"ariaLabel\":null,\"customQuery\":null,\"customText\":null,\"target\":null,\"title\":null,\"type\":\"entry\",\"value\":null}',NULL,NULL,NULL,NULL,NULL,NULL,NULL,NULL,NULL,NULL,NULL,NULL,NULL,NULL,NULL,NULL),(112,158,1,'Virtual Terminals','2020-03-28 14:39:19','2020-03-28 14:39:19','2cf2a2ef-f4ed-4615-9fdb-4b46bb6f4644',NULL,NULL,'{\"ariaLabel\":null,\"customQuery\":null,\"customText\":null,\"target\":null,\"title\":null,\"type\":\"entry\",\"value\":null}',NULL,NULL,NULL,NULL,NULL,NULL,NULL,NULL,NULL,NULL,NULL,NULL,NULL,NULL,NULL,NULL),(114,160,1,'Mobile Apps','2020-03-28 14:39:26','2020-03-28 14:39:26','245f0325-857a-4d5d-b80e-2121e5f789d9',NULL,NULL,'{\"ariaLabel\":null,\"customQuery\":null,\"customText\":null,\"target\":null,\"title\":null,\"type\":\"entry\",\"value\":null}',NULL,NULL,NULL,NULL,NULL,NULL,NULL,NULL,NULL,NULL,NULL,NULL,NULL,NULL,NULL,NULL),(115,161,1,'Mobile Apps','2020-03-28 14:39:26','2020-03-28 14:39:26','88e17cad-17a3-4c11-82e2-58567d476b02',NULL,NULL,'{\"ariaLabel\":null,\"customQuery\":null,\"customText\":null,\"target\":null,\"title\":null,\"type\":\"entry\",\"value\":null}',NULL,NULL,NULL,NULL,NULL,NULL,NULL,NULL,NULL,NULL,NULL,NULL,NULL,NULL,NULL,NULL),(117,163,1,'Terminals & Readers','2020-03-28 14:39:36','2020-03-28 14:39:36','96c0aad5-ddef-42bd-a412-10693a242223',NULL,NULL,'{\"ariaLabel\":null,\"customQuery\":null,\"customText\":null,\"target\":null,\"title\":null,\"type\":\"entry\",\"value\":null}',NULL,NULL,NULL,NULL,NULL,NULL,NULL,NULL,NULL,NULL,NULL,NULL,NULL,NULL,NULL,NULL),(118,164,1,'Terminals & Readers','2020-03-28 14:39:36','2020-03-28 14:39:36','5c4edd76-0b8d-4c40-83ff-7690d9b42280',NULL,NULL,'{\"ariaLabel\":null,\"customQuery\":null,\"customText\":null,\"target\":null,\"title\":null,\"type\":\"entry\",\"value\":null}',NULL,NULL,NULL,NULL,NULL,NULL,NULL,NULL,NULL,NULL,NULL,NULL,NULL,NULL,NULL,NULL),(120,166,1,'Point of Sales (POS) Software','2020-03-28 14:39:51','2020-03-28 14:39:51','3f52cb64-097f-4238-a813-0dd038eecd21',NULL,NULL,'{\"ariaLabel\":null,\"customQuery\":null,\"customText\":null,\"target\":null,\"title\":null,\"type\":\"entry\",\"value\":null}',NULL,NULL,NULL,NULL,NULL,NULL,NULL,NULL,NULL,NULL,NULL,NULL,NULL,NULL,NULL,NULL),(121,167,1,'Point of Sales (POS) Software','2020-03-28 14:39:51','2020-03-28 14:39:51','91c0a16c-ab78-4255-91fd-ea6d8c0a489e',NULL,NULL,'{\"ariaLabel\":null,\"customQuery\":null,\"customText\":null,\"target\":null,\"title\":null,\"type\":\"entry\",\"value\":null}',NULL,NULL,NULL,NULL,NULL,NULL,NULL,NULL,NULL,NULL,NULL,NULL,NULL,NULL,NULL,NULL),(123,169,1,'Invoicing','2020-03-28 14:39:57','2020-03-28 14:39:57','ca1719fb-f8ab-4771-86d4-3b139485ba59',NULL,NULL,'{\"ariaLabel\":null,\"customQuery\":null,\"customText\":null,\"target\":null,\"title\":null,\"type\":\"entry\",\"value\":null}',NULL,NULL,NULL,NULL,NULL,NULL,NULL,NULL,NULL,NULL,NULL,NULL,NULL,NULL,NULL,NULL),(124,170,1,'Invoicing','2020-03-28 14:39:57','2020-03-28 14:39:57','f161c370-177e-4bcd-b85b-117353c9c19b',NULL,NULL,'{\"ariaLabel\":null,\"customQuery\":null,\"customText\":null,\"target\":null,\"title\":null,\"type\":\"entry\",\"value\":null}',NULL,NULL,NULL,NULL,NULL,NULL,NULL,NULL,NULL,NULL,NULL,NULL,NULL,NULL,NULL,NULL),(126,172,1,'Recurring & Scheduling Billing','2020-03-28 14:40:16','2020-03-28 14:40:16','f8e6aebd-5db7-429b-aab3-65497940a895',NULL,NULL,'{\"ariaLabel\":null,\"customQuery\":null,\"customText\":null,\"target\":null,\"title\":null,\"type\":\"entry\",\"value\":null}',NULL,NULL,NULL,NULL,NULL,NULL,NULL,NULL,NULL,NULL,NULL,NULL,NULL,NULL,NULL,NULL),(127,173,1,'Recurring & Scheduling Billing','2020-03-28 14:40:16','2020-03-28 14:40:16','a298b973-1547-4ddb-b31f-eb9c9fe91c0d',NULL,NULL,'{\"ariaLabel\":null,\"customQuery\":null,\"customText\":null,\"target\":null,\"title\":null,\"type\":\"entry\",\"value\":null}',NULL,NULL,NULL,NULL,NULL,NULL,NULL,NULL,NULL,NULL,NULL,NULL,NULL,NULL,NULL,NULL),(129,175,1,'API & Integrations','2020-03-28 14:40:29','2020-03-28 14:40:29','e7547c54-b9db-41bd-b44e-0f8832bed880',NULL,NULL,'{\"ariaLabel\":null,\"customQuery\":null,\"customText\":null,\"target\":null,\"title\":null,\"type\":\"entry\",\"value\":null}',NULL,NULL,NULL,NULL,NULL,NULL,NULL,NULL,NULL,NULL,NULL,NULL,NULL,NULL,NULL,NULL),(130,176,1,'API & Integrations','2020-03-28 14:40:29','2020-03-28 14:40:29','9f19b416-fba9-48a9-9b97-6e1bb292ae15',NULL,NULL,'{\"ariaLabel\":null,\"customQuery\":null,\"customText\":null,\"target\":null,\"title\":null,\"type\":\"entry\",\"value\":null}',NULL,NULL,NULL,NULL,NULL,NULL,NULL,NULL,NULL,NULL,NULL,NULL,NULL,NULL,NULL,NULL),(132,178,1,'Enterprise','2020-03-28 14:40:42','2020-03-28 14:40:42','ca0dc051-ab47-42ed-bad3-bdd965e3af66',NULL,NULL,'{\"ariaLabel\":null,\"customQuery\":null,\"customText\":null,\"target\":null,\"title\":null,\"type\":\"entry\",\"value\":null}',NULL,NULL,NULL,NULL,NULL,NULL,NULL,NULL,NULL,NULL,NULL,NULL,NULL,NULL,NULL,NULL),(133,179,1,'Enterprise','2020-03-28 14:40:42','2020-03-28 14:40:42','bd59b902-bb36-4fb3-9624-0cb09242c02f',NULL,NULL,'{\"ariaLabel\":null,\"customQuery\":null,\"customText\":null,\"target\":null,\"title\":null,\"type\":\"entry\",\"value\":null}',NULL,NULL,NULL,NULL,NULL,NULL,NULL,NULL,NULL,NULL,NULL,NULL,NULL,NULL,NULL,NULL),(135,181,1,'Resources','2020-03-28 14:40:52','2020-03-28 14:40:52','092d3d4b-fc8b-4bd5-968d-511067af4a17',NULL,NULL,'{\"ariaLabel\":null,\"customQuery\":null,\"customText\":null,\"target\":null,\"title\":null,\"type\":\"entry\",\"value\":null}',NULL,NULL,NULL,NULL,NULL,NULL,NULL,NULL,NULL,NULL,NULL,NULL,NULL,NULL,NULL,NULL),(136,182,1,'Resources','2020-03-28 14:40:52','2020-03-28 14:40:52','6882ac9a-9b11-4852-bf59-2dfd2588b050',NULL,NULL,'{\"ariaLabel\":null,\"customQuery\":null,\"customText\":null,\"target\":null,\"title\":null,\"type\":\"entry\",\"value\":null}',NULL,NULL,NULL,NULL,NULL,NULL,NULL,NULL,NULL,NULL,NULL,NULL,NULL,NULL,NULL,NULL),(138,184,1,'Cost Calculator','2020-03-28 14:41:08','2020-03-28 14:41:08','7ceb078b-0053-4434-8def-1844909f10eb',NULL,NULL,'{\"ariaLabel\":null,\"customQuery\":null,\"customText\":null,\"target\":null,\"title\":null,\"type\":\"entry\",\"value\":null}',NULL,NULL,NULL,NULL,NULL,NULL,NULL,NULL,NULL,NULL,NULL,NULL,NULL,NULL,NULL,NULL),(139,185,1,'Cost Calculator','2020-03-28 14:41:08','2020-03-28 14:41:08','bca94223-b429-4be5-a7c1-08ff12c2b363',NULL,NULL,'{\"ariaLabel\":null,\"customQuery\":null,\"customText\":null,\"target\":null,\"title\":null,\"type\":\"entry\",\"value\":null}',NULL,NULL,NULL,NULL,NULL,NULL,NULL,NULL,NULL,NULL,NULL,NULL,NULL,NULL,NULL,NULL),(141,187,1,'Interchange Rates','2020-03-28 14:41:18','2020-03-28 14:41:18','e1ee0456-feed-474e-a462-360e343bc41e',NULL,NULL,'{\"ariaLabel\":null,\"customQuery\":null,\"customText\":null,\"target\":null,\"title\":null,\"type\":\"entry\",\"value\":null}',NULL,NULL,NULL,NULL,NULL,NULL,NULL,NULL,NULL,NULL,NULL,NULL,NULL,NULL,NULL,NULL),(142,188,1,'Interchange Rates','2020-03-28 14:41:18','2020-03-28 14:41:18','edfaaa51-d382-4c0a-87c0-19654a83e474',NULL,NULL,'{\"ariaLabel\":null,\"customQuery\":null,\"customText\":null,\"target\":null,\"title\":null,\"type\":\"entry\",\"value\":null}',NULL,NULL,NULL,NULL,NULL,NULL,NULL,NULL,NULL,NULL,NULL,NULL,NULL,NULL,NULL,NULL),(144,190,1,'Developers','2020-03-28 14:41:24','2020-03-28 14:41:24','80cf094e-bad6-4ffd-9480-66eaea49f688',NULL,NULL,'{\"ariaLabel\":null,\"customQuery\":null,\"customText\":null,\"target\":null,\"title\":null,\"type\":\"entry\",\"value\":null}',NULL,NULL,NULL,NULL,NULL,NULL,NULL,NULL,NULL,NULL,NULL,NULL,NULL,NULL,NULL,NULL),(145,191,1,'Developers','2020-03-28 14:41:24','2020-03-28 14:41:24','19f30d72-87ab-4f76-ba46-43c7671f1c00',NULL,NULL,'{\"ariaLabel\":null,\"customQuery\":null,\"customText\":null,\"target\":null,\"title\":null,\"type\":\"entry\",\"value\":null}',NULL,NULL,NULL,NULL,NULL,NULL,NULL,NULL,NULL,NULL,NULL,NULL,NULL,NULL,NULL,NULL),(147,193,1,'Virtual Terminal Demo','2020-03-28 14:41:33','2020-03-28 14:41:33','eee444d1-2b13-45c2-8d40-28f42ebee71a',NULL,NULL,'{\"ariaLabel\":null,\"customQuery\":null,\"customText\":null,\"target\":null,\"title\":null,\"type\":\"entry\",\"value\":null}',NULL,NULL,NULL,NULL,NULL,NULL,NULL,NULL,NULL,NULL,NULL,NULL,NULL,NULL,NULL,NULL),(148,194,1,'Virtual Terminal Demo','2020-03-28 14:41:33','2020-03-28 14:41:33','4070a762-4a47-43c7-917e-73a3affbbc39',NULL,NULL,'{\"ariaLabel\":null,\"customQuery\":null,\"customText\":null,\"target\":null,\"title\":null,\"type\":\"entry\",\"value\":null}',NULL,NULL,NULL,NULL,NULL,NULL,NULL,NULL,NULL,NULL,NULL,NULL,NULL,NULL,NULL,NULL),(150,196,1,'Schedule a Demo','2020-03-28 14:41:43','2020-03-28 14:41:43','9586753d-1531-4316-adac-247146210da8',NULL,NULL,'{\"ariaLabel\":null,\"customQuery\":null,\"customText\":null,\"target\":null,\"title\":null,\"type\":\"entry\",\"value\":null}',NULL,NULL,NULL,NULL,NULL,NULL,NULL,NULL,NULL,NULL,NULL,NULL,NULL,NULL,NULL,NULL),(151,197,1,'Schedule a Demo','2020-03-28 14:41:43','2020-03-28 14:41:43','ee31b618-3407-4d66-be47-6ea54b296a73',NULL,NULL,'{\"ariaLabel\":null,\"customQuery\":null,\"customText\":null,\"target\":null,\"title\":null,\"type\":\"entry\",\"value\":null}',NULL,NULL,NULL,NULL,NULL,NULL,NULL,NULL,NULL,NULL,NULL,NULL,NULL,NULL,NULL,NULL),(152,198,1,NULL,'2020-03-28 14:41:43','2020-03-28 14:41:43','fe3d1925-03a2-4702-b77f-875c7e90e38a',NULL,NULL,'{\"ariaLabel\":null,\"customQuery\":null,\"customText\":null,\"target\":null,\"title\":null,\"type\":null,\"value\":null}',NULL,NULL,NULL,NULL,NULL,NULL,NULL,NULL,NULL,NULL,NULL,NULL,NULL,NULL,NULL,NULL),(154,200,1,'More','2020-03-28 14:41:58','2020-03-28 14:41:58','e890eec9-d70c-44b7-883f-ccdfd779fb3e',NULL,NULL,'{\"ariaLabel\":null,\"customQuery\":null,\"customText\":null,\"target\":null,\"title\":null,\"type\":\"entry\",\"value\":null}',NULL,NULL,NULL,NULL,NULL,NULL,NULL,NULL,NULL,NULL,NULL,NULL,NULL,NULL,NULL,NULL),(155,201,1,'More','2020-03-28 14:41:58','2020-03-28 14:41:58','2304a5da-1f67-4f08-b4b3-50d2515a5d72',NULL,NULL,'{\"ariaLabel\":null,\"customQuery\":null,\"customText\":null,\"target\":null,\"title\":null,\"type\":\"entry\",\"value\":null}',NULL,NULL,NULL,NULL,NULL,NULL,NULL,NULL,NULL,NULL,NULL,NULL,NULL,NULL,NULL,NULL),(157,203,1,'ACH Payments','2020-03-28 14:42:09','2020-03-28 14:42:09','51cb3497-4b9f-43e8-b26e-02a7fdd17fcd',NULL,NULL,'{\"ariaLabel\":null,\"customQuery\":null,\"customText\":null,\"target\":null,\"title\":null,\"type\":\"entry\",\"value\":null}',NULL,NULL,NULL,NULL,NULL,NULL,NULL,NULL,NULL,NULL,NULL,NULL,NULL,NULL,NULL,NULL),(158,204,1,'ACH Payments','2020-03-28 14:42:09','2020-03-28 14:42:09','37959c0c-bdda-4b0d-856b-7f0795e40b5e',NULL,NULL,'{\"ariaLabel\":null,\"customQuery\":null,\"customText\":null,\"target\":null,\"title\":null,\"type\":\"entry\",\"value\":null}',NULL,NULL,NULL,NULL,NULL,NULL,NULL,NULL,NULL,NULL,NULL,NULL,NULL,NULL,NULL,NULL),(160,206,1,'Quickbooks Integration','2020-03-28 14:42:44','2020-03-28 14:42:44','950b87ef-3dfc-47be-99d0-4e964b4f0818',NULL,NULL,'{\"ariaLabel\":null,\"customQuery\":null,\"customText\":null,\"target\":null,\"title\":null,\"type\":\"entry\",\"value\":null}',NULL,NULL,NULL,NULL,NULL,NULL,NULL,NULL,NULL,NULL,NULL,NULL,NULL,NULL,NULL,NULL),(161,207,1,'Quickbooks Integration','2020-03-28 14:42:44','2020-03-28 14:42:44','d9c91d43-eb16-4331-8ef0-35209d15f3f7',NULL,NULL,'{\"ariaLabel\":null,\"customQuery\":null,\"customText\":null,\"target\":null,\"title\":null,\"type\":\"entry\",\"value\":null}',NULL,NULL,NULL,NULL,NULL,NULL,NULL,NULL,NULL,NULL,NULL,NULL,NULL,NULL,NULL,NULL),(163,209,1,'5013c','2020-03-28 14:42:53','2020-03-28 14:42:53','7a040403-f32f-4868-bd32-e3a96d12b869',NULL,NULL,'{\"ariaLabel\":null,\"customQuery\":null,\"customText\":null,\"target\":null,\"title\":null,\"type\":\"entry\",\"value\":null}',NULL,NULL,NULL,NULL,NULL,NULL,NULL,NULL,NULL,NULL,NULL,NULL,NULL,NULL,NULL,NULL),(164,210,1,'5013c','2020-03-28 14:42:53','2020-03-28 14:42:53','c61e58ed-00da-4786-bfc7-c0f9929c9d9b',NULL,NULL,'{\"ariaLabel\":null,\"customQuery\":null,\"customText\":null,\"target\":null,\"title\":null,\"type\":\"entry\",\"value\":null}',NULL,NULL,NULL,NULL,NULL,NULL,NULL,NULL,NULL,NULL,NULL,NULL,NULL,NULL,NULL,NULL),(166,212,1,'Healthcare','2020-03-28 14:43:00','2020-03-28 14:43:00','ae8486cf-7fb1-4c2b-8da9-5f766418b1fa',NULL,NULL,'{\"ariaLabel\":null,\"customQuery\":null,\"customText\":null,\"target\":null,\"title\":null,\"type\":\"entry\",\"value\":null}',NULL,NULL,NULL,NULL,NULL,NULL,NULL,NULL,NULL,NULL,NULL,NULL,NULL,NULL,NULL,NULL),(167,213,1,'Healthcare','2020-03-28 14:43:00','2020-03-28 14:43:00','79a88f04-d9a8-4ac5-b400-a99e6bba2e8e',NULL,NULL,'{\"ariaLabel\":null,\"customQuery\":null,\"customText\":null,\"target\":null,\"title\":null,\"type\":\"entry\",\"value\":null}',NULL,NULL,NULL,NULL,NULL,NULL,NULL,NULL,NULL,NULL,NULL,NULL,NULL,NULL,NULL,NULL),(169,215,1,'Chargeback Prevention','2020-03-28 14:43:12','2020-03-28 14:43:12','c99daf61-c89d-4a02-8e9b-664c0c70e8c6',NULL,NULL,'{\"ariaLabel\":null,\"customQuery\":null,\"customText\":null,\"target\":null,\"title\":null,\"type\":\"entry\",\"value\":null}',NULL,NULL,NULL,NULL,NULL,NULL,NULL,NULL,NULL,NULL,NULL,NULL,NULL,NULL,NULL,NULL),(170,216,1,'Chargeback Prevention','2020-03-28 14:43:12','2020-03-28 14:43:12','f0166f33-d02c-4582-a125-326a05cce132',NULL,NULL,'{\"ariaLabel\":null,\"customQuery\":null,\"customText\":null,\"target\":null,\"title\":null,\"type\":\"entry\",\"value\":null}',NULL,NULL,NULL,NULL,NULL,NULL,NULL,NULL,NULL,NULL,NULL,NULL,NULL,NULL,NULL,NULL),(172,218,1,'Fraud Protection','2020-03-28 14:43:25','2020-03-28 14:43:25','7e8a00d0-f4ab-422a-9a1c-6e2469c0b7b1',NULL,NULL,'{\"ariaLabel\":null,\"customQuery\":null,\"customText\":null,\"target\":null,\"title\":null,\"type\":\"entry\",\"value\":null}',NULL,NULL,NULL,NULL,NULL,NULL,NULL,NULL,NULL,NULL,NULL,NULL,NULL,NULL,NULL,NULL),(173,219,1,'Fraud Protection','2020-03-28 14:43:25','2020-03-28 14:43:25','24f1493b-1c2a-4618-8819-e2f1a7e0478c',NULL,NULL,'{\"ariaLabel\":null,\"customQuery\":null,\"customText\":null,\"target\":null,\"title\":null,\"type\":\"entry\",\"value\":null}',NULL,NULL,NULL,NULL,NULL,NULL,NULL,NULL,NULL,NULL,NULL,NULL,NULL,NULL,NULL,NULL),(175,221,1,'Data Security','2020-03-28 14:43:31','2020-03-28 14:43:31','37997f11-5e93-4bf9-81b1-d31b6adfa28e',NULL,NULL,'{\"ariaLabel\":null,\"customQuery\":null,\"customText\":null,\"target\":null,\"title\":null,\"type\":\"entry\",\"value\":null}',NULL,NULL,NULL,NULL,NULL,NULL,NULL,NULL,NULL,NULL,NULL,NULL,NULL,NULL,NULL,NULL),(176,222,1,'Data Security','2020-03-28 14:43:31','2020-03-28 14:43:31','ed8595e1-b5d6-499a-b7c4-e781be9bfa4b',NULL,NULL,'{\"ariaLabel\":null,\"customQuery\":null,\"customText\":null,\"target\":null,\"title\":null,\"type\":\"entry\",\"value\":null}',NULL,NULL,NULL,NULL,NULL,NULL,NULL,NULL,NULL,NULL,NULL,NULL,NULL,NULL,NULL,NULL),(178,224,1,'Company','2020-03-28 14:43:47','2020-03-28 14:43:47','73a63bb3-9a75-4130-9aff-cb850619c294',NULL,NULL,'{\"ariaLabel\":null,\"customQuery\":null,\"customText\":null,\"target\":null,\"title\":null,\"type\":\"entry\",\"value\":null}',NULL,NULL,NULL,NULL,NULL,NULL,NULL,NULL,NULL,NULL,NULL,NULL,NULL,NULL,NULL,NULL),(179,225,1,'Company','2020-03-28 14:43:47','2020-03-28 14:43:47','8c5e096d-7471-40db-adc4-027b1d04f35b',NULL,NULL,'{\"ariaLabel\":null,\"customQuery\":null,\"customText\":null,\"target\":null,\"title\":null,\"type\":\"entry\",\"value\":null}',NULL,NULL,NULL,NULL,NULL,NULL,NULL,NULL,NULL,NULL,NULL,NULL,NULL,NULL,NULL,NULL),(181,227,1,'About Payline','2020-03-28 14:43:58','2020-03-28 14:43:58','dba1d231-83ed-4c9c-a1b0-8da8e6df79a3',NULL,NULL,'{\"ariaLabel\":null,\"customQuery\":null,\"customText\":null,\"target\":null,\"title\":null,\"type\":\"entry\",\"value\":null}',NULL,NULL,NULL,NULL,NULL,NULL,NULL,NULL,NULL,NULL,NULL,NULL,NULL,NULL,NULL,NULL),(182,228,1,'About Payline','2020-03-28 14:43:58','2020-03-28 14:43:58','a2458e76-47b3-4ef4-9305-a6928314bd92',NULL,NULL,'{\"ariaLabel\":null,\"customQuery\":null,\"customText\":null,\"target\":null,\"title\":null,\"type\":\"entry\",\"value\":null}',NULL,NULL,NULL,NULL,NULL,NULL,NULL,NULL,NULL,NULL,NULL,NULL,NULL,NULL,NULL,NULL),(184,230,1,'Partnerships','2020-03-28 14:44:08','2020-03-28 14:44:08','30ddf18c-33ec-4d87-9575-5ae35e0fc531',NULL,NULL,'{\"ariaLabel\":null,\"customQuery\":null,\"customText\":null,\"target\":null,\"title\":null,\"type\":\"entry\",\"value\":null}',NULL,NULL,NULL,NULL,NULL,NULL,NULL,NULL,NULL,NULL,NULL,NULL,NULL,NULL,NULL,NULL),(185,231,1,'Partnerships','2020-03-28 14:44:08','2020-03-28 14:44:08','08a0381a-12bb-4a78-9887-2882be27ef04',NULL,NULL,'{\"ariaLabel\":null,\"customQuery\":null,\"customText\":null,\"target\":null,\"title\":null,\"type\":\"entry\",\"value\":null}',NULL,NULL,NULL,NULL,NULL,NULL,NULL,NULL,NULL,NULL,NULL,NULL,NULL,NULL,NULL,NULL),(187,233,1,'Careers','2020-03-28 14:44:12','2020-03-28 14:44:12','12ef4327-91d6-4357-89c8-890c1624e113',NULL,NULL,'{\"ariaLabel\":null,\"customQuery\":null,\"customText\":null,\"target\":null,\"title\":null,\"type\":\"entry\",\"value\":null}',NULL,NULL,NULL,NULL,NULL,NULL,NULL,NULL,NULL,NULL,NULL,NULL,NULL,NULL,NULL,NULL),(188,234,1,'Careers','2020-03-28 14:44:12','2020-03-28 14:44:12','4e7002c6-85bf-49fc-bb9a-c94c959e5045',NULL,NULL,'{\"ariaLabel\":null,\"customQuery\":null,\"customText\":null,\"target\":null,\"title\":null,\"type\":\"entry\",\"value\":null}',NULL,NULL,NULL,NULL,NULL,NULL,NULL,NULL,NULL,NULL,NULL,NULL,NULL,NULL,NULL,NULL),(189,235,1,'Test','2020-03-28 15:06:05','2020-03-28 15:06:05','1823845b-0e6d-4bdc-8b88-003a189d58c9','{\"titleRaw\":[],\"descriptionRaw\":\"\",\"keywords\":[],\"score\":\"neutral\",\"social\":{\"twitter\":{\"handle\":null,\"title\":\"Test - Boilerplate\",\"imageId\":null,\"description\":\"\"},\"facebook\":{\"handle\":null,\"title\":\"Test - Boilerplate\",\"imageId\":null,\"description\":\"\"}},\"advanced\":{\"robots\":[],\"canonical\":null}}',NULL,NULL,NULL,NULL,NULL,NULL,NULL,0,NULL,NULL,NULL,NULL,NULL,NULL,NULL,NULL,NULL,NULL),(190,237,1,'Test','2020-03-28 15:06:06','2020-03-28 15:06:06','2d8434eb-3c37-459a-a8e0-4222ddb4350a','{\"titleRaw\":[],\"descriptionRaw\":\"\",\"keywords\":[],\"score\":\"neutral\",\"social\":{\"twitter\":{\"handle\":null,\"title\":\"Test - Boilerplate\",\"imageId\":null,\"description\":\"\"},\"facebook\":{\"handle\":null,\"title\":\"Test - Boilerplate\",\"imageId\":null,\"description\":\"\"}},\"advanced\":{\"robots\":[],\"canonical\":null}}',NULL,NULL,NULL,NULL,NULL,NULL,NULL,0,NULL,NULL,NULL,NULL,NULL,NULL,NULL,NULL,NULL,NULL),(191,239,1,'Logo','2020-03-28 15:08:45','2020-03-28 15:09:02','72145a59-888e-4e5e-a5ce-26d161e4ebec',NULL,'flooop logo',NULL,NULL,NULL,NULL,NULL,NULL,NULL,NULL,NULL,NULL,NULL,NULL,NULL,NULL,NULL,NULL,NULL),(193,242,1,'Full Name','2020-03-29 15:11:35','2020-03-29 15:11:35','76bdcfac-474d-4a70-8c5f-0440e15fd34e',NULL,NULL,NULL,NULL,NULL,NULL,NULL,NULL,NULL,NULL,NULL,NULL,NULL,NULL,NULL,NULL,NULL,NULL,NULL),(194,243,1,'Full Name','2020-03-29 15:11:35','2020-03-29 15:11:35','2582e393-52b5-45e2-adc7-4edc322ab92e',NULL,NULL,NULL,NULL,NULL,NULL,NULL,NULL,NULL,NULL,NULL,NULL,NULL,NULL,NULL,NULL,NULL,NULL,NULL),(195,247,1,'Email Address','2020-03-29 15:12:27','2020-03-29 15:12:27','1e455c0a-3dd1-44fd-9f3a-ff93bfe7d251',NULL,NULL,NULL,NULL,NULL,NULL,NULL,NULL,NULL,NULL,NULL,NULL,NULL,NULL,NULL,NULL,NULL,NULL,NULL),(196,248,1,'Email Address','2020-03-29 15:12:27','2020-03-29 15:12:27','8af6c7ab-25c2-409d-a094-0f41ee6eb3d7',NULL,NULL,NULL,NULL,NULL,NULL,NULL,NULL,NULL,NULL,NULL,NULL,NULL,NULL,NULL,NULL,NULL,NULL,NULL),(197,251,1,'Phone Number','2020-03-29 15:12:44','2020-03-29 15:12:44','5ad1abb7-90e5-45c5-90f6-cdac3383a6e7',NULL,NULL,NULL,NULL,NULL,NULL,NULL,NULL,NULL,NULL,NULL,NULL,NULL,NULL,NULL,NULL,NULL,NULL,NULL),(198,252,1,'Phone Number','2020-03-29 15:12:44','2020-03-29 15:12:44','ad2c1238-32dd-419f-a3a2-f90f22927c64',NULL,NULL,NULL,NULL,NULL,NULL,NULL,NULL,NULL,NULL,NULL,NULL,NULL,NULL,NULL,NULL,NULL,NULL,NULL),(199,262,1,'Message','2020-03-29 15:13:09','2020-03-29 15:13:09','331e06f7-4a7f-401f-9b38-c8e9e034be48',NULL,NULL,NULL,NULL,NULL,NULL,NULL,NULL,NULL,NULL,NULL,NULL,NULL,NULL,NULL,NULL,NULL,NULL,NULL),(200,263,1,'Message','2020-03-29 15:13:09','2020-03-29 15:13:09','5391e8e3-fb1d-4401-8ac8-7ff89813485e',NULL,NULL,NULL,NULL,NULL,NULL,NULL,NULL,NULL,NULL,NULL,NULL,NULL,NULL,NULL,NULL,NULL,NULL,NULL),(201,272,1,'Sample Form','2020-03-29 15:13:15','2020-03-29 15:29:46','e79a0a09-a7ef-4a97-b6e4-d68218a6b1da',NULL,NULL,NULL,NULL,NULL,NULL,NULL,NULL,0,NULL,NULL,NULL,NULL,NULL,NULL,NULL,NULL,NULL,NULL),(202,277,1,'Sample Form','2020-03-29 15:13:15','2020-03-29 15:13:15','6c34d824-2b04-42f8-b185-0ac03bb48939',NULL,NULL,NULL,NULL,NULL,NULL,NULL,NULL,0,NULL,NULL,NULL,NULL,NULL,NULL,NULL,NULL,NULL,NULL),(203,282,1,'Date of Birth','2020-03-29 15:26:06','2020-03-29 15:26:06','79bbbb17-428f-46e4-b71e-0a9b23f54dec',NULL,NULL,NULL,NULL,NULL,NULL,NULL,NULL,NULL,NULL,NULL,NULL,NULL,NULL,NULL,NULL,NULL,NULL,NULL),(204,283,1,'Date of Birth','2020-03-29 15:26:06','2020-03-29 15:26:06','cb2f35b1-bbb6-4841-a91e-d3bf10315f5e',NULL,NULL,NULL,NULL,NULL,NULL,NULL,NULL,NULL,NULL,NULL,NULL,NULL,NULL,NULL,NULL,NULL,NULL,NULL),(205,284,1,'Accept Terms & Conditions','2020-03-29 15:26:35','2020-03-29 15:26:35','86ac2bbf-9b65-413e-829d-82d7a73ff33b',NULL,NULL,NULL,NULL,NULL,NULL,NULL,NULL,NULL,NULL,NULL,NULL,NULL,NULL,NULL,NULL,NULL,NULL,NULL),(206,285,1,'Accept Terms & Conditions','2020-03-29 15:26:35','2020-03-29 15:26:35','73dd98f3-60ab-4715-b7ea-6de2f5a56464',NULL,NULL,NULL,NULL,NULL,NULL,NULL,NULL,NULL,NULL,NULL,NULL,NULL,NULL,NULL,NULL,NULL,NULL,NULL),(207,286,1,'How did you hear about us?','2020-03-29 15:27:19','2020-03-29 15:27:19','a8343a50-b595-415a-8632-1a8f47f955aa',NULL,NULL,NULL,NULL,NULL,NULL,NULL,NULL,NULL,NULL,NULL,NULL,NULL,NULL,NULL,NULL,NULL,NULL,NULL),(208,287,1,'How did you hear about us?','2020-03-29 15:27:19','2020-03-29 15:27:19','94d18b79-7ae9-49a9-b0fd-e02262e7797a',NULL,NULL,NULL,NULL,NULL,NULL,NULL,NULL,NULL,NULL,NULL,NULL,NULL,NULL,NULL,NULL,NULL,NULL,NULL),(209,288,1,'Number of Pets','2020-03-29 15:27:50','2020-03-29 15:27:50','74ed3062-2ccf-4770-be42-f6bd33f88546',NULL,NULL,NULL,NULL,NULL,NULL,NULL,NULL,NULL,NULL,NULL,NULL,NULL,NULL,NULL,NULL,NULL,NULL,NULL),(210,289,1,'Number of Pets','2020-03-29 15:27:50','2020-03-29 15:27:50','6da0f739-a051-4850-964d-c17319e282f9',NULL,NULL,NULL,NULL,NULL,NULL,NULL,NULL,NULL,NULL,NULL,NULL,NULL,NULL,NULL,NULL,NULL,NULL,NULL),(211,290,1,'Favorite Flavors','2020-03-29 15:28:31','2020-03-29 15:28:31','73652f7c-fd03-4d55-8c5a-0c5f99abeeba',NULL,NULL,NULL,NULL,NULL,NULL,NULL,NULL,NULL,NULL,NULL,NULL,NULL,NULL,NULL,NULL,NULL,NULL,NULL),(212,291,1,'Favorite Flavors','2020-03-29 15:28:31','2020-03-29 15:28:31','4653835b-f0f1-44a6-bd7d-ff9e79506dc9',NULL,NULL,NULL,NULL,NULL,NULL,NULL,NULL,NULL,NULL,NULL,NULL,NULL,NULL,NULL,NULL,NULL,NULL,NULL),(213,292,1,'Favorite Pet','2020-03-29 15:29:34','2020-03-29 15:29:34','61bf1a8e-2d6d-4596-b01e-4a037153f957',NULL,NULL,NULL,NULL,NULL,NULL,NULL,NULL,NULL,NULL,NULL,NULL,NULL,NULL,NULL,NULL,NULL,NULL,NULL),(214,293,1,'Favorite Pet','2020-03-29 15:29:34','2020-03-29 15:29:34','8942d9a6-0c15-46c2-ad30-9e13cc3e2d5c',NULL,NULL,NULL,NULL,NULL,NULL,NULL,NULL,NULL,NULL,NULL,NULL,NULL,NULL,NULL,NULL,NULL,NULL,NULL),(215,298,1,'Sample Form','2020-03-29 15:29:46','2020-03-29 15:29:46','b8b403eb-83c9-4c5d-8ac6-6432c33f89b9',NULL,NULL,NULL,NULL,NULL,NULL,NULL,NULL,0,NULL,NULL,NULL,NULL,NULL,NULL,NULL,NULL,NULL,NULL),(216,307,1,'2020-03-29 11:50:37 - Sample Form','2020-03-29 15:50:37','2020-03-29 15:50:37','ec1cc6c7-dfde-4f32-9291-1573d5a71b5e',NULL,NULL,NULL,NULL,NULL,NULL,NULL,NULL,NULL,NULL,NULL,NULL,NULL,NULL,NULL,NULL,NULL,NULL,NULL),(217,308,1,'2020-03-29 11:50:37 - Sample Form','2020-03-29 15:50:37','2020-03-29 15:50:37','e8ee28b0-3185-4445-b451-4a07b1b87590',NULL,NULL,NULL,NULL,NULL,NULL,NULL,NULL,NULL,NULL,NULL,NULL,NULL,NULL,NULL,NULL,NULL,NULL,NULL),(218,309,1,'2020-03-29 11:58:22 - Sample Form','2020-03-29 15:58:22','2020-03-29 15:58:22','ac3ef887-016e-4af0-a49b-fe313140f343',NULL,NULL,NULL,NULL,NULL,NULL,NULL,NULL,NULL,NULL,NULL,NULL,NULL,NULL,NULL,NULL,NULL,NULL,NULL),(219,310,1,'2020-03-29 11:58:22 - Sample Form','2020-03-29 15:58:22','2020-03-29 15:58:22','8784fa66-c739-4e57-9e8e-3c29e69e8c0b',NULL,NULL,NULL,NULL,NULL,NULL,NULL,NULL,NULL,NULL,NULL,NULL,NULL,NULL,NULL,NULL,NULL,NULL,NULL),(220,311,1,'2020-03-29 13:05:19 - Sample Form','2020-03-29 17:05:19','2020-03-29 17:05:19','a28ad649-7241-4034-8072-7a1c29f2c62b',NULL,NULL,NULL,NULL,NULL,NULL,NULL,NULL,NULL,NULL,NULL,NULL,NULL,NULL,NULL,NULL,NULL,NULL,NULL),(221,312,1,'2020-03-29 13:05:19 - Sample Form','2020-03-29 17:05:19','2020-03-29 17:05:19','034b1cf5-ef3e-4bf3-8407-cb8729570475',NULL,NULL,NULL,NULL,NULL,NULL,NULL,NULL,NULL,NULL,NULL,NULL,NULL,NULL,NULL,NULL,NULL,NULL,NULL),(222,313,1,'2020-03-29 13:10:03 - Sample Form','2020-03-29 17:10:03','2020-03-29 17:10:03','0e5dd348-89ab-4e83-98f4-c19f2a80e85f',NULL,NULL,NULL,NULL,NULL,NULL,NULL,NULL,NULL,NULL,NULL,NULL,NULL,NULL,NULL,NULL,NULL,NULL,NULL),(223,314,1,'2020-03-29 13:10:03 - Sample Form','2020-03-29 17:10:03','2020-03-29 17:10:03','f709d50e-ef91-4191-a791-db1c593cd1df',NULL,NULL,NULL,NULL,NULL,NULL,NULL,NULL,NULL,NULL,NULL,NULL,NULL,NULL,NULL,NULL,NULL,NULL,NULL),(224,315,1,NULL,'2020-03-29 17:28:01','2020-03-29 17:28:01','6e6be0af-006b-4b7f-9fb9-61748087587c',NULL,NULL,NULL,NULL,NULL,NULL,NULL,NULL,NULL,NULL,NULL,NULL,NULL,NULL,NULL,NULL,NULL,NULL,NULL),(225,316,1,NULL,'2020-03-29 17:28:47','2020-03-29 17:28:47','eac7290c-bf9f-4f48-96b6-5d4bca265a88',NULL,NULL,NULL,NULL,NULL,NULL,NULL,NULL,NULL,NULL,NULL,NULL,NULL,NULL,NULL,NULL,NULL,NULL,NULL),(226,317,1,'hello@page.works','2020-04-02 14:17:21','2020-04-02 14:17:21','eb009812-2c1e-43ac-b438-fb1b75685213',NULL,NULL,'{\"ariaLabel\":null,\"customQuery\":null,\"customText\":null,\"target\":null,\"title\":null,\"type\":\"email\",\"value\":\"hello@page.works\"}',NULL,NULL,NULL,NULL,NULL,NULL,NULL,NULL,NULL,NULL,NULL,NULL,NULL,NULL,NULL,NULL),(228,319,1,'Example','2020-04-03 15:05:29','2020-04-03 15:05:29','3f04321c-d35c-46f9-a1ee-986b63085a66',NULL,NULL,'{\"ariaLabel\":null,\"customQuery\":null,\"customText\":null,\"target\":null,\"title\":null,\"type\":\"entry\",\"value\":null}',NULL,NULL,NULL,NULL,NULL,NULL,NULL,NULL,NULL,NULL,NULL,NULL,NULL,NULL,NULL,NULL),(229,320,1,'Example','2020-04-03 15:05:29','2020-04-03 15:05:29','5dfb5934-efc1-4a7d-9db8-518f5d38094d',NULL,NULL,'{\"ariaLabel\":null,\"customQuery\":null,\"customText\":null,\"target\":null,\"title\":null,\"type\":\"entry\",\"value\":null}',NULL,NULL,NULL,NULL,NULL,NULL,NULL,NULL,NULL,NULL,NULL,NULL,NULL,NULL,NULL,NULL),(231,322,1,'Example 2','2020-04-03 15:06:02','2020-04-03 15:06:02','c372bbd6-fa67-4881-b4a5-e83c37dd89c4',NULL,NULL,'{\"ariaLabel\":null,\"customQuery\":null,\"customText\":null,\"target\":null,\"title\":null,\"type\":\"entry\",\"value\":\"4\"}',NULL,NULL,NULL,NULL,NULL,NULL,NULL,NULL,NULL,NULL,NULL,NULL,NULL,NULL,NULL,NULL),(232,323,1,'Example 2','2020-04-03 15:06:02','2020-04-03 15:06:02','05f1e3e3-7f79-4e09-b02f-fb50a58c3732',NULL,NULL,'{\"ariaLabel\":null,\"customQuery\":null,\"customText\":null,\"target\":null,\"title\":null,\"type\":\"entry\",\"value\":\"4\"}',NULL,NULL,NULL,NULL,NULL,NULL,NULL,NULL,NULL,NULL,NULL,NULL,NULL,NULL,NULL,NULL),(233,324,1,NULL,'2020-04-03 15:10:53','2020-04-03 15:10:53','7ab0a7d3-98d9-474e-a9e0-d3e91c50bd55','{\"titleRaw\":[],\"descriptionRaw\":\"\",\"keywords\":[],\"score\":\"neutral\",\"social\":{\"twitter\":{\"handle\":null,\"title\":\" - Boilerplate\",\"imageId\":null,\"description\":\"\"},\"facebook\":{\"handle\":null,\"title\":\" - Boilerplate\",\"imageId\":null,\"description\":\"\"}},\"advanced\":{\"robots\":[],\"canonical\":null}}',NULL,NULL,NULL,NULL,NULL,NULL,NULL,NULL,NULL,NULL,NULL,NULL,NULL,NULL,NULL,NULL,NULL,NULL),(234,325,1,NULL,'2020-04-03 15:10:56','2020-04-03 15:11:09','2caed520-40dc-4658-a047-d44726f1210a','{\"titleRaw\":[],\"descriptionRaw\":\"\",\"keywords\":[],\"score\":\"\",\"social\":{\"twitter\":{\"handle\":null,\"title\":\"- Boilerplate\",\"imageId\":\"\",\"description\":\"\"},\"facebook\":{\"handle\":null,\"title\":\"- Boilerplate\",\"imageId\":\"\",\"description\":\"\"}},\"advanced\":{\"robots\":[],\"canonical\":\"\"}}',NULL,NULL,NULL,NULL,NULL,NULL,NULL,NULL,NULL,NULL,NULL,NULL,NULL,NULL,NULL,NULL,NULL,NULL);
/*!40000 ALTER TABLE `content` ENABLE KEYS */;
UNLOCK TABLES;
commit;

--
-- Dumping data for table `craftidtokens`
--

LOCK TABLES `craftidtokens` WRITE;
/*!40000 ALTER TABLE `craftidtokens` DISABLE KEYS */;
set autocommit=0;
/*!40000 ALTER TABLE `craftidtokens` ENABLE KEYS */;
UNLOCK TABLES;
commit;

--
-- Dumping data for table `deprecationerrors`
--

LOCK TABLES `deprecationerrors` WRITE;
/*!40000 ALTER TABLE `deprecationerrors` DISABLE KEYS */;
set autocommit=0;
/*!40000 ALTER TABLE `deprecationerrors` ENABLE KEYS */;
UNLOCK TABLES;
commit;

--
-- Dumping data for table `drafts`
--

LOCK TABLES `drafts` WRITE;
/*!40000 ALTER TABLE `drafts` DISABLE KEYS */;
set autocommit=0;
INSERT INTO `drafts` VALUES (1,NULL,1,'First draft','',0,NULL),(2,NULL,1,'First draft','',0,NULL),(3,NULL,1,'First draft','',0,NULL),(4,NULL,1,'First draft','',0,NULL),(5,NULL,1,'First draft','',0,NULL),(6,NULL,1,'First draft','',0,NULL),(7,NULL,1,'First draft','',0,NULL),(8,NULL,1,'First draft','',0,NULL),(9,NULL,1,'First draft',NULL,0,NULL),(10,NULL,1,'First draft','',0,NULL),(11,NULL,1,'First draft','',0,NULL),(12,NULL,1,'First draft',NULL,0,NULL),(13,NULL,1,'First draft',NULL,0,NULL),(14,NULL,1,'First draft','',0,NULL),(15,NULL,1,'First draft',NULL,0,NULL),(16,NULL,1,'First draft',NULL,0,NULL),(17,NULL,1,'First draft','',0,NULL),(35,NULL,1,'First draft',NULL,0,NULL),(37,NULL,1,'First draft',NULL,0,NULL),(38,NULL,1,'First draft',NULL,0,NULL),(41,NULL,1,'First draft',NULL,0,NULL),(42,NULL,1,'First draft','',0,NULL);
/*!40000 ALTER TABLE `drafts` ENABLE KEYS */;
UNLOCK TABLES;
commit;

--
-- Dumping data for table `elementindexsettings`
--

LOCK TABLES `elementindexsettings` WRITE;
/*!40000 ALTER TABLE `elementindexsettings` DISABLE KEYS */;
set autocommit=0;
INSERT INTO `elementindexsettings` VALUES (1,'craft\\elements\\Entry','{\"sourceOrder\":[[\"key\",\"*\"],[\"key\",\"singles\"],[\"key\",\"section:cefc4625-a115-4b71-b22d-5f6784b3aada\"],[\"key\",\"section:2f1f0ea0-4b22-4e9d-bb51-9e1e32a94cba\"],[\"heading\",\"Structures\"],[\"key\",\"section:b9215289-18df-43f7-8aec-9164cf035280\"],[\"key\",\"section:28b71e8e-d2dc-4c34-98c4-66e91dfbbab4\"],[\"key\",\"section:1cb268c1-1b36-4ad0-a69b-c0559d0a4ea0\"],[\"heading\",\"Global Elements\"],[\"key\",\"section:3ac720f7-dbfb-440a-ba4d-ab09c7aa583c\"],[\"heading\",\"Form\"],[\"key\",\"section:24687ffb-2733-4ded-9c95-d3cb8b880bcb\"],[\"key\",\"section:c01906a1-3826-4fea-a21a-df8d2db78b00\"],[\"key\",\"section:0936733c-c126-4ffa-b5d3-af75d96117c8\"],[\"heading\",\"\"]],\"sources\":{\"section:cefc4625-a115-4b71-b22d-5f6784b3aada\":{\"tableAttributes\":{\"1\":\"postDate\",\"2\":\"expiryDate\",\"3\":\"link\"}},\"section:3ac720f7-dbfb-440a-ba4d-ab09c7aa583c\":{\"tableAttributes\":{\"1\":\"postDate\",\"2\":\"expiryDate\",\"3\":\"link\"}},\"section:24687ffb-2733-4ded-9c95-d3cb8b880bcb\":{\"tableAttributes\":{\"1\":\"postDate\",\"2\":\"expiryDate\",\"3\":\"link\"}},\"section:b9215289-18df-43f7-8aec-9164cf035280\":{\"tableAttributes\":{\"1\":\"postDate\",\"2\":\"expiryDate\",\"3\":\"link\"}}}}','2020-03-28 14:12:14','2020-03-28 14:12:14','9d2f1d0a-e310-4a5c-804a-a6de8ca15ca9');
/*!40000 ALTER TABLE `elementindexsettings` ENABLE KEYS */;
UNLOCK TABLES;
commit;

--
-- Dumping data for table `elements`
--

LOCK TABLES `elements` WRITE;
/*!40000 ALTER TABLE `elements` DISABLE KEYS */;
set autocommit=0;
INSERT INTO `elements` VALUES (1,NULL,NULL,NULL,'craft\\elements\\User',1,0,'2020-03-17 13:28:07','2020-03-17 13:28:07',NULL,'f9d763d0-47d6-42ea-a22b-3b1e873ec36d'),(2,NULL,NULL,3,'craft\\elements\\Entry',1,0,'2020-03-19 11:32:39','2020-03-27 10:31:26',NULL,'3a782da4-1970-4266-883f-af2782cbf4ab'),(3,NULL,1,3,'craft\\elements\\Entry',1,0,'2020-03-19 11:32:39','2020-03-19 11:32:39',NULL,'7f44aa4f-ac95-4509-b175-9a3e60c21617'),(4,NULL,NULL,6,'craft\\elements\\Entry',1,0,'2020-03-19 11:32:39','2020-03-27 10:31:14',NULL,'34b9d251-ac21-4412-9b2b-4df2262f87c5'),(5,NULL,2,6,'craft\\elements\\Entry',1,0,'2020-03-19 11:32:39','2020-03-19 11:32:39',NULL,'0366f1ea-c4de-4ee2-a497-81effaf231e5'),(6,NULL,NULL,12,'craft\\elements\\GlobalSet',1,0,'2020-03-19 11:32:39','2020-03-28 16:22:25',NULL,'e6cff758-195e-48a1-9a9e-27b1681b6874'),(7,NULL,3,6,'craft\\elements\\Entry',1,0,'2020-03-19 11:32:40','2020-03-19 11:32:40',NULL,'7c0ba712-e9f3-44f2-8cd5-80f929c08ffd'),(8,NULL,4,3,'craft\\elements\\Entry',1,0,'2020-03-19 11:32:40','2020-03-19 11:32:40',NULL,'bd96a41c-6789-4f87-a3b3-6c008c6a1645'),(9,1,NULL,5,'craft\\elements\\Entry',1,0,'2020-03-21 12:50:46','2020-03-21 12:51:04',NULL,'9cb90d2b-737b-4872-819d-5625ebe6285e'),(10,2,NULL,7,'craft\\elements\\Entry',1,0,'2020-03-21 13:34:41','2020-03-21 13:34:50',NULL,'58ff993e-57e1-419d-acaf-127b1d945ab8'),(11,3,NULL,7,'craft\\elements\\Entry',1,0,'2020-03-21 13:55:37','2020-03-21 13:55:55',NULL,'adf8975c-9ab4-407b-aada-83d996b33f2b'),(12,4,NULL,7,'craft\\elements\\Entry',1,0,'2020-03-21 13:56:32','2020-03-21 13:56:51',NULL,'88ec3f98-0c4c-4ac0-9a19-1dec8daef4e6'),(13,NULL,NULL,15,'craft\\elements\\MatrixBlock',1,0,'2020-03-21 13:56:46','2020-03-21 13:56:46',NULL,'d2e22e5d-189d-4749-b668-6de21603ebe3'),(14,5,NULL,33,'craft\\elements\\Entry',1,0,'2020-03-21 14:28:06','2020-03-21 14:28:39',NULL,'bba75b36-e522-462c-9225-abe270d78f7e'),(15,NULL,NULL,27,'craft\\elements\\MatrixBlock',1,0,'2020-03-21 14:28:39','2020-03-21 14:28:39',NULL,'e238832b-52bb-4562-aee0-47e4580f96b3'),(16,6,NULL,7,'craft\\elements\\Entry',1,0,'2020-03-21 14:31:23','2020-03-21 14:40:40',NULL,'b6265f58-ec40-48f1-b12d-7ca3656652cf'),(17,NULL,NULL,23,'craft\\elements\\MatrixBlock',1,0,'2020-03-21 14:31:26','2020-03-21 14:31:26','2020-03-21 14:31:43','15fd9077-8999-4a7f-aff8-e209d2b1fc89'),(18,NULL,NULL,23,'craft\\elements\\MatrixBlock',1,0,'2020-03-21 14:31:43','2020-03-21 14:31:43','2020-03-21 14:31:44','9298fa7d-4a40-4139-be1b-e5c46628a13f'),(19,NULL,NULL,22,'verbb\\supertable\\elements\\SuperTableBlockElement',1,0,'2020-03-21 14:31:43','2020-03-21 14:31:43','2020-03-21 14:31:44','102a0bf1-7d5d-462e-925f-4a021e3e7733'),(20,NULL,NULL,23,'craft\\elements\\MatrixBlock',1,0,'2020-03-21 14:31:44','2020-03-21 14:31:44','2020-03-21 14:34:13','01f79f36-2674-4d2f-92a6-c1bad0b38586'),(21,NULL,NULL,22,'verbb\\supertable\\elements\\SuperTableBlockElement',1,0,'2020-03-21 14:31:44','2020-03-21 14:31:44','2020-03-21 14:34:13','81643e80-0f9e-4157-9720-026b32e099b1'),(22,NULL,NULL,24,'craft\\elements\\MatrixBlock',1,0,'2020-03-21 14:31:44','2020-03-21 14:34:13','2020-03-21 14:34:19','2bfbcf65-83fb-4f0f-bde1-d41b225d9c65'),(23,NULL,NULL,25,'craft\\elements\\MatrixBlock',1,0,'2020-03-21 14:34:21','2020-03-21 14:34:21','2020-03-21 14:34:56','5aaf853c-657a-4b39-9440-8b4cbbd5790c'),(24,NULL,NULL,23,'craft\\elements\\MatrixBlock',1,0,'2020-03-21 14:35:00','2020-03-21 14:35:00','2020-03-21 14:35:06','8ed3499f-93f6-4559-9d6e-eb4a23577092'),(25,NULL,NULL,23,'craft\\elements\\MatrixBlock',1,0,'2020-03-21 14:35:06','2020-03-21 14:35:06','2020-03-21 14:35:08','09636b1f-157c-4047-b00d-9f8adf42003e'),(26,NULL,NULL,22,'verbb\\supertable\\elements\\SuperTableBlockElement',1,0,'2020-03-21 14:35:06','2020-03-21 14:35:06','2020-03-21 14:35:08','a06b4a31-04d6-47e2-9780-46262304bc98'),(27,NULL,NULL,24,'craft\\elements\\MatrixBlock',1,0,'2020-03-21 14:35:36','2020-03-21 14:35:36','2020-03-21 14:35:38','c5af0b68-4a9d-4812-94dc-9c111b5d5312'),(28,NULL,NULL,23,'craft\\elements\\MatrixBlock',1,0,'2020-03-21 14:35:39','2020-03-21 14:35:39','2020-03-21 14:35:43','45a905f3-af55-44c3-ab04-351f9215f30e'),(29,NULL,NULL,23,'craft\\elements\\MatrixBlock',1,0,'2020-03-21 14:35:42','2020-03-21 14:35:42','2020-03-21 14:36:07','a911a8c5-af84-47a2-830d-61223268c56d'),(30,NULL,NULL,22,'verbb\\supertable\\elements\\SuperTableBlockElement',1,0,'2020-03-21 14:35:42','2020-03-21 14:35:42','2020-03-21 14:36:07','04c173e1-adbb-44cf-b183-af0dff8f2a99'),(31,NULL,NULL,18,'craft\\elements\\MatrixBlock',1,0,'2020-03-21 14:36:13','2020-03-21 14:36:13','2020-03-21 14:37:34','c8244786-5d9c-40a6-aea5-2d85bfbf5a71'),(32,NULL,NULL,20,'craft\\elements\\MatrixBlock',1,0,'2020-03-21 14:37:36','2020-03-21 14:37:36','2020-03-21 14:37:36','e2342052-95a1-4a4f-a1be-66268e0efe89'),(33,NULL,NULL,20,'craft\\elements\\MatrixBlock',1,0,'2020-03-21 14:37:36','2020-03-21 14:37:36','2020-03-21 14:38:14','25ee1655-a964-4672-8b84-e9f4d6130472'),(34,NULL,NULL,19,'verbb\\supertable\\elements\\SuperTableBlockElement',1,0,'2020-03-21 14:37:36','2020-03-21 14:37:36','2020-03-21 14:38:14','31a12600-d606-4523-817f-211384537d05'),(35,NULL,NULL,21,'craft\\elements\\MatrixBlock',1,0,'2020-03-21 14:38:16','2020-03-21 14:38:16','2020-03-21 14:39:25','e2fe986d-63c7-4eee-9f52-3de24407f1c5'),(36,NULL,NULL,17,'craft\\elements\\MatrixBlock',1,0,'2020-03-21 14:39:25','2020-03-21 14:39:25','2020-03-21 14:39:27','83eca86b-9859-4848-8782-dee051d7ce59'),(37,NULL,NULL,15,'craft\\elements\\MatrixBlock',1,0,'2020-03-21 14:39:29','2020-03-21 14:39:29','2020-03-21 14:39:50','e690fea4-30df-42c4-900e-761bc2856d56'),(38,NULL,NULL,13,'craft\\elements\\MatrixBlock',1,0,'2020-03-21 14:39:52','2020-03-21 14:39:52','2020-03-21 14:39:54','899cc8c0-9698-4834-91cf-41814fef7cb2'),(39,NULL,NULL,13,'craft\\elements\\MatrixBlock',1,0,'2020-03-21 14:39:54','2020-03-21 14:39:54','2020-03-21 14:39:57','87c7c52b-e70a-4898-9559-96d043e26491'),(40,NULL,NULL,11,'craft\\elements\\MatrixBlock',1,0,'2020-03-21 14:39:54','2020-03-21 14:39:54','2020-03-21 14:39:57','fab1ab2e-9c84-4380-9c7e-c54094613733'),(41,NULL,NULL,13,'craft\\elements\\MatrixBlock',1,0,'2020-03-21 14:39:57','2020-03-21 14:39:57',NULL,'97a822b7-bd04-4c36-83d6-f8959cea9d76'),(42,NULL,NULL,11,'craft\\elements\\MatrixBlock',1,0,'2020-03-21 14:39:57','2020-03-21 14:39:57',NULL,'88323e52-8bd6-4319-b34a-4c28130d679c'),(43,NULL,NULL,14,'craft\\elements\\MatrixBlock',1,0,'2020-03-21 14:39:57','2020-03-21 14:40:40',NULL,'16fd416c-3fe8-4ced-9774-b59bc46ce932'),(44,NULL,NULL,26,'craft\\elements\\MatrixBlock',1,0,'2020-03-21 14:40:40','2020-03-21 14:40:40',NULL,'01a49a4e-2217-4d06-a5ea-8585da749add'),(45,7,NULL,5,'craft\\elements\\Entry',1,0,'2020-03-21 14:41:42','2020-03-21 14:41:54',NULL,'7718e699-b676-4a9e-9494-a4b926fb4f98'),(46,8,NULL,5,'craft\\elements\\Entry',1,0,'2020-03-21 14:44:16','2020-03-21 14:46:21',NULL,'5b370f9a-707a-4c06-bd83-982eb2c28c3e'),(47,NULL,NULL,18,'craft\\elements\\MatrixBlock',1,0,'2020-03-21 14:46:07','2020-03-21 14:46:07','2020-03-21 14:46:10','e9e84309-5629-4dbd-b76c-921b83801079'),(48,NULL,NULL,21,'craft\\elements\\MatrixBlock',1,0,'2020-03-21 14:46:10','2020-03-21 14:46:10','2020-03-21 14:46:14','9606dbeb-ccd6-4aa6-9e1d-fe3e24e38bbf'),(49,NULL,NULL,15,'craft\\elements\\MatrixBlock',1,0,'2020-03-21 14:46:14','2020-03-21 14:46:14','2020-03-21 14:46:16','d5c97bc7-0efc-4022-af39-4789d6d605dd'),(50,NULL,NULL,15,'craft\\elements\\MatrixBlock',1,0,'2020-03-21 14:46:16','2020-03-21 14:46:16','2020-03-21 14:46:19','2d6c45d4-3d1f-4c3f-a0a8-c4dbab5cff4c'),(51,NULL,NULL,13,'craft\\elements\\MatrixBlock',1,0,'2020-03-21 14:46:16','2020-03-21 14:46:16','2020-03-21 14:46:19','3bf18bdf-10d2-4696-b04d-2a5f20c3c974'),(52,NULL,NULL,15,'craft\\elements\\MatrixBlock',1,0,'2020-03-21 14:46:19','2020-03-21 14:46:19','2020-03-21 14:46:21','cdfb04ab-7633-47ea-b8e3-76e256a9f204'),(53,NULL,NULL,13,'craft\\elements\\MatrixBlock',1,0,'2020-03-21 14:46:19','2020-03-21 14:46:19','2020-03-21 14:46:21','fae96df7-51d2-49b7-bc71-4f93e3849ed9'),(54,NULL,NULL,11,'craft\\elements\\MatrixBlock',1,0,'2020-03-21 14:46:19','2020-03-21 14:46:19','2020-03-21 14:46:21','21602824-415d-4a3a-a878-b92012f8aa9b'),(55,NULL,NULL,15,'craft\\elements\\MatrixBlock',1,0,'2020-03-21 14:46:21','2020-03-21 14:46:21',NULL,'131c1bf8-9fc9-4d34-8363-c04b09863044'),(56,NULL,NULL,13,'craft\\elements\\MatrixBlock',1,0,'2020-03-21 14:46:21','2020-03-21 14:46:21',NULL,'513146e7-ce9b-45e7-bb82-dd8073219c31'),(57,NULL,NULL,11,'craft\\elements\\MatrixBlock',1,0,'2020-03-21 14:46:21','2020-03-21 14:46:21',NULL,'7003ed1d-2256-4f5a-8fe7-3f9bdf6dd1b9'),(58,NULL,NULL,14,'craft\\elements\\MatrixBlock',1,0,'2020-03-21 14:46:21','2020-03-21 14:46:21',NULL,'01b54187-105b-4fc1-8b29-b28c34117a7f'),(59,9,NULL,2,'craft\\elements\\Entry',1,0,'2020-03-24 18:25:13','2020-03-24 18:25:13',NULL,'6ab528b7-9f09-4256-a3d3-41ba1a9dfa7d'),(60,10,NULL,7,'craft\\elements\\Entry',1,0,'2020-03-24 18:25:55','2020-03-24 18:27:21',NULL,'e7b50ab5-fcba-4684-888c-baf98321051d'),(61,NULL,NULL,44,'craft\\elements\\MatrixBlock',1,0,'2020-03-24 18:27:18','2020-03-24 18:27:18',NULL,'801698b5-247c-4d7a-938c-e7e1866069a7'),(62,11,NULL,5,'craft\\elements\\Entry',1,0,'2020-03-24 18:27:30','2020-03-24 18:27:38',NULL,'1b057005-39b0-47ad-8198-6f2a33f29e36'),(63,12,NULL,33,'craft\\elements\\Entry',1,0,'2020-03-24 18:29:00','2020-03-24 18:29:00',NULL,'574fe31a-33f4-4a63-830f-27e7a073e408'),(64,13,NULL,7,'craft\\elements\\Entry',1,0,'2020-03-24 18:34:23','2020-03-24 18:34:23',NULL,'2bf242ad-5ce4-45f0-8c2c-da2651a76c7d'),(65,14,NULL,7,'craft\\elements\\Entry',1,0,'2020-03-24 18:36:18','2020-03-24 18:36:23',NULL,'18999274-0cad-49ad-b720-b5f5ed94ae6f'),(66,15,NULL,7,'craft\\elements\\Entry',1,0,'2020-03-24 18:37:50','2020-03-24 18:37:50',NULL,'4068abd4-0321-4d16-aefd-280b87f3aa16'),(67,16,NULL,10,'craft\\elements\\Entry',1,0,'2020-03-24 18:38:15','2020-03-24 18:38:15',NULL,'7c08f383-1da5-40e4-b0dc-3453fbadedc7'),(68,17,NULL,7,'craft\\elements\\Entry',1,0,'2020-03-24 18:41:37','2020-03-24 18:41:48',NULL,'793455dd-a082-40eb-a0ff-afc03d567a12'),(69,NULL,NULL,23,'craft\\elements\\MatrixBlock',1,0,'2020-03-24 18:41:41','2020-03-24 18:41:41','2020-03-24 18:41:41','9a8ce04d-d857-4cd7-b69e-72214d7703c9'),(70,NULL,NULL,23,'craft\\elements\\MatrixBlock',1,0,'2020-03-24 18:41:41','2020-03-24 18:41:41',NULL,'732e7023-fa4d-4613-8678-2c1cb1577740'),(71,NULL,NULL,22,'verbb\\supertable\\elements\\SuperTableBlockElement',1,0,'2020-03-24 18:41:41','2020-03-24 18:41:41',NULL,'e6e2afc2-a32a-45e2-990e-d30c048b63b3'),(72,NULL,NULL,45,'craft\\elements\\GlobalSet',1,0,'2020-03-27 10:09:42','2020-03-27 10:09:42',NULL,'2b2a741a-5b66-4fe1-8071-81032443e781'),(73,NULL,5,6,'craft\\elements\\Entry',1,0,'2020-03-27 10:31:14','2020-03-27 10:31:14',NULL,'e9d8aa9c-c2dd-4553-8125-f26c2a3c1e49'),(74,NULL,6,3,'craft\\elements\\Entry',1,0,'2020-03-27 10:31:26','2020-03-27 10:31:26',NULL,'a5dd9c15-4213-4292-a565-73b59c289f20'),(76,NULL,NULL,10,'craft\\elements\\Entry',1,0,'2020-03-27 11:01:11','2020-03-27 11:01:11',NULL,'1bf915f7-53e7-400d-a0a1-638034e5b46e'),(77,NULL,7,10,'craft\\elements\\Entry',1,0,'2020-03-27 11:01:11','2020-03-27 11:01:11',NULL,'fa2fafbf-ad5d-464c-871b-2418c92eada4'),(79,NULL,NULL,10,'craft\\elements\\Entry',1,0,'2020-03-27 11:01:18','2020-03-27 11:01:18',NULL,'992533da-a394-4693-a83a-ea016a9b66c6'),(80,NULL,8,10,'craft\\elements\\Entry',1,0,'2020-03-27 11:01:18','2020-03-27 11:01:18',NULL,'c1e32c16-533c-481d-beaf-50e9ee299a90'),(82,NULL,NULL,10,'craft\\elements\\Entry',1,0,'2020-03-27 11:01:29','2020-03-27 11:01:29',NULL,'4bbd1558-5774-4b1f-9dae-56424926d556'),(83,NULL,9,10,'craft\\elements\\Entry',1,0,'2020-03-27 11:01:29','2020-03-27 11:01:29',NULL,'ef1be7a7-a302-4f5a-b767-0795340707b6'),(85,NULL,NULL,10,'craft\\elements\\Entry',1,0,'2020-03-27 11:01:41','2020-03-27 11:10:25',NULL,'1643f7a7-6574-4e6e-bbcd-ac6195a4a45c'),(86,NULL,10,10,'craft\\elements\\Entry',1,0,'2020-03-27 11:01:41','2020-03-27 11:01:41',NULL,'da6bfd98-b535-4f87-a0ce-30f042f85186'),(87,NULL,11,10,'craft\\elements\\Entry',1,0,'2020-03-27 11:09:53','2020-03-27 11:09:53',NULL,'d5a03d1b-1845-495f-b4e8-36d046241626'),(89,NULL,NULL,10,'craft\\elements\\Entry',1,0,'2020-03-27 11:10:10','2020-03-27 11:10:10',NULL,'99a336f8-e69d-4af7-8039-43ef692299a3'),(90,NULL,12,10,'craft\\elements\\Entry',1,0,'2020-03-27 11:10:10','2020-03-27 11:10:10',NULL,'035ca965-2ed6-4868-bab4-10f285b43c7a'),(91,NULL,13,10,'craft\\elements\\Entry',1,0,'2020-03-27 11:10:25','2020-03-27 11:10:25',NULL,'278f7371-c205-46fd-a00d-3a278ac93110'),(93,NULL,NULL,10,'craft\\elements\\Entry',1,0,'2020-03-27 11:19:19','2020-03-27 11:19:19',NULL,'ae2f12d3-91b6-435d-b76b-7cea4e710363'),(94,NULL,14,10,'craft\\elements\\Entry',1,0,'2020-03-27 11:19:19','2020-03-27 11:19:19',NULL,'897c1139-4d21-487a-b674-8704b9ca6603'),(96,NULL,NULL,10,'craft\\elements\\Entry',1,0,'2020-03-27 11:19:41','2020-03-27 11:19:41',NULL,'f0cbf2d7-7821-451f-8fe6-1c457f7b6655'),(97,NULL,15,10,'craft\\elements\\Entry',1,0,'2020-03-27 11:19:41','2020-03-27 11:19:41',NULL,'08f0e355-3ae4-4bec-8fd9-40b455c92df9'),(99,NULL,NULL,10,'craft\\elements\\Entry',1,0,'2020-03-27 11:20:19','2020-03-27 11:20:19',NULL,'b4bc4e08-7e75-4268-a7ee-eeb650da05cb'),(100,NULL,16,10,'craft\\elements\\Entry',1,0,'2020-03-27 11:20:19','2020-03-27 11:20:19',NULL,'08ba2fc0-55d0-4995-bbb0-79690b9b5158'),(102,NULL,NULL,10,'craft\\elements\\Entry',1,0,'2020-03-27 11:20:28','2020-03-27 11:20:28',NULL,'b54506c2-8115-48a5-a8c9-8f9e67fcc57e'),(103,NULL,17,10,'craft\\elements\\Entry',1,0,'2020-03-27 11:20:28','2020-03-27 11:20:28',NULL,'117ce230-c541-4525-9a81-8609e6a8a68c'),(105,NULL,NULL,10,'craft\\elements\\Entry',1,0,'2020-03-27 11:20:39','2020-03-27 11:20:39',NULL,'4d23cb53-5aed-417f-a912-fe464a9c0f39'),(106,NULL,18,10,'craft\\elements\\Entry',1,0,'2020-03-27 11:20:39','2020-03-27 11:20:39',NULL,'ed8487d8-c789-4ce0-8f35-392fc76b18c3'),(108,NULL,NULL,10,'craft\\elements\\Entry',1,0,'2020-03-27 12:16:21','2020-03-27 12:16:48','2020-03-27 17:04:49','8c9766fb-9a44-4119-b9da-c72fad3e7313'),(109,NULL,19,10,'craft\\elements\\Entry',1,0,'2020-03-27 12:16:21','2020-03-27 12:16:21','2020-03-27 17:04:49','7276c559-a62c-4695-8fbc-de49a8450c96'),(111,NULL,NULL,10,'craft\\elements\\Entry',1,0,'2020-03-27 12:16:32','2020-03-27 12:16:32','2020-03-27 17:04:49','8c8f12f3-db9a-454d-bee8-a416b59af622'),(112,NULL,20,10,'craft\\elements\\Entry',1,0,'2020-03-27 12:16:32','2020-03-27 12:16:32','2020-03-27 17:04:49','f59b4907-423d-40eb-b004-9df32a534eee'),(113,NULL,21,10,'craft\\elements\\Entry',1,0,'2020-03-27 12:16:48','2020-03-27 12:16:48','2020-03-27 17:04:49','5342d4c9-bbca-4680-87bc-bc8fccf5484f'),(115,NULL,NULL,10,'craft\\elements\\Entry',1,0,'2020-03-27 12:17:01','2020-03-27 12:17:01','2020-03-27 17:05:41','876d7356-ad22-414c-9e1e-4e434952f3e2'),(116,NULL,22,10,'craft\\elements\\Entry',1,0,'2020-03-27 12:17:01','2020-03-27 12:17:01','2020-03-27 17:05:41','3529fea3-908f-48f7-8e39-491b8156f903'),(118,NULL,NULL,10,'craft\\elements\\Entry',1,0,'2020-03-27 12:17:13','2020-03-27 12:17:13','2020-03-27 17:05:42','40d52b05-7ab7-42d2-a945-3e1027dd9d9e'),(119,NULL,23,10,'craft\\elements\\Entry',1,0,'2020-03-27 12:17:13','2020-03-27 12:17:13','2020-03-27 17:05:42','82440f21-0f7b-4521-9388-02cb96486fee'),(121,NULL,NULL,10,'craft\\elements\\Entry',1,0,'2020-03-27 12:17:19','2020-03-27 12:17:19','2020-03-27 17:05:42','ebf5137d-c3b7-43ce-8307-bfbe55951105'),(122,NULL,24,10,'craft\\elements\\Entry',1,0,'2020-03-27 12:17:19','2020-03-27 12:17:19','2020-03-27 17:05:42','161ea877-107d-4ac1-a943-b3b2f5460d3a'),(123,NULL,NULL,10,'craft\\elements\\Entry',1,0,'2020-03-27 17:02:06','2020-03-27 11:01:11','2020-03-27 17:04:49','0f8dfe7a-d612-4f28-a2cd-a0536bc6e137'),(124,NULL,25,10,'craft\\elements\\Entry',1,0,'2020-03-27 11:01:11','2020-03-27 11:01:11','2020-03-27 17:04:49','13f973ad-5c5d-4279-85cd-dfa30ae58358'),(125,NULL,NULL,10,'craft\\elements\\Entry',1,0,'2020-03-27 17:02:06','2020-03-27 11:19:19','2020-03-27 17:05:42','0cd44ad4-bc9c-4e31-81df-7fa750faf2a1'),(126,NULL,26,10,'craft\\elements\\Entry',1,0,'2020-03-27 11:19:19','2020-03-27 11:19:19','2020-03-27 17:05:42','3c59e90b-0e21-4278-abea-e4760b000caf'),(127,NULL,NULL,10,'craft\\elements\\Entry',1,0,'2020-03-27 17:02:06','2020-03-27 11:19:41','2020-03-27 17:05:42','d54675c3-3a18-466d-a816-5eae5f93a954'),(128,NULL,27,10,'craft\\elements\\Entry',1,0,'2020-03-27 11:19:41','2020-03-27 11:19:41','2020-03-27 17:05:42','b6411090-4ddf-4cf0-a08b-611f2ecf4c53'),(129,NULL,NULL,10,'craft\\elements\\Entry',1,0,'2020-03-27 17:02:06','2020-03-27 11:20:19','2020-03-27 17:05:42','839711db-2dd2-4c93-adda-6f05cdbc9479'),(130,NULL,28,10,'craft\\elements\\Entry',1,0,'2020-03-27 11:20:19','2020-03-27 11:20:19','2020-03-27 17:05:42','1d4c368c-ecb8-447b-bd75-cd7de7a6ef58'),(131,NULL,NULL,10,'craft\\elements\\Entry',1,0,'2020-03-27 17:02:06','2020-03-27 11:20:28','2020-03-27 17:05:42','ac5d7d7b-bafe-4437-91d3-443061f19429'),(132,NULL,29,10,'craft\\elements\\Entry',1,0,'2020-03-27 11:20:28','2020-03-27 11:20:28','2020-03-27 17:05:42','0586cd10-5e2e-49f0-95bf-a565778b9015'),(133,NULL,NULL,10,'craft\\elements\\Entry',1,0,'2020-03-27 17:02:06','2020-03-27 11:20:39','2020-03-27 17:05:42','1dd81477-7185-4c86-8139-76b67733f382'),(134,NULL,30,10,'craft\\elements\\Entry',1,0,'2020-03-27 11:20:39','2020-03-27 11:20:39','2020-03-27 17:05:42','eafe965b-4da3-4643-b2c9-7cadb065f734'),(135,NULL,NULL,10,'craft\\elements\\Entry',1,0,'2020-03-27 17:02:09','2020-03-27 11:01:11','2020-03-27 17:04:49','7db60bf2-c2ea-4ca7-9460-683ae07a96ef'),(136,NULL,31,10,'craft\\elements\\Entry',1,0,'2020-03-27 11:01:11','2020-03-27 11:01:11','2020-03-27 17:04:49','6b1d0923-2204-4888-bfc5-844ff5ab54aa'),(137,NULL,NULL,10,'craft\\elements\\Entry',1,0,'2020-03-27 17:02:09','2020-03-27 11:19:19','2020-03-27 17:05:42','31c798ee-ccb9-4ab6-85ca-1766d06c1325'),(138,NULL,32,10,'craft\\elements\\Entry',1,0,'2020-03-27 11:19:19','2020-03-27 11:19:19','2020-03-27 17:05:42','7b1bc921-3ba2-4838-aec0-f69a0a9061be'),(139,NULL,NULL,10,'craft\\elements\\Entry',1,0,'2020-03-27 17:02:09','2020-03-27 11:19:41','2020-03-27 17:05:42','deb8874b-d13b-4966-8d73-82de940a7d60'),(140,NULL,33,10,'craft\\elements\\Entry',1,0,'2020-03-27 11:19:41','2020-03-27 11:19:41','2020-03-27 17:05:42','fca48642-3fbf-40f6-ac01-a854f2f1b5ab'),(141,NULL,NULL,10,'craft\\elements\\Entry',1,0,'2020-03-27 17:02:09','2020-03-27 11:20:19','2020-03-27 17:05:42','f8238d25-2e15-4db2-be42-7103d845f66d'),(142,NULL,34,10,'craft\\elements\\Entry',1,0,'2020-03-27 11:20:19','2020-03-27 11:20:19','2020-03-27 17:05:42','8067c351-fb5f-4336-a228-59e14638b3f8'),(143,NULL,NULL,10,'craft\\elements\\Entry',1,0,'2020-03-27 17:02:09','2020-03-27 11:20:28','2020-03-27 17:05:42','b69bf4e0-d4e1-4218-a219-6775020f6dd2'),(144,NULL,35,10,'craft\\elements\\Entry',1,0,'2020-03-27 11:20:28','2020-03-27 11:20:28','2020-03-27 17:05:42','aa70c532-83f3-4f39-ab20-fa3159dabacb'),(145,NULL,NULL,10,'craft\\elements\\Entry',1,0,'2020-03-27 17:02:09','2020-03-27 11:20:39','2020-03-27 17:05:42','df2737d9-469d-419b-8b61-5edae72cb7fb'),(146,NULL,36,10,'craft\\elements\\Entry',1,0,'2020-03-27 11:20:39','2020-03-27 11:20:39','2020-03-27 17:05:42','e309df04-639d-466e-9c50-962d1f0d1191'),(148,NULL,NULL,46,'craft\\elements\\Entry',1,0,'2020-03-28 14:13:11','2020-04-02 14:17:21',NULL,'677b5761-b1b2-4491-8d0a-032f3fbc571a'),(149,NULL,37,46,'craft\\elements\\Entry',1,0,'2020-03-28 14:13:11','2020-03-28 14:13:11',NULL,'f7b25324-2aa8-4aa2-9d04-2ef4eed79826'),(151,NULL,NULL,46,'craft\\elements\\Entry',1,0,'2020-03-28 14:13:38','2020-03-28 14:13:38',NULL,'689f0709-96ad-4640-a9f7-8a06e2fd5486'),(152,NULL,38,46,'craft\\elements\\Entry',1,0,'2020-03-28 14:13:38','2020-03-28 14:13:38',NULL,'cfec6655-4505-4cca-86ad-467ecf82d7b3'),(154,NULL,NULL,4,'craft\\elements\\Entry',1,0,'2020-03-28 14:38:54','2020-03-28 14:38:54','2020-03-28 18:08:59','f4ee3264-58a4-41be-8b3b-48d66421cb3e'),(155,NULL,39,4,'craft\\elements\\Entry',1,0,'2020-03-28 14:38:54','2020-03-28 14:38:54','2020-03-28 18:08:59','b34d774b-f7dc-4dd6-b26d-05dde465b1ac'),(157,NULL,NULL,4,'craft\\elements\\Entry',1,0,'2020-03-28 14:39:19','2020-03-28 14:39:19','2020-03-28 18:09:07','83031bc0-b99c-48c7-a18d-38dfa943a8be'),(158,NULL,40,4,'craft\\elements\\Entry',1,0,'2020-03-28 14:39:19','2020-03-28 14:39:19','2020-03-28 18:09:07','73e44ef0-86c9-46db-9ea8-ecac3f53ef58'),(160,NULL,NULL,4,'craft\\elements\\Entry',1,0,'2020-03-28 14:39:26','2020-03-28 14:39:26','2020-03-28 18:09:07','ea29ae2f-ab5a-4e39-a839-c22b45cfcdab'),(161,NULL,41,4,'craft\\elements\\Entry',1,0,'2020-03-28 14:39:26','2020-03-28 14:39:26','2020-03-28 18:09:07','cb459771-3fa7-4b6d-805d-208f5521cba0'),(163,NULL,NULL,4,'craft\\elements\\Entry',1,0,'2020-03-28 14:39:36','2020-03-28 14:39:36','2020-03-28 18:09:07','18b8fa5b-1757-4eda-bb7a-99ff5cc89729'),(164,NULL,42,4,'craft\\elements\\Entry',1,0,'2020-03-28 14:39:36','2020-03-28 14:39:36','2020-03-28 18:09:07','41604f84-f9e4-4c96-8f94-ea9fbeb75b7e'),(166,NULL,NULL,4,'craft\\elements\\Entry',1,0,'2020-03-28 14:39:51','2020-03-28 14:39:51','2020-03-28 18:09:07','8e4b7e86-cc61-46d3-a01a-d57c2da27b58'),(167,NULL,43,4,'craft\\elements\\Entry',1,0,'2020-03-28 14:39:51','2020-03-28 14:39:51','2020-03-28 18:09:07','4f6a2ef7-dde9-41d3-bdca-9ae5b10c4d74'),(169,NULL,NULL,4,'craft\\elements\\Entry',1,0,'2020-03-28 14:39:57','2020-03-28 14:39:57','2020-03-28 18:09:07','32701027-67fd-45b5-bb33-43951675e59a'),(170,NULL,44,4,'craft\\elements\\Entry',1,0,'2020-03-28 14:39:57','2020-03-28 14:39:57','2020-03-28 18:09:07','591239de-8c1b-4ac9-b558-02947047a864'),(172,NULL,NULL,4,'craft\\elements\\Entry',1,0,'2020-03-28 14:40:16','2020-03-28 14:40:16','2020-03-28 18:09:07','dfc1a556-09c1-4707-91f6-182834256391'),(173,NULL,45,4,'craft\\elements\\Entry',1,0,'2020-03-28 14:40:16','2020-03-28 14:40:16','2020-03-28 18:09:07','3851f5e7-1373-433b-aded-fe56822e84c6'),(175,NULL,NULL,4,'craft\\elements\\Entry',1,0,'2020-03-28 14:40:29','2020-03-28 14:40:29','2020-03-28 18:09:07','f5ec3102-6960-4108-84cd-4f08b36bf966'),(176,NULL,46,4,'craft\\elements\\Entry',1,0,'2020-03-28 14:40:29','2020-03-28 14:40:29','2020-03-28 18:09:07','d04ff62a-3b3a-4711-92a4-32bda66d663b'),(178,NULL,NULL,4,'craft\\elements\\Entry',1,0,'2020-03-28 14:40:42','2020-03-28 14:40:42','2020-03-28 18:09:07','b8c77acf-2d03-45b3-8d89-5e0a1af8e8ab'),(179,NULL,47,4,'craft\\elements\\Entry',1,0,'2020-03-28 14:40:42','2020-03-28 14:40:42','2020-03-28 18:09:07','dd44410a-b888-4281-b07d-baa8ceaeafdc'),(181,NULL,NULL,4,'craft\\elements\\Entry',1,0,'2020-03-28 14:40:52','2020-03-28 14:40:52','2020-03-28 18:08:59','b282d5a4-2d4f-4322-8800-0deb3be0cb9d'),(182,NULL,48,4,'craft\\elements\\Entry',1,0,'2020-03-28 14:40:52','2020-03-28 14:40:52','2020-03-28 18:08:59','a16f2ed2-515c-435a-b55d-468e2d363316'),(184,NULL,NULL,4,'craft\\elements\\Entry',1,0,'2020-03-28 14:41:08','2020-03-28 14:41:08','2020-03-28 18:09:07','ca8ab41b-500f-442a-968b-082c7375d9a9'),(185,NULL,49,4,'craft\\elements\\Entry',1,0,'2020-03-28 14:41:08','2020-03-28 14:41:08','2020-03-28 18:09:07','2f5a761f-174d-4e86-a95b-23436ec652b5'),(187,NULL,NULL,4,'craft\\elements\\Entry',1,0,'2020-03-28 14:41:18','2020-03-28 14:41:18','2020-03-28 18:09:07','0b32b5c0-6b48-4754-9242-f9b40f08bd5c'),(188,NULL,50,4,'craft\\elements\\Entry',1,0,'2020-03-28 14:41:18','2020-03-28 14:41:18','2020-03-28 18:09:07','090a599e-68c8-495b-b845-5fba0282ee7c'),(190,NULL,NULL,4,'craft\\elements\\Entry',1,0,'2020-03-28 14:41:24','2020-03-28 14:41:24','2020-03-28 18:09:07','7bbfe53e-548f-469a-ae79-13cb579455db'),(191,NULL,51,4,'craft\\elements\\Entry',1,0,'2020-03-28 14:41:24','2020-03-28 14:41:24','2020-03-28 18:09:07','4f184c7c-69fd-474b-a546-2aec4935c8bd'),(193,NULL,NULL,4,'craft\\elements\\Entry',1,0,'2020-03-28 14:41:33','2020-03-28 14:41:33','2020-03-28 18:09:07','bce847f0-8d22-464c-8b91-4bbbeb5ef38a'),(194,NULL,52,4,'craft\\elements\\Entry',1,0,'2020-03-28 14:41:33','2020-03-28 14:41:33','2020-03-28 18:09:07','dce18919-d464-4dde-99fb-f5e0656e9f4b'),(196,NULL,NULL,4,'craft\\elements\\Entry',1,0,'2020-03-28 14:41:43','2020-03-28 14:41:43','2020-03-28 18:09:07','018f210b-4e36-4451-9945-e807f0905c9e'),(197,NULL,53,4,'craft\\elements\\Entry',1,0,'2020-03-28 14:41:43','2020-03-28 14:41:43','2020-03-28 18:09:07','66e36553-665b-4694-8a2f-db857bdcff54'),(198,35,NULL,4,'craft\\elements\\Entry',1,0,'2020-03-28 14:41:43','2020-03-28 14:41:43',NULL,'21b09c4a-9f2f-4b3d-bd8f-4b03728a0033'),(200,NULL,NULL,4,'craft\\elements\\Entry',1,0,'2020-03-28 14:41:58','2020-03-28 14:41:58','2020-03-28 18:08:59','0a99c219-6a6e-4d79-be1d-4856f5389028'),(201,NULL,54,4,'craft\\elements\\Entry',1,0,'2020-03-28 14:41:58','2020-03-28 14:41:58','2020-03-28 18:08:59','2c94d30d-a5ad-4b56-b038-822e93314ea6'),(203,NULL,NULL,4,'craft\\elements\\Entry',1,0,'2020-03-28 14:42:09','2020-03-28 14:42:09','2020-03-28 18:09:07','46f86502-0a9e-4b56-b8c8-3f570cb8d87a'),(204,NULL,55,4,'craft\\elements\\Entry',1,0,'2020-03-28 14:42:09','2020-03-28 14:42:09','2020-03-28 18:09:07','1c0cd9a9-adba-4bcf-b235-9d2a22e96c79'),(206,NULL,NULL,4,'craft\\elements\\Entry',1,0,'2020-03-28 14:42:44','2020-03-28 14:42:44','2020-03-28 18:09:07','76963611-e19b-40f9-bc8b-930f41c009fd'),(207,NULL,56,4,'craft\\elements\\Entry',1,0,'2020-03-28 14:42:44','2020-03-28 14:42:44','2020-03-28 18:09:07','60d3dcb3-d10f-4ea6-b0db-a14e3ae41de8'),(209,NULL,NULL,4,'craft\\elements\\Entry',1,0,'2020-03-28 14:42:53','2020-03-28 14:42:53','2020-03-28 18:09:07','e5823ed0-e99e-43e0-aa92-145e4da2f780'),(210,NULL,57,4,'craft\\elements\\Entry',1,0,'2020-03-28 14:42:53','2020-03-28 14:42:53','2020-03-28 18:09:07','bc89abe5-2d74-43fc-ad1d-9560e9ddd138'),(212,NULL,NULL,4,'craft\\elements\\Entry',1,0,'2020-03-28 14:43:00','2020-03-28 14:43:00','2020-03-28 18:09:07','b91500f4-f682-4159-977c-2005337b309a'),(213,NULL,58,4,'craft\\elements\\Entry',1,0,'2020-03-28 14:43:00','2020-03-28 14:43:00','2020-03-28 18:09:07','5297b7cd-1cfb-4483-8985-c48beee76aec'),(215,NULL,NULL,4,'craft\\elements\\Entry',1,0,'2020-03-28 14:43:12','2020-03-28 14:43:12','2020-03-28 18:09:07','c89f3514-0327-4567-9a2a-e6620d9f8863'),(216,NULL,59,4,'craft\\elements\\Entry',1,0,'2020-03-28 14:43:12','2020-03-28 14:43:12','2020-03-28 18:09:07','3a83c55c-e362-4926-99de-c6c4251a0425'),(218,NULL,NULL,4,'craft\\elements\\Entry',1,0,'2020-03-28 14:43:25','2020-03-28 14:43:25','2020-03-28 18:09:07','2b14f952-3ca5-4c1b-a219-175f85419730'),(219,NULL,60,4,'craft\\elements\\Entry',1,0,'2020-03-28 14:43:25','2020-03-28 14:43:25','2020-03-28 18:09:07','57118242-6eff-4cd9-9706-7f9d97721905'),(221,NULL,NULL,4,'craft\\elements\\Entry',1,0,'2020-03-28 14:43:31','2020-03-28 14:43:31','2020-03-28 18:09:07','94e5a148-65d7-4616-9367-7e7e52a1a67d'),(222,NULL,61,4,'craft\\elements\\Entry',1,0,'2020-03-28 14:43:31','2020-03-28 14:43:31','2020-03-28 18:09:07','90047cad-9e67-4072-b142-0c579c23622d'),(224,NULL,NULL,4,'craft\\elements\\Entry',1,0,'2020-03-28 14:43:47','2020-03-28 14:43:47','2020-03-28 18:08:59','e768a56d-3d71-48fb-bf2b-88355180e3a0'),(225,NULL,62,4,'craft\\elements\\Entry',1,0,'2020-03-28 14:43:47','2020-03-28 14:43:47','2020-03-28 18:08:59','b1c744d8-3bc9-4261-99af-7ec884601385'),(227,NULL,NULL,4,'craft\\elements\\Entry',1,0,'2020-03-28 14:43:58','2020-03-28 14:43:58','2020-03-28 18:09:07','8776d456-1d9e-4e20-a70f-a098ab526c7b'),(228,NULL,63,4,'craft\\elements\\Entry',1,0,'2020-03-28 14:43:58','2020-03-28 14:43:58','2020-03-28 18:09:07','3746106e-5d62-470b-9d0b-fe4b882a6a06'),(230,NULL,NULL,4,'craft\\elements\\Entry',1,0,'2020-03-28 14:44:08','2020-03-28 14:44:08','2020-03-28 18:09:07','00a2e81d-6209-4503-b189-171544618e9e'),(231,NULL,64,4,'craft\\elements\\Entry',1,0,'2020-03-28 14:44:08','2020-03-28 14:44:08','2020-03-28 18:09:07','1de25525-11ff-473a-a340-a37d970068a1'),(233,NULL,NULL,4,'craft\\elements\\Entry',1,0,'2020-03-28 14:44:12','2020-03-28 14:44:12','2020-03-28 18:09:08','894b3b72-2ecb-4630-a345-a622aacfb1a3'),(234,NULL,65,4,'craft\\elements\\Entry',1,0,'2020-03-28 14:44:12','2020-03-28 14:44:12','2020-03-28 18:09:08','ea575a47-7950-407a-bce4-39d5de2d5c6b'),(235,NULL,NULL,7,'craft\\elements\\Entry',1,0,'2020-03-28 15:06:05','2020-03-28 15:06:05',NULL,'0a657795-1cb1-4499-9891-8f9c8fbc3b85'),(236,NULL,NULL,15,'craft\\elements\\MatrixBlock',1,0,'2020-03-28 15:06:06','2020-03-28 15:06:06',NULL,'757f7052-2049-440d-87a9-1c3ccda3b319'),(237,NULL,66,7,'craft\\elements\\Entry',1,0,'2020-03-28 15:06:05','2020-03-28 15:06:05',NULL,'c6259883-2ecb-4ebc-be70-dad963c85c0d'),(238,NULL,NULL,15,'craft\\elements\\MatrixBlock',1,0,'2020-03-28 15:06:06','2020-03-28 15:06:06',NULL,'f3b55396-be4a-48fd-aee3-d457bac737a3'),(239,NULL,NULL,1,'craft\\elements\\Asset',1,0,'2020-03-28 15:08:45','2020-03-28 15:09:02',NULL,'d0df4935-5244-494b-a229-4d9097950928'),(241,NULL,NULL,27,'craft\\elements\\MatrixBlock',1,0,'2020-03-29 15:11:24','2020-03-29 15:11:24','2020-03-29 15:11:38','ba53a7cb-515f-4684-a190-54ce5789181b'),(242,NULL,NULL,34,'craft\\elements\\Entry',1,0,'2020-03-29 15:11:35','2020-03-29 15:11:35','2020-03-29 17:17:54','4e0e2dfd-9546-46ac-a218-575f49a9d432'),(243,NULL,67,34,'craft\\elements\\Entry',1,0,'2020-03-29 15:11:35','2020-03-29 15:11:35','2020-03-29 17:17:54','09923cac-5db8-4e97-b62e-1a1eac3a00e6'),(244,NULL,NULL,27,'craft\\elements\\MatrixBlock',1,0,'2020-03-29 15:11:38','2020-03-29 15:11:38','2020-03-29 15:11:40','41656a04-ad63-45d7-9e94-5593a03868c0'),(245,NULL,NULL,27,'craft\\elements\\MatrixBlock',1,0,'2020-03-29 15:11:40','2020-03-29 15:11:40','2020-03-29 15:12:29','0a6cc303-0fb2-476c-8c97-846ed3ae63f8'),(246,NULL,NULL,28,'craft\\elements\\MatrixBlock',1,0,'2020-03-29 15:11:40','2020-03-29 15:11:40','2020-03-29 15:12:29','19649d0a-04e9-4c86-b00c-61cfdebc8fcd'),(247,NULL,NULL,35,'craft\\elements\\Entry',1,0,'2020-03-29 15:12:27','2020-03-29 15:12:27','2020-03-29 17:17:54','c7237a36-16c9-42d8-8caf-6f53414cc53c'),(248,NULL,68,35,'craft\\elements\\Entry',1,0,'2020-03-29 15:12:27','2020-03-29 15:12:27','2020-03-29 17:17:54','282ce2fe-e193-47ef-a347-3c2546844223'),(249,NULL,NULL,27,'craft\\elements\\MatrixBlock',1,0,'2020-03-29 15:12:29','2020-03-29 15:12:29','2020-03-29 15:12:47','5a0f1f9e-e743-4186-8963-9004c41f6aaa'),(250,NULL,NULL,28,'craft\\elements\\MatrixBlock',1,0,'2020-03-29 15:12:29','2020-03-29 15:12:29','2020-03-29 15:12:47','169f43a9-9616-426d-a00e-08d6cf95402b'),(251,NULL,NULL,36,'craft\\elements\\Entry',1,0,'2020-03-29 15:12:44','2020-03-29 15:12:44','2020-03-29 17:17:54','4a7d940f-1be2-4ddb-b598-80fb6730adeb'),(252,NULL,69,36,'craft\\elements\\Entry',1,0,'2020-03-29 15:12:44','2020-03-29 15:12:44','2020-03-29 17:17:54','45fdb208-0d10-479e-885d-c53cb8ae8593'),(253,NULL,NULL,27,'craft\\elements\\MatrixBlock',1,0,'2020-03-29 15:12:47','2020-03-29 15:12:47','2020-03-29 15:12:50','06916048-dfa5-4ae4-bfcc-3b416a22a881'),(254,NULL,NULL,28,'craft\\elements\\MatrixBlock',1,0,'2020-03-29 15:12:47','2020-03-29 15:12:47','2020-03-29 15:12:50','006df1d3-bf93-4cbb-9f80-8987b6ab3727'),(255,NULL,NULL,27,'craft\\elements\\MatrixBlock',1,0,'2020-03-29 15:12:50','2020-03-29 15:12:50','2020-03-29 15:12:52','93575d2e-3552-4cfa-828f-ec957dd76979'),(256,NULL,NULL,28,'craft\\elements\\MatrixBlock',1,0,'2020-03-29 15:12:50','2020-03-29 15:12:50','2020-03-29 15:12:52','20a987d2-1128-48d6-8e92-d366f424fae5'),(257,NULL,NULL,30,'craft\\elements\\MatrixBlock',1,0,'2020-03-29 15:12:50','2020-03-29 15:12:50','2020-03-29 15:12:52','6715d8e1-b5a6-4e3e-914d-9b15c6f78c52'),(258,NULL,NULL,27,'craft\\elements\\MatrixBlock',1,0,'2020-03-29 15:12:52','2020-03-29 15:12:52','2020-03-29 15:13:12','c5307fc2-522f-4789-a579-18fa3524263d'),(259,NULL,NULL,28,'craft\\elements\\MatrixBlock',1,0,'2020-03-29 15:12:52','2020-03-29 15:12:52','2020-03-29 15:13:12','4fa1c4a1-2bf3-4d80-832c-54c34f10b7bf'),(260,NULL,NULL,30,'craft\\elements\\MatrixBlock',1,0,'2020-03-29 15:12:52','2020-03-29 15:12:52','2020-03-29 15:13:12','72960361-1281-405c-99b9-b2b4eeb4fca1'),(261,NULL,NULL,27,'craft\\elements\\MatrixBlock',1,0,'2020-03-29 15:12:52','2020-03-29 15:12:52','2020-03-29 15:13:12','f232facf-7e8a-4be0-9e2a-2a67afe3b4d9'),(262,NULL,NULL,37,'craft\\elements\\Entry',1,0,'2020-03-29 15:13:09','2020-03-29 15:13:09','2020-03-29 17:17:54','cb01e6e7-2ff8-4a73-a260-e6c0dd8ce313'),(263,NULL,70,37,'craft\\elements\\Entry',1,0,'2020-03-29 15:13:09','2020-03-29 15:13:09','2020-03-29 17:17:54','81ab8cb6-f289-4595-8492-fe8acbdd8127'),(264,NULL,NULL,27,'craft\\elements\\MatrixBlock',1,0,'2020-03-29 15:13:12','2020-03-29 15:13:12','2020-03-29 15:13:15','d11631ed-04a3-4ed4-8843-eb3b67871af0'),(265,NULL,NULL,28,'craft\\elements\\MatrixBlock',1,0,'2020-03-29 15:13:12','2020-03-29 15:13:12','2020-03-29 15:13:15','68ab7a1f-6ab5-4d46-b231-18cde7461857'),(266,NULL,NULL,30,'craft\\elements\\MatrixBlock',1,0,'2020-03-29 15:13:12','2020-03-29 15:13:12','2020-03-29 15:13:15','5dc89bd6-822b-4bc9-8de9-06ec42a37cb5'),(267,NULL,NULL,27,'craft\\elements\\MatrixBlock',1,0,'2020-03-29 15:13:12','2020-03-29 15:13:12','2020-03-29 15:13:15','8220bed4-1119-4567-9224-cd3e375d60cb'),(272,NULL,NULL,33,'craft\\elements\\Entry',1,0,'2020-03-29 15:13:15','2020-03-29 15:29:46','2020-03-29 17:17:47','6186a41c-11ec-4727-a6a4-d3719cf63802'),(273,NULL,NULL,27,'craft\\elements\\MatrixBlock',1,0,'2020-03-29 15:13:15','2020-03-29 15:13:15','2020-03-29 17:17:47','2a733437-bd61-42a8-a48a-6634e31afda9'),(274,NULL,NULL,28,'craft\\elements\\MatrixBlock',1,0,'2020-03-29 15:13:15','2020-03-29 15:13:15','2020-03-29 17:17:47','2c538f45-8c23-4fac-a28a-ddd8e846371c'),(275,NULL,NULL,30,'craft\\elements\\MatrixBlock',1,0,'2020-03-29 15:13:15','2020-03-29 15:13:15','2020-03-29 17:17:47','a651bd69-7eaa-40d1-afec-c1e1f091ba50'),(276,NULL,NULL,27,'craft\\elements\\MatrixBlock',1,0,'2020-03-29 15:13:15','2020-03-29 15:13:15','2020-03-29 17:17:47','b480ccdb-f1ba-4497-bc5e-7fa71c58eb79'),(277,NULL,71,33,'craft\\elements\\Entry',1,0,'2020-03-29 15:13:15','2020-03-29 15:13:15','2020-03-29 17:17:47','39586b3a-b90f-4385-8c78-204dbbdc1332'),(278,NULL,NULL,27,'craft\\elements\\MatrixBlock',1,0,'2020-03-29 15:13:15','2020-03-29 15:13:15',NULL,'71e2b283-9490-47f2-b1b0-5516b80f5eba'),(279,NULL,NULL,28,'craft\\elements\\MatrixBlock',1,0,'2020-03-29 15:13:15','2020-03-29 15:13:15',NULL,'e9069d7f-adcb-44e1-9cba-2f6e05c19c8e'),(280,NULL,NULL,30,'craft\\elements\\MatrixBlock',1,0,'2020-03-29 15:13:15','2020-03-29 15:13:15',NULL,'ea2ad482-88b0-48c6-b902-415833da5d44'),(281,NULL,NULL,27,'craft\\elements\\MatrixBlock',1,0,'2020-03-29 15:13:15','2020-03-29 15:13:15',NULL,'dd7819be-f82d-4cf0-8d9b-cf9776d1b217'),(282,NULL,NULL,43,'craft\\elements\\Entry',1,0,'2020-03-29 15:26:06','2020-03-29 15:26:06','2020-03-29 17:17:54','250c92ba-56f1-442f-9b27-f51e13849d42'),(283,NULL,72,43,'craft\\elements\\Entry',1,0,'2020-03-29 15:26:06','2020-03-29 15:26:06','2020-03-29 17:17:54','1baff9fc-fb0b-4484-935c-e71d7916f6d2'),(284,NULL,NULL,40,'craft\\elements\\Entry',1,0,'2020-03-29 15:26:35','2020-03-29 15:26:35','2020-03-29 17:17:54','4674ea78-6e99-4e65-b7ea-5c5fee132cc1'),(285,NULL,73,40,'craft\\elements\\Entry',1,0,'2020-03-29 15:26:35','2020-03-29 15:26:35','2020-03-29 17:17:54','9d442f8d-ac46-4079-893e-f6cb5765a9e7'),(286,NULL,NULL,41,'craft\\elements\\Entry',1,0,'2020-03-29 15:27:19','2020-03-29 15:27:19','2020-03-29 17:17:54','48ec08c5-57e3-40c0-8c6f-8ee8a535e99a'),(287,NULL,74,41,'craft\\elements\\Entry',1,0,'2020-03-29 15:27:19','2020-03-29 15:27:19','2020-03-29 17:17:54','6dab9c5c-79bf-490a-b3d0-293fe04f757d'),(288,NULL,NULL,42,'craft\\elements\\Entry',1,0,'2020-03-29 15:27:50','2020-03-29 15:27:50','2020-03-29 17:17:54','2752419d-abc2-4a08-b35a-2c9e1e353fda'),(289,NULL,75,42,'craft\\elements\\Entry',1,0,'2020-03-29 15:27:50','2020-03-29 15:27:50','2020-03-29 17:17:54','0a2405f0-69d3-4092-9d98-9cb09b76d9ba'),(290,NULL,NULL,39,'craft\\elements\\Entry',1,0,'2020-03-29 15:28:31','2020-03-29 15:28:31','2020-03-29 17:17:54','e602cc53-6f54-4a41-9fe2-f269c82abd48'),(291,NULL,76,39,'craft\\elements\\Entry',1,0,'2020-03-29 15:28:31','2020-03-29 15:28:31','2020-03-29 17:17:54','edc19010-f263-4b9c-ad20-1e5eaf588d4b'),(292,NULL,NULL,38,'craft\\elements\\Entry',1,0,'2020-03-29 15:29:34','2020-03-29 15:29:34','2020-03-29 17:17:54','a96a09a8-0f5e-41a2-aa59-f31db018c46f'),(293,NULL,77,38,'craft\\elements\\Entry',1,0,'2020-03-29 15:29:34','2020-03-29 15:29:34','2020-03-29 17:17:54','255c7a28-3e8b-4d61-911a-fafadf4bef45'),(294,NULL,NULL,30,'craft\\elements\\MatrixBlock',1,0,'2020-03-29 15:29:46','2020-03-29 15:29:46','2020-03-29 17:17:47','36857eda-9f75-421a-bc5c-a62a9123dd71'),(295,NULL,NULL,29,'craft\\elements\\MatrixBlock',1,0,'2020-03-29 15:29:46','2020-03-29 15:29:46','2020-03-29 17:17:47','2dfe90d5-6863-47c5-adc2-4d79902b4064'),(296,NULL,NULL,27,'craft\\elements\\MatrixBlock',1,0,'2020-03-29 15:29:46','2020-03-29 15:29:46','2020-03-29 17:17:47','c6b0aba1-8bd5-4d85-901b-2943f250f422'),(297,NULL,NULL,28,'craft\\elements\\MatrixBlock',1,0,'2020-03-29 15:29:46','2020-03-29 15:29:46','2020-03-29 17:17:47','1f457a96-543d-4382-b78b-71e9a0f8f817'),(298,NULL,78,33,'craft\\elements\\Entry',1,0,'2020-03-29 15:29:46','2020-03-29 15:29:46','2020-03-29 17:17:47','95286000-f7fe-4ee6-bcfd-6c3cd3cfd24e'),(299,NULL,NULL,27,'craft\\elements\\MatrixBlock',1,0,'2020-03-29 15:29:46','2020-03-29 15:13:15',NULL,'9933a7f0-a16d-40b5-a3ff-687727511d71'),(300,NULL,NULL,28,'craft\\elements\\MatrixBlock',1,0,'2020-03-29 15:29:46','2020-03-29 15:13:15',NULL,'85121b52-328f-4a61-8b6a-0c762f9cf2e2'),(301,NULL,NULL,30,'craft\\elements\\MatrixBlock',1,0,'2020-03-29 15:29:46','2020-03-29 15:13:15',NULL,'40164301-80e2-4015-8760-4370eac8a765'),(302,NULL,NULL,27,'craft\\elements\\MatrixBlock',1,0,'2020-03-29 15:29:46','2020-03-29 15:13:15',NULL,'fff384db-8728-46d1-acc3-7a36b915cfba'),(303,NULL,NULL,30,'craft\\elements\\MatrixBlock',1,0,'2020-03-29 15:29:46','2020-03-29 15:29:46',NULL,'6bd5a74d-9abe-408d-a351-b0068f42d1b7'),(304,NULL,NULL,29,'craft\\elements\\MatrixBlock',1,0,'2020-03-29 15:29:46','2020-03-29 15:29:46',NULL,'13a9bfa8-c91d-4371-9637-06a8ce77fefc'),(305,NULL,NULL,27,'craft\\elements\\MatrixBlock',1,0,'2020-03-29 15:29:46','2020-03-29 15:29:46',NULL,'51216338-00eb-4339-b308-bcdd4648a069'),(306,NULL,NULL,28,'craft\\elements\\MatrixBlock',1,0,'2020-03-29 15:29:46','2020-03-29 15:29:46',NULL,'8fc6b067-2875-49b8-956c-aee8a2c41085'),(307,NULL,NULL,32,'craft\\elements\\Entry',1,0,'2020-03-29 15:50:37','2020-03-29 15:50:37','2020-03-29 17:10:30','2bdb521f-c966-4faf-8e64-0a77a84aa409'),(308,NULL,79,32,'craft\\elements\\Entry',1,0,'2020-03-29 15:50:37','2020-03-29 15:50:37','2020-03-29 17:10:30','3ef50e2e-4b5d-4c03-ba84-792cea771d28'),(309,NULL,NULL,32,'craft\\elements\\Entry',1,0,'2020-03-29 15:58:22','2020-03-29 15:58:22','2020-03-29 17:10:30','b94c01f7-3c8a-45a0-805c-cded31646629'),(310,NULL,80,32,'craft\\elements\\Entry',1,0,'2020-03-29 15:58:22','2020-03-29 15:58:22','2020-03-29 17:10:30','25ab8ebd-34cf-4a2d-a5af-7e0d4d2ca598'),(311,NULL,NULL,32,'craft\\elements\\Entry',1,0,'2020-03-29 17:05:19','2020-03-29 17:05:19','2020-03-29 17:10:30','7b1b807e-c37b-42ee-bfe5-442cb87e49d2'),(312,NULL,81,32,'craft\\elements\\Entry',1,0,'2020-03-29 17:05:19','2020-03-29 17:05:19','2020-03-29 17:10:30','35f4e5e9-c0e1-40f8-b486-611ce9bf05b6'),(313,NULL,NULL,32,'craft\\elements\\Entry',1,0,'2020-03-29 17:10:03','2020-03-29 17:10:03','2020-03-29 17:10:30','6b77dab2-f574-4e90-88d4-a3d4665ed81e'),(314,NULL,82,32,'craft\\elements\\Entry',1,0,'2020-03-29 17:10:03','2020-03-29 17:10:03','2020-03-29 17:10:30','89bc1bf1-7acf-4bef-be3c-380540d345ad'),(315,37,NULL,32,'craft\\elements\\Entry',1,0,'2020-03-29 17:28:01','2020-03-29 17:28:01',NULL,'9a3ee1b4-9def-47b4-8e8d-bc2f593f4d01'),(316,38,NULL,32,'craft\\elements\\Entry',1,0,'2020-03-29 17:28:47','2020-03-29 17:28:47',NULL,'a63ecf03-2018-46fc-becf-1f72f4261410'),(317,NULL,83,46,'craft\\elements\\Entry',1,0,'2020-04-02 14:17:21','2020-04-02 14:17:21',NULL,'b6c069be-ae97-49c5-ab08-acfd3ba9c645'),(319,NULL,NULL,4,'craft\\elements\\Entry',1,0,'2020-04-03 15:05:29','2020-04-03 15:05:29',NULL,'f3597476-3a7b-43c1-a543-0e2fac8fd486'),(320,NULL,84,4,'craft\\elements\\Entry',1,0,'2020-04-03 15:05:29','2020-04-03 15:05:29',NULL,'0d656f7a-4b5d-4894-9680-b0e210c502b8'),(322,NULL,NULL,4,'craft\\elements\\Entry',1,0,'2020-04-03 15:06:02','2020-04-03 15:06:02',NULL,'e9b94856-b2f0-46e8-9a0c-8cc446b599a2'),(323,NULL,85,4,'craft\\elements\\Entry',1,0,'2020-04-03 15:06:02','2020-04-03 15:06:02',NULL,'97458836-fbb7-48c0-ae84-b8a245134131'),(324,41,NULL,5,'craft\\elements\\Entry',1,0,'2020-04-03 15:10:53','2020-04-03 15:10:53',NULL,'9a0bddf1-51bf-4d6a-a4f2-cbb1cb2eb1dd'),(325,42,NULL,5,'craft\\elements\\Entry',1,0,'2020-04-03 15:10:56','2020-04-03 15:11:09',NULL,'fcc7b782-0837-4378-b16e-dc0e25cbec06');
/*!40000 ALTER TABLE `elements` ENABLE KEYS */;
UNLOCK TABLES;
commit;

--
-- Dumping data for table `elements_sites`
--

LOCK TABLES `elements_sites` WRITE;
/*!40000 ALTER TABLE `elements_sites` DISABLE KEYS */;
set autocommit=0;
INSERT INTO `elements_sites` VALUES (1,1,1,NULL,NULL,1,'2020-03-17 13:28:07','2020-03-17 13:28:07','c2c47ad6-6bf1-4360-8a75-970389dc2c8c'),(2,2,1,'homepage','__home__',1,'2020-03-19 11:32:39','2020-03-19 11:32:39','abb3752c-8f26-42d5-8809-380750740562'),(3,3,1,'homepage','__home__',1,'2020-03-19 11:32:39','2020-03-19 11:32:39','68ec57b8-d8b6-41f1-bdd6-680ed235e677'),(4,4,1,'blog','blog',1,'2020-03-19 11:32:39','2020-03-19 11:32:39','dfac2693-487b-41d3-b858-e2885c511cc9'),(5,5,1,'blog','blog',1,'2020-03-19 11:32:39','2020-03-19 11:32:39','33dfa16f-2f21-4aaf-9b67-61a3b41cdd63'),(6,6,1,NULL,NULL,1,'2020-03-19 11:32:39','2020-03-19 11:32:39','04f111c1-b93a-447b-872d-514687f562b4'),(7,7,1,'blog','blog',1,'2020-03-19 11:32:40','2020-03-19 11:32:40','5fe50c72-22bc-41eb-b846-0faa7bccb579'),(8,8,1,'homepage','__home__',1,'2020-03-19 11:32:40','2020-03-19 11:32:40','a6243cdb-c371-4ecb-acc0-d901764bf9a6'),(9,9,1,'__temp_4iHCFuHbhpCydV6C0G11YkzG3Gj1163IRol8','blog/__temp_4iHCFuHbhpCydV6C0G11YkzG3Gj1163IRol8',1,'2020-03-21 12:50:46','2020-03-21 12:50:46','337021c6-bfed-40d7-8298-94d2d5893067'),(10,10,1,'__temp_AEAUWZYIWDDDcEtF1ykxjk1sTVFZZcBMKehB','__temp_AEAUWZYIWDDDcEtF1ykxjk1sTVFZZcBMKehB',1,'2020-03-21 13:34:41','2020-03-21 13:34:41','ae69f72d-8f37-4fef-8700-42024756f5de'),(11,11,1,'__temp_vk4Lhubt700mhWagufSSnsSTC8ysFZu0eOUA','__temp_vk4Lhubt700mhWagufSSnsSTC8ysFZu0eOUA',1,'2020-03-21 13:55:37','2020-03-21 13:55:37','4cf69e2b-85e6-40df-a265-39345dc8d75e'),(12,12,1,'__temp_PA74pmmCCOSimx9b21Uli9OKrCWk4a8dZY6Q','__temp_PA74pmmCCOSimx9b21Uli9OKrCWk4a8dZY6Q',1,'2020-03-21 13:56:32','2020-03-21 13:56:32','65f164f0-832b-4339-9a48-06ec899001bb'),(13,13,1,NULL,NULL,1,'2020-03-21 13:56:46','2020-03-21 13:56:46','efc0d527-98f5-4a82-8aca-0762a1588171'),(14,14,1,'__temp_9MSFIjA90eIpmP2mI2ozTRMvC1cYXcSw0ghz','forms/__temp_9MSFIjA90eIpmP2mI2ozTRMvC1cYXcSw0ghz',1,'2020-03-21 14:28:06','2020-03-21 14:28:06','dc3d063a-9af8-471a-bed1-2bff784a1258'),(15,15,1,NULL,NULL,1,'2020-03-21 14:28:39','2020-03-21 14:28:39','574337d5-fb9d-4832-b955-3275b3bd3fb6'),(16,16,1,'__temp_rusPMQUAHmt4rLmsvV687mRzMd6YQPfsVa56','__temp_rusPMQUAHmt4rLmsvV687mRzMd6YQPfsVa56',1,'2020-03-21 14:31:23','2020-03-21 14:31:23','8ce2360e-7bc1-4c18-aa54-f3861a8b1ffb'),(17,17,1,NULL,NULL,1,'2020-03-21 14:31:26','2020-03-21 14:31:26','51083c73-58b8-4976-b634-4ee1f1eb9b29'),(18,18,1,NULL,NULL,1,'2020-03-21 14:31:43','2020-03-21 14:31:43','69371c6a-f2be-44b0-a2b8-80e9943f7612'),(19,19,1,NULL,NULL,1,'2020-03-21 14:31:43','2020-03-21 14:31:43','d707fa24-c663-4a4a-809b-d193b3555ff4'),(20,20,1,NULL,NULL,1,'2020-03-21 14:31:44','2020-03-21 14:31:44','57dc4602-6504-4054-9241-3f37741e6df0'),(21,21,1,NULL,NULL,1,'2020-03-21 14:31:44','2020-03-21 14:31:44','c9833334-0b06-45ba-8176-6f0323b1201b'),(22,22,1,NULL,NULL,1,'2020-03-21 14:31:44','2020-03-21 14:31:44','9ce68154-0f0d-4a66-b0fd-4e95be7cb454'),(23,23,1,NULL,NULL,1,'2020-03-21 14:34:21','2020-03-21 14:34:21','16cd5df3-c027-4bc3-969a-86c56d397231'),(24,24,1,NULL,NULL,1,'2020-03-21 14:35:00','2020-03-21 14:35:00','75997485-6850-4a2b-b64d-834b4a275f29'),(25,25,1,NULL,NULL,1,'2020-03-21 14:35:06','2020-03-21 14:35:06','e86329ff-707c-451c-a54f-a7e3955d6f5a'),(26,26,1,NULL,NULL,1,'2020-03-21 14:35:06','2020-03-21 14:35:06','fad27223-5374-4b73-ad05-ac78ebb6b1bb'),(27,27,1,NULL,NULL,1,'2020-03-21 14:35:36','2020-03-21 14:35:36','74ab41c7-0966-49ec-a6c3-3e07a4ef6e96'),(28,28,1,NULL,NULL,1,'2020-03-21 14:35:39','2020-03-21 14:35:39','358e2128-381e-4afc-92f1-2507691a14d9'),(29,29,1,NULL,NULL,1,'2020-03-21 14:35:42','2020-03-21 14:35:42','996bfa4b-dc0d-4df5-a229-ee0aedc72c11'),(30,30,1,NULL,NULL,1,'2020-03-21 14:35:42','2020-03-21 14:35:42','7e8132c0-c3d8-4f5e-a994-4a876b818b83'),(31,31,1,NULL,NULL,1,'2020-03-21 14:36:13','2020-03-21 14:36:13','081f9970-fcbe-46a2-a5a6-03a4ea480765'),(32,32,1,NULL,NULL,1,'2020-03-21 14:37:36','2020-03-21 14:37:36','f8c55846-05de-4e38-8d37-c57b8db7dedf'),(33,33,1,NULL,NULL,1,'2020-03-21 14:37:36','2020-03-21 14:37:36','a1b99df1-4a93-4c51-a698-6caa086f75ae'),(34,34,1,NULL,NULL,1,'2020-03-21 14:37:36','2020-03-21 14:37:36','8dff7278-fd9b-4ef1-8a76-e9759fa96b70'),(35,35,1,NULL,NULL,1,'2020-03-21 14:38:16','2020-03-21 14:38:16','ac831e91-7754-4818-b1ae-3b701aa6349a'),(36,36,1,NULL,NULL,1,'2020-03-21 14:39:25','2020-03-21 14:39:25','8cb5af30-30fd-4874-9de6-40b9f8bdc3c6'),(37,37,1,NULL,NULL,1,'2020-03-21 14:39:29','2020-03-21 14:39:29','a830c939-1c80-4942-80c2-35e60c787a0b'),(38,38,1,NULL,NULL,1,'2020-03-21 14:39:52','2020-03-21 14:39:52','5c3cfcbb-ce88-46f4-b528-aba48f0a3cbc'),(39,39,1,NULL,NULL,1,'2020-03-21 14:39:54','2020-03-21 14:39:54','03565d85-a3b9-4e39-9959-768a19c34c87'),(40,40,1,NULL,NULL,1,'2020-03-21 14:39:54','2020-03-21 14:39:54','402cfa3d-ae21-42a0-b392-404271d45593'),(41,41,1,NULL,NULL,1,'2020-03-21 14:39:57','2020-03-21 14:39:57','b27148c6-487e-42d5-ab47-15b05413e281'),(42,42,1,NULL,NULL,1,'2020-03-21 14:39:57','2020-03-21 14:39:57','eaf61ad4-49c8-4918-b609-a825744863d6'),(43,43,1,NULL,NULL,1,'2020-03-21 14:39:57','2020-03-21 14:39:57','fc374632-9daa-440c-88a2-81dd11941557'),(44,44,1,NULL,NULL,1,'2020-03-21 14:40:40','2020-03-21 14:40:40','e73e4d9a-67da-49ce-b956-debe17a590e1'),(45,45,1,'__temp_QbJ2HPJX1WjgTUsYPXaFTj5VAd5E1O92bLo0','blog/__temp_QbJ2HPJX1WjgTUsYPXaFTj5VAd5E1O92bLo0',1,'2020-03-21 14:41:42','2020-03-21 14:41:42','348314f0-02ba-464d-a2dd-be96bc872c08'),(46,46,1,'__temp_UtGbM5ZEoZDFAXmGUkfPmwlGvyW3rrkhXu1v','blog/__temp_UtGbM5ZEoZDFAXmGUkfPmwlGvyW3rrkhXu1v',1,'2020-03-21 14:44:16','2020-03-21 14:44:16','7c7b1935-5cdb-4c83-8c2b-bd74093c9130'),(47,47,1,NULL,NULL,1,'2020-03-21 14:46:07','2020-03-21 14:46:07','f6af7ec3-380c-4519-8f40-ef1d874eefa0'),(48,48,1,NULL,NULL,1,'2020-03-21 14:46:10','2020-03-21 14:46:10','0f394445-54c7-4804-91b5-dd89677af83e'),(49,49,1,NULL,NULL,1,'2020-03-21 14:46:14','2020-03-21 14:46:14','d3f26094-8e5b-40c6-a4a6-e71826e10327'),(50,50,1,NULL,NULL,1,'2020-03-21 14:46:16','2020-03-21 14:46:16','1d5b71bd-ef6c-4c5b-a66d-41904bedfb61'),(51,51,1,NULL,NULL,1,'2020-03-21 14:46:16','2020-03-21 14:46:16','6c3854d3-4ad9-4c79-953c-6c453b78c0ae'),(52,52,1,NULL,NULL,1,'2020-03-21 14:46:19','2020-03-21 14:46:19','a0d4edf4-2028-4c73-a710-e85af0deb682'),(53,53,1,NULL,NULL,1,'2020-03-21 14:46:19','2020-03-21 14:46:19','fbd5c4cb-f61f-4e76-8329-4695c1c2f6d9'),(54,54,1,NULL,NULL,1,'2020-03-21 14:46:19','2020-03-21 14:46:19','cfa764e6-5411-4b7e-b1f0-2b1a47e7d10e'),(55,55,1,NULL,NULL,1,'2020-03-21 14:46:21','2020-03-21 14:46:21','eadba7d8-3c7a-4fce-9ba3-2b6d7998b20b'),(56,56,1,NULL,NULL,1,'2020-03-21 14:46:21','2020-03-21 14:46:21','0dc2a80e-f56c-4006-9c72-d4fcdeb768e5'),(57,57,1,NULL,NULL,1,'2020-03-21 14:46:21','2020-03-21 14:46:21','0ffc5ae9-128a-45ff-86b0-441118ed2052'),(58,58,1,NULL,NULL,1,'2020-03-21 14:46:21','2020-03-21 14:46:21','d0462bd9-70bb-41ff-9e33-8b0a7f932976'),(59,59,1,'__temp_v19plfS6oZMeRTujO9vQnnwArZ2aCtcHk3tE',NULL,1,'2020-03-24 18:25:13','2020-03-24 18:25:13','bff38501-0051-4c7d-9522-72c60991e5f4'),(60,60,1,'__temp_AhpFqSdhh5yeUrJSjR6l2FOw9kItdJ0JSLaW','__temp_AhpFqSdhh5yeUrJSjR6l2FOw9kItdJ0JSLaW',1,'2020-03-24 18:25:55','2020-03-24 18:25:55','01e679d1-c3bc-4a9a-a6f2-179886fc849c'),(61,61,1,NULL,NULL,1,'2020-03-24 18:27:18','2020-03-24 18:27:18','456b2e02-c8ed-430c-b28e-4363069cfff5'),(62,62,1,'__temp_RrKCJAnkxFNTDBPIPBuX4KuAZxzW5m4DEhVg','blog/__temp_RrKCJAnkxFNTDBPIPBuX4KuAZxzW5m4DEhVg',1,'2020-03-24 18:27:30','2020-03-24 18:27:30','41641a77-417e-40f7-a78f-35e037777733'),(63,63,1,'__temp_6KdUfTELMgtVzyphoHLeDltjLC0EjdKLtDBF','forms/__temp_6KdUfTELMgtVzyphoHLeDltjLC0EjdKLtDBF',1,'2020-03-24 18:29:00','2020-03-24 18:29:00','1f87ddc4-ab5b-427d-ad53-8fd559616fb5'),(64,64,1,'__temp_DJyl0NSnIVVBwHMSxMtJwzfbnUIleCuczOTE','__temp_DJyl0NSnIVVBwHMSxMtJwzfbnUIleCuczOTE',1,'2020-03-24 18:34:23','2020-03-24 18:34:23','21971a5e-e89b-4390-be52-924df9a7972f'),(65,65,1,'__temp_RnXAQFpa1GGXCeGubcHuf5zCGAZ6rNPSlVSg','__temp_RnXAQFpa1GGXCeGubcHuf5zCGAZ6rNPSlVSg',1,'2020-03-24 18:36:18','2020-03-24 18:36:18','6fe246bc-1619-48b0-85c3-ad722946e26f'),(66,66,1,'__temp_TAoH5oIYmd8iZlOCxm1D9MrzG3rLKn0VS5wW','__temp_TAoH5oIYmd8iZlOCxm1D9MrzG3rLKn0VS5wW',1,'2020-03-24 18:37:50','2020-03-24 18:37:50','3d8ce23a-880b-4a1b-a5ec-303526524327'),(67,67,1,'__temp_KUSzBvyl2ZJsbLRaDjxzHxJ0A1Yf1yhYYnxd',NULL,1,'2020-03-24 18:38:15','2020-03-24 18:38:15','7faaac97-b071-4849-ac80-a29c2616e9a5'),(68,68,1,'__temp_wxgKcr98P7KDKWFzhAGVwkHzxG8tm6Jsey7M','__temp_wxgKcr98P7KDKWFzhAGVwkHzxG8tm6Jsey7M',1,'2020-03-24 18:41:37','2020-03-24 18:41:37','5ca1afac-1e3e-416b-9a5d-4dd9adbaaa07'),(69,69,1,NULL,NULL,1,'2020-03-24 18:41:41','2020-03-24 18:41:41','74a47bec-dcc4-4dac-9b71-5a8b9b275dbc'),(70,70,1,NULL,NULL,1,'2020-03-24 18:41:41','2020-03-24 18:41:41','2ca91610-bbb4-4d6f-97d1-ef8897e7f93e'),(71,71,1,NULL,NULL,1,'2020-03-24 18:41:41','2020-03-24 18:41:41','c97775f8-b3d7-416b-bc12-5409c4615138'),(72,72,1,NULL,NULL,1,'2020-03-27 10:09:42','2020-03-27 10:09:42','fba71066-e356-4c76-b156-0d5693540628'),(73,73,1,'blog','blog',1,'2020-03-27 10:31:14','2020-03-27 10:31:14','ba98d6cc-9478-4d0b-9eb2-bf61d130e6c3'),(74,74,1,'homepage','__home__',1,'2020-03-27 10:31:26','2020-03-27 10:31:26','88b33c59-b4b5-47a9-a866-ad5bfb3782d4'),(76,76,1,'performance',NULL,1,'2020-03-27 11:01:11','2020-03-28 13:56:23','959076d1-ff3d-484b-82d1-7e2aa8862f82'),(77,77,1,'performance',NULL,1,'2020-03-27 11:01:11','2020-03-27 11:01:11','40ec3e9c-f490-4e5d-b33c-9d5af1b3bcfb'),(79,79,1,'accessability',NULL,1,'2020-03-27 11:01:18','2020-03-27 11:01:19','a83bb2b7-f3f3-4c68-8a88-4e98d73781a5'),(80,80,1,'accessability',NULL,1,'2020-03-27 11:01:18','2020-03-27 11:01:18','e888a337-16ff-4c3a-b180-a5303b6d2eda'),(82,82,1,'case-studies',NULL,1,'2020-03-27 11:01:29','2020-03-27 11:01:30','07f89d3c-c610-4b8d-b572-d6f9dab27c96'),(83,83,1,'case-studies',NULL,1,'2020-03-27 11:01:29','2020-03-27 11:01:29','0a2e6ee3-e1a7-420e-9142-8d05a6e9b549'),(85,85,1,'get-started',NULL,1,'2020-03-27 11:01:41','2020-03-27 11:01:42','8e8c1850-4b1d-4a99-966b-1494d3d7ad32'),(86,86,1,'get-started',NULL,1,'2020-03-27 11:01:41','2020-03-27 11:01:41','25a8f179-bd8e-4d93-bdfa-32635b09c328'),(87,87,1,'get-started',NULL,1,'2020-03-27 11:09:53','2020-03-27 11:09:53','da738cbe-37ac-4fb0-979e-2a4d76deaa82'),(89,89,1,'page-builder',NULL,1,'2020-03-27 11:10:10','2020-03-27 11:10:15','aea69e8c-a11b-482d-8387-8b109a18817e'),(90,90,1,'page-builder',NULL,1,'2020-03-27 11:10:10','2020-03-27 11:10:10','4b0be0fb-9ee1-4c05-8e7a-4e512f6cb329'),(91,91,1,'get-started',NULL,1,'2020-03-27 11:10:25','2020-03-27 11:10:25','4ad82847-da8b-4311-85b3-5a71a4850747'),(93,93,1,'offline-first',NULL,1,'2020-03-27 11:19:19','2020-03-27 11:19:20','d2ecbe5c-eec7-4847-989b-c42928680689'),(94,94,1,'offline-first',NULL,1,'2020-03-27 11:19:19','2020-03-27 11:19:19','c33f69c8-3e3d-485e-a6d5-56feacfb2a86'),(96,96,1,'built-for-speed',NULL,1,'2020-03-27 11:19:41','2020-03-27 11:19:42','804c4fb8-a701-452d-9779-5fe90fe16b34'),(97,97,1,'built-for-speed',NULL,1,'2020-03-27 11:19:41','2020-03-27 11:19:41','4824ce6d-0481-44e7-a7cf-2c65428e6863'),(99,99,1,'load-times',NULL,1,'2020-03-27 11:20:19','2020-03-27 11:20:20','64cb0e1b-ca05-48f7-8a63-f87a3c768c73'),(100,100,1,'load-times',NULL,1,'2020-03-27 11:20:19','2020-03-27 11:20:19','5973d216-a6be-4c2f-ab16-b8d235c8a6a3'),(102,102,1,'best-practices',NULL,1,'2020-03-27 11:20:28','2020-03-27 11:20:30','3ba2e593-776c-4dfe-a249-b99989a4a363'),(103,103,1,'best-practices',NULL,1,'2020-03-27 11:20:28','2020-03-27 11:20:28','f77d2f22-cfb4-47f8-8413-6410c0e3ff17'),(105,105,1,'maximizing-seo',NULL,1,'2020-03-27 11:20:39','2020-04-03 15:07:46','a606e5ff-a045-47af-a809-950bc177a6a8'),(106,106,1,'maximizing-seo',NULL,1,'2020-03-27 11:20:39','2020-03-27 11:20:39','fd74c826-48c3-4467-992e-1846ec07f2b7'),(108,108,1,'custom-entry',NULL,1,'2020-03-27 12:16:21','2020-03-27 12:16:22','dc5359d9-4cbb-4dc3-a222-2dcde33b44e7'),(109,109,1,'custom-entry',NULL,1,'2020-03-27 12:16:21','2020-03-27 12:16:21','00c9cde9-4955-47fa-9971-cc5440bb20db'),(111,111,1,'custom-entry-2',NULL,1,'2020-03-27 12:16:32','2020-03-27 12:16:33','5ad46486-d097-4769-9e79-b4f66714d455'),(112,112,1,'custom-entry-2',NULL,1,'2020-03-27 12:16:32','2020-03-27 12:16:32','a37ec3d0-e1ad-4d38-b40c-71c77e557b5e'),(113,113,1,'custom-entry',NULL,1,'2020-03-27 12:16:48','2020-03-27 12:16:48','fd407880-a8e2-4a41-8b36-be5c6a1857c0'),(115,115,1,'child-entry',NULL,1,'2020-03-27 12:17:01','2020-03-27 12:17:02','bc372233-4dc6-4476-a41c-a4f011acbb90'),(116,116,1,'child-entry',NULL,1,'2020-03-27 12:17:01','2020-03-27 12:17:01','e7cd9d6f-2c06-48f6-9b63-d108e2260a64'),(118,118,1,'child-entry',NULL,1,'2020-03-27 12:17:13','2020-03-27 12:17:14','f01f8e22-0f4e-4556-a451-d6790f5b4f1b'),(119,119,1,'child-entry',NULL,1,'2020-03-27 12:17:13','2020-03-27 12:17:13','0907bae7-96ee-409b-bc7e-3af7a1c68e06'),(121,121,1,'child-entry',NULL,1,'2020-03-27 12:17:19','2020-03-27 12:17:20','b3c34ea9-6aa4-46b8-a1f5-0ce5b6f4344b'),(122,122,1,'child-entry',NULL,1,'2020-03-27 12:17:19','2020-03-27 12:17:19','c59c5146-df1a-422c-a917-f3875f674045'),(123,123,1,'performance',NULL,1,'2020-03-27 17:02:06','2020-03-27 17:02:06','b3c6c2bb-3797-4c9e-8ece-f8eb8cfd471b'),(124,124,1,'performance',NULL,1,'2020-03-27 17:02:06','2020-03-27 17:02:06','c449680b-5ee4-4af0-815a-da5c7cfdc0b4'),(125,125,1,'offline-first',NULL,1,'2020-03-27 17:02:06','2020-03-27 17:02:06','786f4797-3d4f-4063-a9c3-edb47ca565dc'),(126,126,1,'offline-first',NULL,1,'2020-03-27 17:02:06','2020-03-27 17:02:06','a29c5f9f-1543-40ae-9360-8eea9c9150e2'),(127,127,1,'built-for-speed',NULL,1,'2020-03-27 17:02:06','2020-03-27 17:02:06','d4f15874-7212-405b-8506-a92f7ae9b18d'),(128,128,1,'built-for-speed',NULL,1,'2020-03-27 17:02:06','2020-03-27 17:02:06','36de1868-874f-40f5-9dc9-0131946fce6f'),(129,129,1,'load-times',NULL,1,'2020-03-27 17:02:06','2020-03-27 17:02:06','636d72fd-2820-4d1c-8bbc-dbad822c1aeb'),(130,130,1,'load-times',NULL,1,'2020-03-27 17:02:06','2020-03-27 17:02:06','63daadab-9c1f-4974-99ec-15c98cca416c'),(131,131,1,'best-practices',NULL,1,'2020-03-27 17:02:06','2020-03-27 17:02:07','f83c39ce-22ae-49a6-80ce-2668bbcf9340'),(132,132,1,'best-practices',NULL,1,'2020-03-27 17:02:06','2020-03-27 17:02:06','94d570f8-5459-48a2-a537-165f60268f88'),(133,133,1,'maximizing-seo',NULL,1,'2020-03-27 17:02:06','2020-03-27 17:02:07','b2faf649-79c7-4905-89f4-ad0ab580779b'),(134,134,1,'maximizing-seo',NULL,1,'2020-03-27 17:02:06','2020-03-27 17:02:06','906eddca-8406-44e8-a786-8372126e431b'),(135,135,1,'performance',NULL,1,'2020-03-27 17:02:09','2020-03-27 17:02:09','7d7a96e9-19f7-4350-b37e-2d6717ab1587'),(136,136,1,'performance',NULL,1,'2020-03-27 17:02:09','2020-03-27 17:02:09','a33c3c1b-22af-47e1-8dbd-eee686c471b1'),(137,137,1,'offline-first',NULL,1,'2020-03-27 17:02:09','2020-03-27 17:02:10','edb590e9-7f9d-4b11-8259-5a63919a3351'),(138,138,1,'offline-first',NULL,1,'2020-03-27 17:02:09','2020-03-27 17:02:09','8cecd821-11d1-4a5e-bad5-dac865692885'),(139,139,1,'built-for-speed',NULL,1,'2020-03-27 17:02:09','2020-03-27 17:02:10','7c447748-265d-4207-be96-d1edf94145db'),(140,140,1,'built-for-speed',NULL,1,'2020-03-27 17:02:09','2020-03-27 17:02:09','966aff94-1028-447f-98c9-2ac721349ab5'),(141,141,1,'load-times',NULL,1,'2020-03-27 17:02:09','2020-03-27 17:02:10','67f8d5ef-2044-4ae3-96e4-ca859ba8b044'),(142,142,1,'load-times',NULL,1,'2020-03-27 17:02:09','2020-03-27 17:02:09','11acdf78-7c16-4f9b-8ceb-d8feab8a2bb0'),(143,143,1,'best-practices',NULL,1,'2020-03-27 17:02:09','2020-03-27 17:02:10','0074619f-7477-486a-bddb-bb38cf9cc058'),(144,144,1,'best-practices',NULL,1,'2020-03-27 17:02:09','2020-03-27 17:02:09','4165f920-0299-44d2-912d-4bf469983530'),(145,145,1,'maximizing-seo',NULL,1,'2020-03-27 17:02:09','2020-03-27 17:02:10','c2ee5557-1e9e-40d7-9069-7f7836da828a'),(146,146,1,'maximizing-seo',NULL,1,'2020-03-27 17:02:09','2020-03-27 17:02:09','88979f92-1237-484f-bf6f-ad7c713dfebb'),(148,148,1,'hello-craftablewebsites-com',NULL,1,'2020-03-28 14:13:11','2020-03-28 14:24:56','887028ff-371e-460d-a3c6-b8a43d491e6b'),(149,149,1,'hello-craftablewebsites-com',NULL,1,'2020-03-28 14:13:11','2020-03-28 14:13:11','73d23836-5c56-489a-86f6-a61f05da75a4'),(151,151,1,'616-228-2673',NULL,1,'2020-03-28 14:13:38','2020-03-28 14:25:02','7dfca4f4-6472-494c-a1a7-e332d8fb7b4d'),(152,152,1,'616-228-2673',NULL,1,'2020-03-28 14:13:38','2020-03-28 14:13:38','e6fcf201-59d1-449a-82f3-2684fea7f509'),(154,154,1,'solutions',NULL,1,'2020-03-28 14:38:54','2020-03-28 14:38:55','3ec51acf-e35b-476b-9000-6a9c737d83c3'),(155,155,1,'solutions',NULL,1,'2020-03-28 14:38:54','2020-03-28 14:38:54','6491e47a-c4f0-4131-abc6-73bc9be955ac'),(157,157,1,'virtual-terminals',NULL,1,'2020-03-28 14:39:19','2020-03-28 14:39:20','2d4eeeb1-7187-4ec6-aabe-baa882116a9d'),(158,158,1,'virtual-terminals',NULL,1,'2020-03-28 14:39:19','2020-03-28 14:39:19','5d8ba01a-c2da-4800-a132-34df3af113db'),(160,160,1,'mobile-apps',NULL,1,'2020-03-28 14:39:26','2020-03-28 14:39:27','e75464d3-d682-4021-b58f-51cfc119f441'),(161,161,1,'mobile-apps',NULL,1,'2020-03-28 14:39:26','2020-03-28 14:39:26','edd5ec6d-2c78-4882-a790-ad8ec534a7f4'),(163,163,1,'terminals-readers',NULL,1,'2020-03-28 14:39:36','2020-03-28 14:39:37','f20d4616-b623-4553-b0a2-63be3ae092fd'),(164,164,1,'terminals-readers',NULL,1,'2020-03-28 14:39:36','2020-03-28 14:39:36','f108de71-14d5-4825-b5c4-1b18aba83291'),(166,166,1,'point-of-sales-pos-software',NULL,1,'2020-03-28 14:39:51','2020-03-28 14:39:52','5d72ec4b-d0db-4a08-b354-ed219b0748ca'),(167,167,1,'point-of-sales-pos-software',NULL,1,'2020-03-28 14:39:51','2020-03-28 14:39:51','6c99b279-5917-4342-a956-fadfd1670461'),(169,169,1,'invoicing',NULL,1,'2020-03-28 14:39:57','2020-03-28 14:39:59','542c1714-f214-42ce-91eb-3e36df0c8264'),(170,170,1,'invoicing',NULL,1,'2020-03-28 14:39:57','2020-03-28 14:39:57','9c81ba4c-6ca2-4535-9318-21cb5cbab41c'),(172,172,1,'recurring-scheduling-billing',NULL,1,'2020-03-28 14:40:16','2020-03-28 14:40:18','4f093abc-07bd-4b27-9f95-e86a1d672927'),(173,173,1,'recurring-scheduling-billing',NULL,1,'2020-03-28 14:40:16','2020-03-28 14:40:16','8de67f74-7709-47de-96c2-57822f3b9e3c'),(175,175,1,'api-integrations',NULL,1,'2020-03-28 14:40:29','2020-03-28 14:40:30','030ce3e1-1055-45ef-91df-4ce7add4db5a'),(176,176,1,'api-integrations',NULL,1,'2020-03-28 14:40:29','2020-03-28 14:40:29','7a9ca269-321c-43d2-8254-ccf4360b775c'),(178,178,1,'enterprise',NULL,1,'2020-03-28 14:40:42','2020-03-28 14:40:43','0cea278a-5334-449c-8832-33f444acbfd7'),(179,179,1,'enterprise',NULL,1,'2020-03-28 14:40:42','2020-03-28 14:40:42','cd0c13cb-69bd-4f04-9c6f-1731be98e67a'),(181,181,1,'resources',NULL,1,'2020-03-28 14:40:52','2020-03-28 14:40:54','242aa9ba-1a12-4953-9d9e-65855b4cdf43'),(182,182,1,'resources',NULL,1,'2020-03-28 14:40:52','2020-03-28 14:40:52','9c778af1-aa69-4b0f-b024-c04130da341b'),(184,184,1,'cost-calculator',NULL,1,'2020-03-28 14:41:08','2020-03-28 14:41:09','c9be844c-3376-4f6f-98eb-b80be6430237'),(185,185,1,'cost-calculator',NULL,1,'2020-03-28 14:41:08','2020-03-28 14:41:08','a337dd67-5322-4704-b877-d8ce8886cd56'),(187,187,1,'interchange-rates',NULL,1,'2020-03-28 14:41:18','2020-03-28 14:41:19','58d2f50e-94a9-45e0-b6ff-31311b06e5d5'),(188,188,1,'interchange-rates',NULL,1,'2020-03-28 14:41:18','2020-03-28 14:41:18','b15557c8-36c6-40cb-94af-0cfed7d6e2f6'),(190,190,1,'developers',NULL,1,'2020-03-28 14:41:24','2020-03-28 14:41:25','8d455d49-7bb7-47fb-aa8e-ab0acb53207e'),(191,191,1,'developers',NULL,1,'2020-03-28 14:41:24','2020-03-28 14:41:24','2e921702-4298-4607-aaa5-dcae62516d15'),(193,193,1,'virtual-terminal-demo',NULL,1,'2020-03-28 14:41:33','2020-03-28 14:41:34','3e436490-261f-46e8-a34b-2072e97b500a'),(194,194,1,'virtual-terminal-demo',NULL,1,'2020-03-28 14:41:33','2020-03-28 14:41:33','d73b45c3-94c7-4eb7-9b96-af7f6cd79b40'),(196,196,1,'schedule-a-demo',NULL,1,'2020-03-28 14:41:43','2020-03-28 14:41:44','bd39608e-c649-4598-b7d1-bc843619e086'),(197,197,1,'schedule-a-demo',NULL,1,'2020-03-28 14:41:43','2020-03-28 14:41:43','601d0ca7-b15f-4fad-9bd8-a17188b2314c'),(198,198,1,'__temp_jJIbvNehIBnF01VlsT0IR0OskYKt6QRcoH6L',NULL,1,'2020-03-28 14:41:43','2020-03-28 14:41:43','f1e0945a-c2d5-4bad-b279-8c2ac1dac3a3'),(200,200,1,'more',NULL,1,'2020-03-28 14:41:58','2020-03-28 14:41:59','e1cdeb92-5ae6-471f-a856-b6b4a0b35c1c'),(201,201,1,'more',NULL,1,'2020-03-28 14:41:58','2020-03-28 14:41:58','085b82c7-0592-45de-8455-730b092d4bfd'),(203,203,1,'ach-payments',NULL,1,'2020-03-28 14:42:09','2020-03-28 14:42:10','5361d05a-9fab-4a2e-939f-cdcd549609b5'),(204,204,1,'ach-payments',NULL,1,'2020-03-28 14:42:09','2020-03-28 14:42:09','42fb66fb-8c89-44a2-8d87-8ad8f0550d5e'),(206,206,1,'quickbooks-integration',NULL,1,'2020-03-28 14:42:44','2020-03-28 14:42:45','e2b3b27f-92ee-4649-a0c6-20352df777a0'),(207,207,1,'quickbooks-integration',NULL,1,'2020-03-28 14:42:44','2020-03-28 14:42:44','5bd16472-a4e9-4f52-92b6-e28eaae51713'),(209,209,1,'5013c',NULL,1,'2020-03-28 14:42:53','2020-03-28 14:42:54','8741d26b-bd3b-4680-8bfe-fb65445c8ad1'),(210,210,1,'5013c',NULL,1,'2020-03-28 14:42:53','2020-03-28 14:42:53','cf003c95-4376-4cf4-a761-bba7a09d2c66'),(212,212,1,'healthcare',NULL,1,'2020-03-28 14:43:00','2020-03-28 14:43:01','74b521cc-632c-4ac5-984c-583495739b20'),(213,213,1,'healthcare',NULL,1,'2020-03-28 14:43:00','2020-03-28 14:43:00','ca1005bb-84c8-4ebf-b028-fbf5d35b6693'),(215,215,1,'chargeback-prevention',NULL,1,'2020-03-28 14:43:12','2020-03-28 14:43:14','2f02081b-5f7c-474b-9c6f-6afd5f528e91'),(216,216,1,'chargeback-prevention',NULL,1,'2020-03-28 14:43:12','2020-03-28 14:43:12','0a4693e4-8048-400c-a560-c3062b877cdb'),(218,218,1,'fraud-protection',NULL,1,'2020-03-28 14:43:25','2020-03-28 14:43:26','b2e3513f-91b6-43d0-95ce-86735ad7364d'),(219,219,1,'fraud-protection',NULL,1,'2020-03-28 14:43:25','2020-03-28 14:43:25','bf294e03-4c32-498b-8d93-54bbbf713cbc'),(221,221,1,'data-security',NULL,1,'2020-03-28 14:43:31','2020-03-28 14:43:32','fcabb775-11c0-498b-bef3-31c0bdbf8769'),(222,222,1,'data-security',NULL,1,'2020-03-28 14:43:31','2020-03-28 14:43:31','5375d208-0f13-4c86-9ab0-db907c9983bc'),(224,224,1,'company',NULL,1,'2020-03-28 14:43:47','2020-03-28 14:43:48','b6d8d0a5-27fe-4501-93f1-07352136884e'),(225,225,1,'company',NULL,1,'2020-03-28 14:43:47','2020-03-28 14:43:47','02b5cf46-7fbf-42b1-8dbd-9966f86b1e70'),(227,227,1,'about-payline',NULL,1,'2020-03-28 14:43:58','2020-03-28 14:43:59','89d1311e-f2b4-4df1-9e34-ba057c5558e2'),(228,228,1,'about-payline',NULL,1,'2020-03-28 14:43:58','2020-03-28 14:43:58','a897679e-8fdd-4c85-b0a7-3982bb970c5e'),(230,230,1,'partnerships',NULL,1,'2020-03-28 14:44:08','2020-03-28 14:44:09','f56ce10b-ef75-49be-acc6-de62aaca0f48'),(231,231,1,'partnerships',NULL,1,'2020-03-28 14:44:08','2020-03-28 14:44:08','f5a6b1bc-b9f6-45c8-bdef-eabb68829944'),(233,233,1,'careers',NULL,1,'2020-03-28 14:44:12','2020-03-28 14:44:13','9eedc025-8643-4c00-a1b9-80973f9a7570'),(234,234,1,'careers',NULL,1,'2020-03-28 14:44:12','2020-03-28 14:44:12','fcf99863-bf34-43c5-89c6-d1675b6d0c9a'),(235,235,1,'test','test',1,'2020-03-28 15:06:05','2020-03-28 15:06:07','e359a537-095d-4ebe-97b8-07bc0a30242e'),(236,236,1,NULL,NULL,1,'2020-03-28 15:06:06','2020-03-28 15:06:06','076568db-0f0d-4e8e-a6f7-0b8ff98a4d48'),(237,237,1,'test','test',1,'2020-03-28 15:06:06','2020-03-28 15:06:06','923ab40a-4606-4d1e-bb07-bd2bd5426822'),(238,238,1,NULL,NULL,1,'2020-03-28 15:06:06','2020-03-28 15:06:06','bd3ed103-6c58-45b2-9d3d-0eb6a5516311'),(239,239,1,NULL,NULL,1,'2020-03-28 15:08:45','2020-03-28 15:08:45','da3e6c73-61f0-4664-b2e2-07e3c425e9fe'),(241,241,1,NULL,NULL,1,'2020-03-29 15:11:24','2020-03-29 15:11:24','2a4e5ad6-160b-4a0a-9bda-6e89e3153b93'),(242,242,1,'full-name',NULL,1,'2020-03-29 15:11:35','2020-03-29 15:11:35','635c06d3-e1a0-4131-b813-776da63f3340'),(243,243,1,'full-name',NULL,1,'2020-03-29 15:11:35','2020-03-29 15:11:35','b113905b-5560-4440-b545-e780c12459e9'),(244,244,1,NULL,NULL,1,'2020-03-29 15:11:38','2020-03-29 15:11:38','c4a5bfa8-aae3-4055-8579-bae70c6c5024'),(245,245,1,NULL,NULL,1,'2020-03-29 15:11:40','2020-03-29 15:11:40','662a3181-62b8-4f8f-8b1e-7f5517f33430'),(246,246,1,NULL,NULL,1,'2020-03-29 15:11:40','2020-03-29 15:11:40','1fd94a39-377d-4906-b900-fd324429fe2d'),(247,247,1,'email-address',NULL,1,'2020-03-29 15:12:27','2020-03-29 15:12:27','c0cbd8ea-2cc9-4cbb-b714-ce85ea6f5a23'),(248,248,1,'email-address',NULL,1,'2020-03-29 15:12:27','2020-03-29 15:12:27','4eb99bf5-27e9-40d4-b199-b19ff862febf'),(249,249,1,NULL,NULL,1,'2020-03-29 15:12:29','2020-03-29 15:12:29','da789ff6-9895-43b6-a0f8-85bbe06456d3'),(250,250,1,NULL,NULL,1,'2020-03-29 15:12:29','2020-03-29 15:12:29','342f67cd-b905-4e25-b2ce-7843f7ab43ec'),(251,251,1,'phone-number',NULL,1,'2020-03-29 15:12:44','2020-03-29 15:12:44','858ff6d0-40c8-4d14-bb10-7fc9d27b146f'),(252,252,1,'phone-number',NULL,1,'2020-03-29 15:12:44','2020-03-29 15:12:44','801c2e5d-8e30-4d41-a73e-8e2e2ba82801'),(253,253,1,NULL,NULL,1,'2020-03-29 15:12:47','2020-03-29 15:12:47','76322438-ac0f-4421-9ffe-b69b77ece998'),(254,254,1,NULL,NULL,1,'2020-03-29 15:12:47','2020-03-29 15:12:47','9b92672a-35b5-4846-8687-a7a64dedf12d'),(255,255,1,NULL,NULL,1,'2020-03-29 15:12:50','2020-03-29 15:12:50','8966021e-2a85-499d-956f-09e05073db62'),(256,256,1,NULL,NULL,1,'2020-03-29 15:12:50','2020-03-29 15:12:50','f7fdbb67-f40a-45dc-9b81-31112f05463e'),(257,257,1,NULL,NULL,1,'2020-03-29 15:12:50','2020-03-29 15:12:50','b612671b-8843-4a7b-8af3-448938487218'),(258,258,1,NULL,NULL,1,'2020-03-29 15:12:52','2020-03-29 15:12:52','1f30a566-b035-4f27-97e0-7d67ef8d3025'),(259,259,1,NULL,NULL,1,'2020-03-29 15:12:52','2020-03-29 15:12:52','dfa34894-c32b-410a-9c4a-7a6f8ba5ff0c'),(260,260,1,NULL,NULL,1,'2020-03-29 15:12:52','2020-03-29 15:12:52','961af61a-af4a-48d6-b497-34bd4d455619'),(261,261,1,NULL,NULL,1,'2020-03-29 15:12:52','2020-03-29 15:12:52','7bc180a3-c96c-42f2-afbf-890c47ce4ad5'),(262,262,1,'message',NULL,1,'2020-03-29 15:13:09','2020-03-29 15:13:09','8dfb2bb8-a1dc-4875-a997-bc7c8351ce1d'),(263,263,1,'message',NULL,1,'2020-03-29 15:13:09','2020-03-29 15:13:09','4f1a4fa3-bbec-4776-96d1-be818808e82f'),(264,264,1,NULL,NULL,1,'2020-03-29 15:13:12','2020-03-29 15:13:12','bcd78879-2ef0-4463-bd31-189587201637'),(265,265,1,NULL,NULL,1,'2020-03-29 15:13:12','2020-03-29 15:13:12','20d3a59f-14e1-406e-984f-3a232c18b429'),(266,266,1,NULL,NULL,1,'2020-03-29 15:13:12','2020-03-29 15:13:12','8b6f3c13-d1ff-43e9-a196-662df75c1d94'),(267,267,1,NULL,NULL,1,'2020-03-29 15:13:12','2020-03-29 15:13:12','c7061dd6-e171-4a33-88a7-9337a2d40d39'),(272,272,1,'sample-form','forms/sample-form',1,'2020-03-29 15:13:15','2020-03-29 15:13:15','139f7575-8ed5-4ed7-b63a-5e31525e5b03'),(273,273,1,NULL,NULL,1,'2020-03-29 15:13:15','2020-03-29 15:13:15','efd0a788-d5e0-41ea-9db4-ec9161ad5692'),(274,274,1,NULL,NULL,1,'2020-03-29 15:13:15','2020-03-29 15:13:15','deadc4fd-49e3-40a0-bc5f-f4b6cf70b861'),(275,275,1,NULL,NULL,1,'2020-03-29 15:13:15','2020-03-29 15:13:15','259c4009-255e-4fab-b138-b0256c47b6bc'),(276,276,1,NULL,NULL,1,'2020-03-29 15:13:15','2020-03-29 15:13:15','fd8ef4b0-2638-4e08-bed3-7e18c471062a'),(277,277,1,'sample-form','forms/sample-form',1,'2020-03-29 15:13:15','2020-03-29 15:13:15','a5e93aa8-ad39-417b-aa34-09c6ff8f6d08'),(278,278,1,NULL,NULL,1,'2020-03-29 15:13:15','2020-03-29 15:13:15','44af3573-46ea-47f0-b0e9-cb874fc675e5'),(279,279,1,NULL,NULL,1,'2020-03-29 15:13:15','2020-03-29 15:13:15','16e4865b-5410-4f5b-9a0e-c50e623ce68d'),(280,280,1,NULL,NULL,1,'2020-03-29 15:13:15','2020-03-29 15:13:15','5d96dbb7-c64e-4c5d-b436-77d0f5df216a'),(281,281,1,NULL,NULL,1,'2020-03-29 15:13:15','2020-03-29 15:13:15','de3f763c-1301-415e-867a-5dacfebfabd9'),(282,282,1,'date-of-birth',NULL,1,'2020-03-29 15:26:06','2020-03-29 15:26:06','79934e20-b776-471c-bb67-707eb1c89522'),(283,283,1,'date-of-birth',NULL,1,'2020-03-29 15:26:06','2020-03-29 15:26:06','fd8e34e7-3bbe-4d2f-8d32-a4ca135d80b4'),(284,284,1,'accept-terms-conditions',NULL,1,'2020-03-29 15:26:35','2020-03-29 15:26:35','b7d81e0e-76b6-4b06-b5a3-7c855bebfe75'),(285,285,1,'accept-terms-conditions',NULL,1,'2020-03-29 15:26:35','2020-03-29 15:26:35','7de66bef-215d-4551-81db-cd90a5d04ee1'),(286,286,1,'how-did-you-hear-about-us',NULL,1,'2020-03-29 15:27:19','2020-03-29 15:27:19','b86382a5-724c-4a70-b582-cd3541ae4740'),(287,287,1,'how-did-you-hear-about-us',NULL,1,'2020-03-29 15:27:19','2020-03-29 15:27:19','68acd0cf-ef81-4fd9-b6a4-8853944879c5'),(288,288,1,'number-of-pets',NULL,1,'2020-03-29 15:27:50','2020-03-29 15:27:50','b7912d79-d8e8-47ac-bc75-411a3973dcd5'),(289,289,1,'number-of-pets',NULL,1,'2020-03-29 15:27:50','2020-03-29 15:27:50','df9057ab-faa8-4fa1-a6bd-2a6bb9cf8492'),(290,290,1,'favorite-flavors',NULL,1,'2020-03-29 15:28:31','2020-03-29 15:28:31','bb8fc970-8515-4795-93f6-29d001468e7e'),(291,291,1,'favorite-flavors',NULL,1,'2020-03-29 15:28:31','2020-03-29 15:28:31','4b8882f0-fac7-4e5b-8ed2-eb4d5f8d59ed'),(292,292,1,'favorite-pet',NULL,1,'2020-03-29 15:29:34','2020-03-29 15:29:34','97411cce-4db8-4149-a993-d67af7b6cfa2'),(293,293,1,'favorite-pet',NULL,1,'2020-03-29 15:29:34','2020-03-29 15:29:34','74c30ea6-c11a-4b81-ab4c-1ccffdfd50e9'),(294,294,1,NULL,NULL,1,'2020-03-29 15:29:46','2020-03-29 15:29:46','7923d502-7f45-499d-b109-c6d650700363'),(295,295,1,NULL,NULL,1,'2020-03-29 15:29:46','2020-03-29 15:29:46','974d55f6-1da4-4e0d-a5f4-a94f0476ea5e'),(296,296,1,NULL,NULL,1,'2020-03-29 15:29:46','2020-03-29 15:29:46','db546454-aded-492c-8a53-345bead1c559'),(297,297,1,NULL,NULL,1,'2020-03-29 15:29:46','2020-03-29 15:29:46','81aad851-ad57-47ca-ae23-3cdc4dad8240'),(298,298,1,'sample-form','forms/sample-form',1,'2020-03-29 15:29:46','2020-03-29 15:29:46','f8090b1d-e571-4abd-baec-3de29279cfdc'),(299,299,1,NULL,NULL,1,'2020-03-29 15:29:46','2020-03-29 15:29:46','ff8a6efe-96f9-4324-ad09-8e3b60af0f28'),(300,300,1,NULL,NULL,1,'2020-03-29 15:29:46','2020-03-29 15:29:46','14186d8b-8b75-4c96-b517-ad03d4f926be'),(301,301,1,NULL,NULL,1,'2020-03-29 15:29:46','2020-03-29 15:29:46','4f5f112c-7ed4-451f-b2be-7e0124d2ce21'),(302,302,1,NULL,NULL,1,'2020-03-29 15:29:46','2020-03-29 15:29:46','a43913eb-fe32-499f-bd58-9897348d8de0'),(303,303,1,NULL,NULL,1,'2020-03-29 15:29:46','2020-03-29 15:29:46','416023c5-b991-45c8-b056-bd30b44a22fa'),(304,304,1,NULL,NULL,1,'2020-03-29 15:29:46','2020-03-29 15:29:46','23ef5e95-d447-49d5-83c8-1a20582daecf'),(305,305,1,NULL,NULL,1,'2020-03-29 15:29:46','2020-03-29 15:29:46','2287d51a-5130-4386-b449-37e921a7731a'),(306,306,1,NULL,NULL,1,'2020-03-29 15:29:46','2020-03-29 15:29:46','566957b7-41d5-4d99-9645-c13b9841f6da'),(307,307,1,'2020-03-29-11-50-37',NULL,1,'2020-03-29 15:50:37','2020-03-29 15:50:37','401561ca-45bd-44f3-9a08-52c35d89f733'),(308,308,1,'2020-03-29-11-50-37',NULL,1,'2020-03-29 15:50:37','2020-03-29 15:50:37','f126d576-47d1-41aa-9561-2f2523a08702'),(309,309,1,'2020-03-29-11-58-22',NULL,1,'2020-03-29 15:58:22','2020-03-29 15:58:22','4760963a-1a02-4d6e-9f10-35aa026bdb96'),(310,310,1,'2020-03-29-11-58-22',NULL,1,'2020-03-29 15:58:22','2020-03-29 15:58:22','8d1fb84b-19b6-4b65-a67e-482e03b0cd38'),(311,311,1,'2020-03-29-13-05-19',NULL,1,'2020-03-29 17:05:19','2020-03-29 17:05:19','93337b43-52e7-4ab4-92f1-6456dbd7999a'),(312,312,1,'2020-03-29-13-05-19',NULL,1,'2020-03-29 17:05:19','2020-03-29 17:05:19','b2bc7a98-6e42-447b-92de-25e91dec61af'),(313,313,1,'2020-03-29-13-10-03',NULL,1,'2020-03-29 17:10:03','2020-03-29 17:10:03','50c6227e-a78e-460c-88cf-9900a4dfcf72'),(314,314,1,'2020-03-29-13-10-03',NULL,1,'2020-03-29 17:10:03','2020-03-29 17:10:03','45c6468f-8092-43d1-b68c-9ca904b37b34'),(315,315,1,'__temp_3b3eAqaBqiZWphSp4VyWcb3CnUOBuSLLfOya',NULL,1,'2020-03-29 17:28:01','2020-03-29 17:28:01','718c3705-efec-47b0-b10f-63a8af140175'),(316,316,1,'__temp_GuS4erJwenLev3xBYxclLLzD9QiMwRwEd1Pv',NULL,1,'2020-03-29 17:28:47','2020-03-29 17:28:47','70d9ec68-c474-453d-ac3f-c3e8d42f4f58'),(317,317,1,'hello-craftablewebsites-com',NULL,1,'2020-04-02 14:17:21','2020-04-02 14:17:21','2a800953-2e9e-4eb9-b637-0dce84ff7369'),(319,319,1,'example',NULL,1,'2020-04-03 15:05:29','2020-04-03 15:05:32','5d3a3af1-0191-45d0-a4d7-f435b94f8e52'),(320,320,1,'example',NULL,1,'2020-04-03 15:05:29','2020-04-03 15:05:29','e6007a75-5ef8-4e0b-9888-2dfb4277cbc8'),(322,322,1,'example-2',NULL,1,'2020-04-03 15:06:02','2020-04-03 15:06:07','4722e10e-5149-46f1-8e5a-627c521b3027'),(323,323,1,'example-2',NULL,1,'2020-04-03 15:06:02','2020-04-03 15:06:02','740b16f6-4f8d-4840-a3cf-8a3f91603851'),(324,324,1,'__temp_V0PQ5EbOSF1MPMqOZDGOdqdMfBf9EqNC01hr','blog/__temp_V0PQ5EbOSF1MPMqOZDGOdqdMfBf9EqNC01hr',1,'2020-04-03 15:10:53','2020-04-03 15:10:53','214d27ae-483c-4128-ac34-b0606d9380fb'),(325,325,1,'__temp_NpwP34TtaMnxbtDKA6AvXIN6Z07Y782khGJM','blog/__temp_NpwP34TtaMnxbtDKA6AvXIN6Z07Y782khGJM',1,'2020-04-03 15:10:56','2020-04-03 15:10:56','5e9736a3-b1af-441b-9157-7c1c3283515b');
/*!40000 ALTER TABLE `elements_sites` ENABLE KEYS */;
UNLOCK TABLES;
commit;

--
-- Dumping data for table `entries`
--

LOCK TABLES `entries` WRITE;
/*!40000 ALTER TABLE `entries` DISABLE KEYS */;
set autocommit=0;
INSERT INTO `entries` VALUES (2,2,NULL,2,NULL,'2020-03-19 11:32:00',NULL,NULL,'2020-03-19 11:32:39','2020-03-19 11:32:39','ab51b92b-fddd-44b2-8ffe-9fce9c088a92'),(3,2,NULL,2,NULL,'2020-03-19 11:32:00',NULL,NULL,'2020-03-19 11:32:39','2020-03-19 11:32:39','5ab448dc-b5d1-4c15-a333-70636c0865e0'),(4,5,NULL,5,NULL,'2020-03-19 11:32:00',NULL,NULL,'2020-03-19 11:32:39','2020-03-19 11:32:39','470a17f9-de37-4854-8b0c-e70e10598bca'),(5,5,NULL,5,NULL,'2020-03-19 11:32:00',NULL,NULL,'2020-03-19 11:32:39','2020-03-19 11:32:39','a6e6055c-752a-48f6-a2cd-975510013a40'),(7,5,NULL,5,NULL,'2020-03-19 11:32:00',NULL,NULL,'2020-03-19 11:32:40','2020-03-19 11:32:40','fd89c3c9-3ce8-4a4a-a600-3f0f54365c98'),(8,2,NULL,2,NULL,'2020-03-19 11:32:00',NULL,NULL,'2020-03-19 11:32:40','2020-03-19 11:32:40','4b5a9aae-70af-4830-a6f6-a58e7275e3a7'),(9,4,NULL,4,1,'2020-03-21 12:50:00',NULL,NULL,'2020-03-21 12:50:46','2020-03-21 12:50:46','de23af59-b8da-4f95-bbca-e9c09781278b'),(10,6,NULL,6,1,'2020-03-21 13:34:00',NULL,NULL,'2020-03-21 13:34:41','2020-03-21 13:34:41','6c7c0e90-6465-432e-af96-b6156a018198'),(11,6,NULL,6,1,'2020-03-21 13:55:00',NULL,NULL,'2020-03-21 13:55:37','2020-03-21 13:55:37','c574fbd2-d09e-446c-b01e-092a67e7c338'),(12,6,NULL,6,1,'2020-03-21 13:56:00',NULL,NULL,'2020-03-21 13:56:32','2020-03-21 13:56:32','3bc9fe3b-354d-4192-9b18-cc8b91987371'),(14,9,NULL,10,1,'2020-03-21 14:28:00',NULL,NULL,'2020-03-21 14:28:06','2020-03-21 14:28:06','20cf600c-3ba6-4874-85a5-25866cb3c679'),(16,6,NULL,6,1,'2020-03-21 14:31:00',NULL,NULL,'2020-03-21 14:31:23','2020-03-21 14:31:23','52950aa8-23f2-4690-ad4a-576fb04250e3'),(45,4,NULL,4,1,'2020-03-21 14:41:00',NULL,NULL,'2020-03-21 14:41:42','2020-03-21 14:41:42','eb74ca1f-c14f-41ff-beb4-4f9612c9abdf'),(46,4,NULL,4,1,'2020-03-21 14:44:00',NULL,NULL,'2020-03-21 14:44:16','2020-03-21 14:44:16','40501519-91a9-4fb5-9767-1b69f85b0aca'),(59,1,NULL,1,1,'2020-03-24 18:25:00',NULL,NULL,'2020-03-24 18:25:13','2020-03-24 18:25:13','d7cec1c0-9a6e-4fde-90ae-2001a3fbb8c2'),(60,6,NULL,6,1,'2020-03-24 18:25:00',NULL,NULL,'2020-03-24 18:25:55','2020-03-24 18:25:55','52477987-609c-4dd7-a620-b7a171a2780c'),(62,4,NULL,4,1,'2020-03-24 18:27:00',NULL,NULL,'2020-03-24 18:27:30','2020-03-24 18:27:30','e7402db8-c48e-411c-8947-85ba7b05eaef'),(63,9,NULL,10,1,'2020-03-24 18:29:00',NULL,NULL,'2020-03-24 18:29:00','2020-03-24 18:29:00','2a50e3b3-0bff-4884-a94e-b2209aff2f3f'),(64,6,NULL,6,1,'2020-03-24 18:34:00',NULL,NULL,'2020-03-24 18:34:23','2020-03-24 18:34:23','bdfb077b-47eb-4fba-8076-4fae906e5acb'),(65,6,NULL,6,1,'2020-03-24 18:36:00',NULL,NULL,'2020-03-24 18:36:18','2020-03-24 18:36:18','a6498972-783b-4ad6-bbc4-80f218130833'),(66,6,NULL,6,1,'2020-03-24 18:37:00',NULL,NULL,'2020-03-24 18:37:50','2020-03-24 18:37:50','bc1b8d77-17dd-49b7-88f2-facbd66af6ae'),(67,8,NULL,9,1,'2020-03-24 18:38:00',NULL,NULL,'2020-03-24 18:38:15','2020-03-24 18:38:15','abfecff5-f480-45e4-aa5e-d3cffa57a63b'),(68,6,NULL,6,1,'2020-03-24 18:41:00',NULL,NULL,'2020-03-24 18:41:37','2020-03-24 18:41:37','09b44b40-98a6-48d4-8a6d-98e69d9b664e'),(73,5,NULL,5,NULL,'2020-03-19 11:32:00',NULL,NULL,'2020-03-27 10:31:14','2020-03-27 10:31:14','9b3cca52-e6dc-493e-9be6-680dcc8a1d05'),(74,2,NULL,2,NULL,'2020-03-19 11:32:00',NULL,NULL,'2020-03-27 10:31:26','2020-03-27 10:31:26','d8eb3a58-d809-4495-9c9c-3cc207796b0a'),(76,8,NULL,9,1,'2020-03-27 11:00:00',NULL,NULL,'2020-03-27 11:01:11','2020-03-27 11:01:11','86320960-b017-4f83-84bb-3d21c260605b'),(77,8,NULL,9,1,'2020-03-27 11:00:00',NULL,NULL,'2020-03-27 11:01:11','2020-03-27 11:01:11','199b2c92-ee15-4196-bad7-34076ff62d88'),(79,8,NULL,9,1,'2020-03-27 11:01:00',NULL,NULL,'2020-03-27 11:01:18','2020-03-27 11:01:18','352dafda-3bcc-4845-90bc-e6e5153c3352'),(80,8,NULL,9,1,'2020-03-27 11:01:00',NULL,NULL,'2020-03-27 11:01:18','2020-03-27 11:01:18','d92c1784-c71c-4cf6-9808-5cee02acc588'),(82,8,NULL,9,1,'2020-03-27 11:01:00',NULL,NULL,'2020-03-27 11:01:29','2020-03-27 11:01:29','a94b0849-d0a1-4277-ac48-5841f2982e2d'),(83,8,NULL,9,1,'2020-03-27 11:01:00',NULL,NULL,'2020-03-27 11:01:29','2020-03-27 11:01:29','d2b1312d-54c5-4ddc-b073-bb9e6b636d8b'),(85,8,NULL,9,1,'2020-03-27 11:01:00',NULL,NULL,'2020-03-27 11:01:41','2020-03-27 11:01:41','3265543d-76c6-4569-b206-7c3767df92b0'),(86,8,NULL,9,1,'2020-03-27 11:01:00',NULL,NULL,'2020-03-27 11:01:41','2020-03-27 11:01:41','34b1936b-cd2b-4d4f-9ade-46bc33948538'),(87,8,NULL,9,1,'2020-03-27 11:01:00',NULL,NULL,'2020-03-27 11:09:53','2020-03-27 11:09:53','78ea29d7-899c-4178-8cea-d0ba0dd0fd10'),(89,8,NULL,9,1,'2020-03-27 11:09:00',NULL,NULL,'2020-03-27 11:10:10','2020-03-27 11:10:10','c3683cbd-5116-4402-a8e9-1e786b246947'),(90,8,NULL,9,1,'2020-03-27 11:09:00',NULL,NULL,'2020-03-27 11:10:10','2020-03-27 11:10:10','1df9f867-de4e-418c-969c-6a52f8127b25'),(91,8,NULL,9,1,'2020-03-27 11:01:00',NULL,NULL,'2020-03-27 11:10:25','2020-03-27 11:10:25','6b28f36c-dfe0-470b-9e70-5c26686cd380'),(93,8,NULL,9,1,'2020-03-27 11:18:00',NULL,NULL,'2020-03-27 11:19:19','2020-03-27 11:19:19','da3759a8-b525-445b-84df-3c2151c2977b'),(94,8,NULL,9,1,'2020-03-27 11:18:00',NULL,NULL,'2020-03-27 11:19:19','2020-03-27 11:19:19','d41407ba-baf8-4e93-9b49-433a71c60c0e'),(96,8,NULL,9,1,'2020-03-27 11:19:00',NULL,NULL,'2020-03-27 11:19:41','2020-03-27 11:19:41','276dc859-ae08-4ef9-8736-fb52f41dc11c'),(97,8,NULL,9,1,'2020-03-27 11:19:00',NULL,NULL,'2020-03-27 11:19:41','2020-03-27 11:19:41','5f687e06-f6a8-4864-b129-5e31333a6c10'),(99,8,NULL,9,1,'2020-03-27 11:19:00',NULL,NULL,'2020-03-27 11:20:19','2020-03-27 11:20:19','c532a90d-1514-48b9-a5c3-96b06ab8440e'),(100,8,NULL,9,1,'2020-03-27 11:19:00',NULL,NULL,'2020-03-27 11:20:19','2020-03-27 11:20:19','7cdba9d7-8744-4200-beda-140d9399ee12'),(102,8,NULL,9,1,'2020-03-27 11:20:00',NULL,NULL,'2020-03-27 11:20:28','2020-03-27 11:20:28','09a9c01c-459a-4d3e-b5c3-4776d7afbf46'),(103,8,NULL,9,1,'2020-03-27 11:20:00',NULL,NULL,'2020-03-27 11:20:28','2020-03-27 11:20:28','9e6bca7f-9641-487b-8237-8b477cd624fc'),(105,8,NULL,9,1,'2020-03-27 11:20:00',NULL,NULL,'2020-03-27 11:20:39','2020-03-27 11:20:39','da680c00-27bb-42fb-965d-724fa53e99ec'),(106,8,NULL,9,1,'2020-03-27 11:20:00',NULL,NULL,'2020-03-27 11:20:39','2020-03-27 11:20:39','f83ad72e-6fbe-4b77-8286-ad5a95e720fb'),(108,8,NULL,9,1,'2020-03-27 12:16:00',NULL,0,'2020-03-27 12:16:21','2020-03-27 12:16:21','afe04866-27dd-4e8d-a66a-64e373019229'),(109,8,NULL,9,1,'2020-03-27 12:16:00',NULL,NULL,'2020-03-27 12:16:21','2020-03-27 12:16:21','c398adc7-5685-42d1-ad10-bd37d19386e2'),(111,8,NULL,9,1,'2020-03-27 12:16:00',NULL,0,'2020-03-27 12:16:32','2020-03-27 12:16:32','0aec1bfb-b18f-4f2c-b1da-24c9e4d8935f'),(112,8,NULL,9,1,'2020-03-27 12:16:00',NULL,NULL,'2020-03-27 12:16:32','2020-03-27 12:16:32','3a55869d-a650-4360-8c7d-b02ca7971f59'),(113,8,NULL,9,1,'2020-03-27 12:16:00',NULL,NULL,'2020-03-27 12:16:48','2020-03-27 12:16:48','e62fa4c8-44d3-4a15-9d34-317de7a9bd61'),(115,8,NULL,9,1,'2020-03-27 12:16:00',NULL,0,'2020-03-27 12:17:01','2020-03-27 12:17:01','ce0046e8-7771-43c2-b138-36f4d612659b'),(116,8,NULL,9,1,'2020-03-27 12:16:00',NULL,NULL,'2020-03-27 12:17:01','2020-03-27 12:17:01','8679d32a-d802-4d10-9597-c5b1e6f8fd3c'),(118,8,NULL,9,1,'2020-03-27 12:17:00',NULL,0,'2020-03-27 12:17:13','2020-03-27 12:17:13','be198484-200b-4723-9563-45eecf2333bc'),(119,8,NULL,9,1,'2020-03-27 12:17:00',NULL,NULL,'2020-03-27 12:17:13','2020-03-27 12:17:13','363b64fc-733c-4a5f-8e12-2a9fc39c5121'),(121,8,NULL,9,1,'2020-03-27 12:17:00',NULL,0,'2020-03-27 12:17:19','2020-03-27 12:17:19','23c91967-a163-4c00-8906-d22f075e2fda'),(122,8,NULL,9,1,'2020-03-27 12:17:00',NULL,NULL,'2020-03-27 12:17:19','2020-03-27 12:17:19','5377f501-e0ac-417e-b201-4ee36b7e88cd'),(123,8,NULL,9,1,'2020-03-27 11:00:00',NULL,0,'2020-03-27 17:02:06','2020-03-27 17:02:06','844e08c6-a0d0-4bea-a961-2974a80ec906'),(124,8,NULL,9,1,'2020-03-27 11:00:00',NULL,NULL,'2020-03-27 17:02:06','2020-03-27 17:02:06','9744a22d-06e4-4e78-b74b-8e0f91b15dfc'),(125,8,NULL,9,1,'2020-03-27 11:18:00',NULL,0,'2020-03-27 17:02:06','2020-03-27 17:02:06','942312e5-6490-478c-af86-0d859dafcb15'),(126,8,NULL,9,1,'2020-03-27 11:18:00',NULL,NULL,'2020-03-27 17:02:06','2020-03-27 17:02:06','4ec59cfd-d9d3-4d69-b172-1350a6358635'),(127,8,NULL,9,1,'2020-03-27 11:19:00',NULL,0,'2020-03-27 17:02:06','2020-03-27 17:02:06','880f2d01-0a58-4e82-b5d3-fbdd352a707f'),(128,8,NULL,9,1,'2020-03-27 11:19:00',NULL,NULL,'2020-03-27 17:02:06','2020-03-27 17:02:06','04a40f48-c1da-4002-a444-89e7a140f8c0'),(129,8,NULL,9,1,'2020-03-27 11:19:00',NULL,0,'2020-03-27 17:02:06','2020-03-27 17:02:06','435f6e4e-f8af-4352-bcc6-eac1ce0c9272'),(130,8,NULL,9,1,'2020-03-27 11:19:00',NULL,NULL,'2020-03-27 17:02:06','2020-03-27 17:02:06','0f5f1af5-8eb2-44e5-8ff7-20b34f7495f3'),(131,8,NULL,9,1,'2020-03-27 11:20:00',NULL,0,'2020-03-27 17:02:06','2020-03-27 17:02:06','04331a87-bfac-40dd-ad15-219f367265a1'),(132,8,NULL,9,1,'2020-03-27 11:20:00',NULL,NULL,'2020-03-27 17:02:06','2020-03-27 17:02:06','6fb53912-79ae-41f1-8148-273c4b7fbf78'),(133,8,NULL,9,1,'2020-03-27 11:20:00',NULL,0,'2020-03-27 17:02:06','2020-03-27 17:02:06','26db1145-d30c-4198-a07e-6b16b8942e0a'),(134,8,NULL,9,1,'2020-03-27 11:20:00',NULL,NULL,'2020-03-27 17:02:06','2020-03-27 17:02:06','863872e7-f567-440a-9d12-6cae7442caa6'),(135,8,NULL,9,1,'2020-03-27 11:00:00',NULL,0,'2020-03-27 17:02:09','2020-03-27 17:02:09','ebbba66f-6fb4-441d-bf4c-b8a886407f37'),(136,8,NULL,9,1,'2020-03-27 11:00:00',NULL,NULL,'2020-03-27 17:02:09','2020-03-27 17:02:09','e6a044c7-1ef0-474b-851a-6924cad46ad2'),(137,8,NULL,9,1,'2020-03-27 11:18:00',NULL,0,'2020-03-27 17:02:09','2020-03-27 17:02:09','a59e7025-9984-4d6c-8e21-778ade1a1cfe'),(138,8,NULL,9,1,'2020-03-27 11:18:00',NULL,NULL,'2020-03-27 17:02:09','2020-03-27 17:02:09','d77299a5-03d2-4aa1-84cd-376c9391ea95'),(139,8,NULL,9,1,'2020-03-27 11:19:00',NULL,0,'2020-03-27 17:02:09','2020-03-27 17:02:09','f7bc531c-e5b4-4549-9848-1b2fe0cad676'),(140,8,NULL,9,1,'2020-03-27 11:19:00',NULL,NULL,'2020-03-27 17:02:09','2020-03-27 17:02:09','dfa27414-9b99-4cf5-b1ee-527a1f206e40'),(141,8,NULL,9,1,'2020-03-27 11:19:00',NULL,0,'2020-03-27 17:02:09','2020-03-27 17:02:09','24eea048-2dca-470f-95a1-6992ac3c81ee'),(142,8,NULL,9,1,'2020-03-27 11:19:00',NULL,NULL,'2020-03-27 17:02:09','2020-03-27 17:02:09','ca214557-431d-49c2-9a4f-b08c7b0120f1'),(143,8,NULL,9,1,'2020-03-27 11:20:00',NULL,0,'2020-03-27 17:02:09','2020-03-27 17:02:09','93ed6d71-7ef5-4aa5-af79-b01a80a6d245'),(144,8,NULL,9,1,'2020-03-27 11:20:00',NULL,NULL,'2020-03-27 17:02:09','2020-03-27 17:02:09','25d771f7-9abd-476a-aabe-cb4ef8adb1ca'),(145,8,NULL,9,1,'2020-03-27 11:20:00',NULL,0,'2020-03-27 17:02:09','2020-03-27 17:02:09','799af5b9-7a81-4c69-acbb-df7b59a1b278'),(146,8,NULL,9,1,'2020-03-27 11:20:00',NULL,NULL,'2020-03-27 17:02:09','2020-03-27 17:02:09','0f4bd159-72f4-43ee-bc02-1f05f563df23'),(148,12,NULL,22,1,'2020-03-28 14:12:00',NULL,NULL,'2020-03-28 14:13:11','2020-03-28 14:13:11','0932c407-38b1-48f0-9acc-fe519e8dc643'),(149,12,NULL,22,1,'2020-03-28 14:12:00',NULL,NULL,'2020-03-28 14:13:11','2020-03-28 14:13:11','199fd6f2-7dce-4ec1-829e-9af3e1b88370'),(151,12,NULL,22,1,'2020-03-28 14:13:00',NULL,NULL,'2020-03-28 14:13:38','2020-03-28 14:13:38','88c25295-4fd3-4e9e-9e8f-5a2bfb5d7502'),(152,12,NULL,22,1,'2020-03-28 14:13:00',NULL,NULL,'2020-03-28 14:13:38','2020-03-28 14:13:38','435e6e0a-f75a-4220-b6be-c59ec6e489f8'),(154,3,NULL,3,1,'2020-03-28 14:38:00',NULL,0,'2020-03-28 14:38:54','2020-03-28 14:38:54','0d419b8f-0577-49ca-bad2-da94255f271a'),(155,3,NULL,3,1,'2020-03-28 14:38:00',NULL,NULL,'2020-03-28 14:38:54','2020-03-28 14:38:54','b1711fb7-146e-49d7-9cae-b933ee138e5a'),(157,3,NULL,3,1,'2020-03-28 14:38:00',NULL,0,'2020-03-28 14:39:19','2020-03-28 14:39:19','09c0ec71-9650-452c-8ea0-326b9bf757d1'),(158,3,NULL,3,1,'2020-03-28 14:38:00',NULL,NULL,'2020-03-28 14:39:19','2020-03-28 14:39:19','9dfafcba-24ba-41f9-80f7-46d672ca1954'),(160,3,NULL,3,1,'2020-03-28 14:39:00',NULL,0,'2020-03-28 14:39:26','2020-03-28 14:39:26','b8915a76-5d77-45db-95ad-3f6bf20057d4'),(161,3,NULL,3,1,'2020-03-28 14:39:00',NULL,NULL,'2020-03-28 14:39:26','2020-03-28 14:39:26','93659302-7f63-4ee8-9704-ef527aa7f6b8'),(163,3,NULL,3,1,'2020-03-28 14:39:00',NULL,0,'2020-03-28 14:39:36','2020-03-28 14:39:36','41246966-f806-4edd-9f4d-8f4d1e48ee42'),(164,3,NULL,3,1,'2020-03-28 14:39:00',NULL,NULL,'2020-03-28 14:39:36','2020-03-28 14:39:36','1f799473-9abc-47e1-abb7-61aab8dfb627'),(166,3,NULL,3,1,'2020-03-28 14:39:00',NULL,0,'2020-03-28 14:39:51','2020-03-28 14:39:51','5f375e0c-ef44-452f-92ec-e84795dedca0'),(167,3,NULL,3,1,'2020-03-28 14:39:00',NULL,NULL,'2020-03-28 14:39:51','2020-03-28 14:39:51','8a4c8039-b714-4cea-a5d3-9ae306440beb'),(169,3,NULL,3,1,'2020-03-28 14:39:00',NULL,0,'2020-03-28 14:39:57','2020-03-28 14:39:57','9e88a156-2607-4f03-9128-c31d5478ccca'),(170,3,NULL,3,1,'2020-03-28 14:39:00',NULL,NULL,'2020-03-28 14:39:57','2020-03-28 14:39:57','6fc5089f-3837-4fd7-af0e-cd2cf2c874c4'),(172,3,NULL,3,1,'2020-03-28 14:39:00',NULL,0,'2020-03-28 14:40:16','2020-03-28 14:40:16','11de56a0-1d77-4fc5-ab70-8e98dafbe9d7'),(173,3,NULL,3,1,'2020-03-28 14:39:00',NULL,NULL,'2020-03-28 14:40:16','2020-03-28 14:40:16','7da33c8c-ee2b-4eae-ba32-36a00f73a669'),(175,3,NULL,3,1,'2020-03-28 14:40:00',NULL,0,'2020-03-28 14:40:29','2020-03-28 14:40:29','b4ce4bbb-517a-45bf-98b1-8cc9204d89e1'),(176,3,NULL,3,1,'2020-03-28 14:40:00',NULL,NULL,'2020-03-28 14:40:29','2020-03-28 14:40:29','bdf501d8-5f42-4925-bf29-1f76f6d211a5'),(178,3,NULL,3,1,'2020-03-28 14:40:00',NULL,0,'2020-03-28 14:40:42','2020-03-28 14:40:42','19624f87-31c2-4131-aa03-c6ee0da17a47'),(179,3,NULL,3,1,'2020-03-28 14:40:00',NULL,NULL,'2020-03-28 14:40:42','2020-03-28 14:40:42','99d29f46-6df6-445c-8cef-891d0674ff11'),(181,3,NULL,3,1,'2020-03-28 14:40:00',NULL,0,'2020-03-28 14:40:52','2020-03-28 14:40:52','c84e52ad-98be-445e-b074-7e6b9fac0823'),(182,3,NULL,3,1,'2020-03-28 14:40:00',NULL,NULL,'2020-03-28 14:40:52','2020-03-28 14:40:52','4d84f94b-474a-4ef6-89d0-357ec98bc976'),(184,3,NULL,3,1,'2020-03-28 14:40:00',NULL,0,'2020-03-28 14:41:08','2020-03-28 14:41:08','9aee0aed-c168-488c-93ae-e61da60da6f7'),(185,3,NULL,3,1,'2020-03-28 14:40:00',NULL,NULL,'2020-03-28 14:41:08','2020-03-28 14:41:08','0a9ebdc7-629d-4d8e-b10d-7123982a0950'),(187,3,NULL,3,1,'2020-03-28 14:41:00',NULL,0,'2020-03-28 14:41:18','2020-03-28 14:41:18','1ba3b185-85bf-499d-84b5-366c809d13a8'),(188,3,NULL,3,1,'2020-03-28 14:41:00',NULL,NULL,'2020-03-28 14:41:18','2020-03-28 14:41:18','005a3d6f-2ee6-4988-81d3-48f5c68aa061'),(190,3,NULL,3,1,'2020-03-28 14:41:00',NULL,0,'2020-03-28 14:41:24','2020-03-28 14:41:24','89f06541-4d72-417a-88b4-e972ef6d1556'),(191,3,NULL,3,1,'2020-03-28 14:41:00',NULL,NULL,'2020-03-28 14:41:24','2020-03-28 14:41:24','3c938bf6-f864-408d-b4cd-a138731e8497'),(193,3,NULL,3,1,'2020-03-28 14:41:00',NULL,0,'2020-03-28 14:41:33','2020-03-28 14:41:33','ccc3cf10-f355-4d4a-89b4-d8ff89825b1b'),(194,3,NULL,3,1,'2020-03-28 14:41:00',NULL,NULL,'2020-03-28 14:41:33','2020-03-28 14:41:33','5bb959c6-c586-48ef-b75d-5d837f96f989'),(196,3,NULL,3,1,'2020-03-28 14:41:00',NULL,0,'2020-03-28 14:41:43','2020-03-28 14:41:43','63496fe5-32dc-4eb3-9537-dc2cbf0033e8'),(197,3,NULL,3,1,'2020-03-28 14:41:00',NULL,NULL,'2020-03-28 14:41:43','2020-03-28 14:41:43','04af07d1-6fd6-410c-b7e6-f28380f31bd1'),(198,3,NULL,3,1,'2020-03-28 14:41:00',NULL,NULL,'2020-03-28 14:41:43','2020-03-28 14:41:43','8f045a14-baed-4f1c-bf6a-3ff870b974d0'),(200,3,NULL,3,1,'2020-03-28 14:41:00',NULL,0,'2020-03-28 14:41:58','2020-03-28 14:41:58','ae719660-048c-465b-86b7-d3da6988a836'),(201,3,NULL,3,1,'2020-03-28 14:41:00',NULL,NULL,'2020-03-28 14:41:58','2020-03-28 14:41:58','298ced06-f5cf-4c09-b753-b7d11d225f81'),(203,3,NULL,3,1,'2020-03-28 14:41:00',NULL,0,'2020-03-28 14:42:09','2020-03-28 14:42:09','4c8dac6a-87e5-43bf-898d-391b791a66cb'),(204,3,NULL,3,1,'2020-03-28 14:41:00',NULL,NULL,'2020-03-28 14:42:09','2020-03-28 14:42:09','18a188e5-076b-4c91-8840-3cafe32021ae'),(206,3,NULL,3,1,'2020-03-28 14:42:00',NULL,0,'2020-03-28 14:42:44','2020-03-28 14:42:44','f16e1e76-6e51-424c-8b62-fb7f98123a85'),(207,3,NULL,3,1,'2020-03-28 14:42:00',NULL,NULL,'2020-03-28 14:42:44','2020-03-28 14:42:44','24d86e8f-9314-4a91-9148-f70528f2ac25'),(209,3,NULL,3,1,'2020-03-28 14:42:00',NULL,0,'2020-03-28 14:42:53','2020-03-28 14:42:53','d6c579aa-e49e-4c4d-99d0-7cdbd20cc769'),(210,3,NULL,3,1,'2020-03-28 14:42:00',NULL,NULL,'2020-03-28 14:42:53','2020-03-28 14:42:53','85bb83fe-adee-4766-847e-bb2526d5017b'),(212,3,NULL,3,1,'2020-03-28 14:42:00',NULL,0,'2020-03-28 14:43:00','2020-03-28 14:43:00','87c3332c-95ae-4463-8ec3-3db3820f973e'),(213,3,NULL,3,1,'2020-03-28 14:42:00',NULL,NULL,'2020-03-28 14:43:00','2020-03-28 14:43:00','229b9026-297c-40df-97c8-4c99547d2280'),(215,3,NULL,3,1,'2020-03-28 14:43:00',NULL,0,'2020-03-28 14:43:12','2020-03-28 14:43:12','5ad9d9be-7488-4825-ad06-bc7cb597ab6d'),(216,3,NULL,3,1,'2020-03-28 14:43:00',NULL,NULL,'2020-03-28 14:43:12','2020-03-28 14:43:12','a81b8fbd-ca1e-40be-b53f-e63417847eaa'),(218,3,NULL,3,1,'2020-03-28 14:43:00',NULL,0,'2020-03-28 14:43:25','2020-03-28 14:43:25','82dc3cd7-9f2e-45e3-a540-cedfdc8dea10'),(219,3,NULL,3,1,'2020-03-28 14:43:00',NULL,NULL,'2020-03-28 14:43:25','2020-03-28 14:43:25','693ba498-7a4e-4680-b802-1c09abe8848a'),(221,3,NULL,3,1,'2020-03-28 14:43:00',NULL,0,'2020-03-28 14:43:31','2020-03-28 14:43:31','bb403078-d807-4cfe-a411-09f307c5cd68'),(222,3,NULL,3,1,'2020-03-28 14:43:00',NULL,NULL,'2020-03-28 14:43:31','2020-03-28 14:43:31','5c225da0-9dfe-47c0-9bb7-0e98aa67108b'),(224,3,NULL,3,1,'2020-03-28 14:43:00',NULL,0,'2020-03-28 14:43:47','2020-03-28 14:43:47','5831a490-b7dc-4057-951f-c4f7f7675b0d'),(225,3,NULL,3,1,'2020-03-28 14:43:00',NULL,NULL,'2020-03-28 14:43:47','2020-03-28 14:43:47','cff82f3d-9834-4d53-82d8-31fe67a0eb8e'),(227,3,NULL,3,1,'2020-03-28 14:43:00',NULL,0,'2020-03-28 14:43:58','2020-03-28 14:43:58','4537b6a5-169c-4f0d-b778-53fd75c97d2f'),(228,3,NULL,3,1,'2020-03-28 14:43:00',NULL,NULL,'2020-03-28 14:43:58','2020-03-28 14:43:58','542d9ca5-439e-4c2f-bf2d-22192b092a96'),(230,3,NULL,3,1,'2020-03-28 14:43:00',NULL,0,'2020-03-28 14:44:08','2020-03-28 14:44:08','6cb37acf-1a05-40c9-a2c4-bab3a101c56a'),(231,3,NULL,3,1,'2020-03-28 14:43:00',NULL,NULL,'2020-03-28 14:44:08','2020-03-28 14:44:08','48d0b8c8-b5ff-443f-97df-bc91b3143264'),(233,3,NULL,3,1,'2020-03-28 14:44:00',NULL,0,'2020-03-28 14:44:12','2020-03-28 14:44:12','d6cee996-e51b-44c0-a00f-03b5a90d3f4c'),(234,3,NULL,3,1,'2020-03-28 14:44:00',NULL,NULL,'2020-03-28 14:44:12','2020-03-28 14:44:12','c205b428-8d96-4b85-a2ba-a9a93fc974df'),(235,6,NULL,6,1,'2020-03-28 15:06:00',NULL,NULL,'2020-03-28 15:06:05','2020-03-28 15:06:05','bfd15b75-9ffd-49ea-bcd8-a3c2cd2bc387'),(237,6,NULL,6,1,'2020-03-28 15:06:00',NULL,NULL,'2020-03-28 15:06:06','2020-03-28 15:06:06','a40641a4-f012-4dca-9fa6-22750a17b8f1'),(242,10,NULL,11,1,'2020-03-29 15:11:00',NULL,0,'2020-03-29 15:11:35','2020-03-29 15:11:35','01ed9bb7-9e3f-432c-a897-28ee4e9c1ce0'),(243,10,NULL,11,1,'2020-03-29 15:11:00',NULL,NULL,'2020-03-29 15:11:35','2020-03-29 15:11:35','0b5a30b0-6c74-49c9-ab38-14387e9332a9'),(247,10,NULL,13,1,'2020-03-29 15:12:00',NULL,0,'2020-03-29 15:12:27','2020-03-29 15:12:27','9f9a66d5-7c38-4987-b08f-c41cf6f7e36c'),(248,10,NULL,13,1,'2020-03-29 15:12:00',NULL,NULL,'2020-03-29 15:12:27','2020-03-29 15:12:27','19fb63f9-3520-4362-a353-c60fbed86bbf'),(251,10,NULL,14,1,'2020-03-29 15:12:00',NULL,0,'2020-03-29 15:12:44','2020-03-29 15:12:44','247ac7c5-0e18-414a-a0c1-e7db3013256b'),(252,10,NULL,14,1,'2020-03-29 15:12:00',NULL,NULL,'2020-03-29 15:12:44','2020-03-29 15:12:44','ee78ce7f-78d5-49b3-938b-020d32786d8b'),(262,10,NULL,15,1,'2020-03-29 15:13:00',NULL,0,'2020-03-29 15:13:09','2020-03-29 15:13:09','a5eb5a50-872a-4022-ae3d-45b2dc274cb2'),(263,10,NULL,15,1,'2020-03-29 15:13:00',NULL,NULL,'2020-03-29 15:13:09','2020-03-29 15:13:09','257218b5-be75-44da-b593-c068d92f4670'),(272,9,NULL,10,1,'2020-03-29 15:03:00',NULL,0,'2020-03-29 15:13:15','2020-03-29 15:13:15','8fe896a9-1d59-4fd1-b961-b91aa192682e'),(277,9,NULL,10,1,'2020-03-29 15:03:00',NULL,NULL,'2020-03-29 15:13:15','2020-03-29 15:13:15','332fe5b9-ad0a-4d09-afa6-4fe2e2372014'),(282,10,NULL,21,1,'2020-03-29 15:26:00',NULL,0,'2020-03-29 15:26:06','2020-03-29 15:26:06','78352c55-1347-48e8-8c30-2dccbf9e006d'),(283,10,NULL,21,1,'2020-03-29 15:26:00',NULL,NULL,'2020-03-29 15:26:06','2020-03-29 15:26:06','845635e9-7014-478d-979f-ce7812d3ba52'),(284,10,NULL,18,1,'2020-03-29 15:26:00',NULL,0,'2020-03-29 15:26:35','2020-03-29 15:26:35','9313b31b-8c4e-4157-b473-2a3c83a9cf70'),(285,10,NULL,18,1,'2020-03-29 15:26:00',NULL,NULL,'2020-03-29 15:26:35','2020-03-29 15:26:35','455eafbf-317a-456f-b11f-d9009ba47166'),(286,10,NULL,19,1,'2020-03-29 15:27:00',NULL,0,'2020-03-29 15:27:19','2020-03-29 15:27:19','3ca579e0-8f93-491e-b9b0-fc219ba32347'),(287,10,NULL,19,1,'2020-03-29 15:27:00',NULL,NULL,'2020-03-29 15:27:19','2020-03-29 15:27:19','bdf6dbee-1570-448f-88d9-0df34c16b05d'),(288,10,NULL,20,1,'2020-03-29 15:27:00',NULL,0,'2020-03-29 15:27:50','2020-03-29 15:27:50','be7e6ee8-2a59-43fd-9737-35a8e3696775'),(289,10,NULL,20,1,'2020-03-29 15:27:00',NULL,NULL,'2020-03-29 15:27:50','2020-03-29 15:27:50','041a4553-b833-481f-9948-b8498f515dbe'),(290,10,NULL,17,1,'2020-03-29 15:28:00',NULL,0,'2020-03-29 15:28:31','2020-03-29 15:28:31','c6cbf3c2-0bc7-4ca4-8ab9-f5b870b0d3c3'),(291,10,NULL,17,1,'2020-03-29 15:28:00',NULL,NULL,'2020-03-29 15:28:31','2020-03-29 15:28:31','95dbb24d-4712-4ab4-b08d-1b6f878f3474'),(292,10,NULL,16,1,'2020-03-29 15:29:00',NULL,0,'2020-03-29 15:29:34','2020-03-29 15:29:34','33a3b777-03ee-40a4-97c4-29ec3aecf030'),(293,10,NULL,16,1,'2020-03-29 15:29:00',NULL,NULL,'2020-03-29 15:29:34','2020-03-29 15:29:34','a54e855a-b960-459a-a05b-aafd9f8b3928'),(298,9,NULL,10,1,'2020-03-29 15:03:00',NULL,NULL,'2020-03-29 15:29:46','2020-03-29 15:29:46','1373d300-828b-4fd3-9e68-a1f393a14457'),(307,11,NULL,12,1,'2020-03-29 15:50:37',NULL,0,'2020-03-29 15:50:37','2020-03-29 15:50:37','d2a58529-f85c-43e8-ab15-db12519c1127'),(308,11,NULL,12,1,'2020-03-29 15:50:37',NULL,NULL,'2020-03-29 15:50:37','2020-03-29 15:50:37','683fd960-213d-4ebd-b287-de5d0b3d04e1'),(309,11,NULL,12,1,'2020-03-29 15:58:22',NULL,0,'2020-03-29 15:58:22','2020-03-29 15:58:22','ba1b871f-99eb-4016-ad95-8d5496f5e5da'),(310,11,NULL,12,1,'2020-03-29 15:58:22',NULL,NULL,'2020-03-29 15:58:22','2020-03-29 15:58:22','18716960-a49b-464a-9e31-4fe8494ec9eb'),(311,11,NULL,12,1,'2020-03-29 17:05:19',NULL,0,'2020-03-29 17:05:19','2020-03-29 17:05:19','069358bd-213e-4bb6-a758-ee23afbeba35'),(312,11,NULL,12,1,'2020-03-29 17:05:19',NULL,NULL,'2020-03-29 17:05:19','2020-03-29 17:05:19','815a3d4b-01bf-4cc5-8689-62cc21b8614d'),(313,11,NULL,12,1,'2020-03-29 17:10:03',NULL,0,'2020-03-29 17:10:03','2020-03-29 17:10:03','db35f5e1-8ba5-422a-b861-c0498cc1d838'),(314,11,NULL,12,1,'2020-03-29 17:10:03',NULL,NULL,'2020-03-29 17:10:03','2020-03-29 17:10:03','16d39fdc-fc52-4ffe-bafe-e08938e0d07d'),(315,11,NULL,12,1,'2020-03-29 17:28:00',NULL,NULL,'2020-03-29 17:28:01','2020-03-29 17:28:01','57c405ef-b5ec-45f2-9327-74efaf9b417e'),(316,11,NULL,12,1,'2020-03-29 17:28:00',NULL,NULL,'2020-03-29 17:28:47','2020-03-29 17:28:47','303933c4-3a78-49c9-a8e4-7504b80a7f7f'),(317,12,NULL,22,1,'2020-03-28 14:12:00',NULL,NULL,'2020-04-02 14:17:21','2020-04-02 14:17:21','65e343ee-db0a-4106-b2ad-157218b41195'),(319,3,NULL,3,1,'2020-04-03 15:05:00',NULL,NULL,'2020-04-03 15:05:29','2020-04-03 15:05:29','8937263c-6440-428c-9c44-b087c85abff8'),(320,3,NULL,3,1,'2020-04-03 15:05:00',NULL,NULL,'2020-04-03 15:05:29','2020-04-03 15:05:29','cfe2905b-0639-48ce-b832-92b851534364'),(322,3,NULL,3,1,'2020-04-03 15:05:00',NULL,NULL,'2020-04-03 15:06:02','2020-04-03 15:06:02','dab53d62-1e0f-4b0a-9d01-7452a7598d58'),(323,3,NULL,3,1,'2020-04-03 15:05:00',NULL,NULL,'2020-04-03 15:06:02','2020-04-03 15:06:02','b7b1b242-4af6-4769-af8a-1b8aa839d430'),(324,4,NULL,4,1,'2020-04-03 15:10:00',NULL,NULL,'2020-04-03 15:10:53','2020-04-03 15:10:53','852f5086-0b4a-4d83-be97-1617d90ba548'),(325,4,NULL,4,1,'2020-04-03 15:10:00',NULL,NULL,'2020-04-03 15:10:56','2020-04-03 15:10:56','19580567-ba16-4c29-9354-2ec0fdc5a274');
/*!40000 ALTER TABLE `entries` ENABLE KEYS */;
UNLOCK TABLES;
commit;

--
-- Dumping data for table `entrytypes`
--

LOCK TABLES `entrytypes` WRITE;
/*!40000 ALTER TABLE `entrytypes` DISABLE KEYS */;
set autocommit=0;
INSERT INTO `entrytypes` VALUES (1,1,2,'Testimonials','testimonials',1,'Title','',1,'2020-03-19 11:32:38','2020-03-19 11:32:38',NULL,'78436d80-d50b-488d-88ad-d9c41c057dcb'),(2,2,3,'Homepage','homepage',0,'','{section.name|raw}',1,'2020-03-19 11:32:38','2020-03-19 11:32:38',NULL,'b2fe81aa-82f5-470b-ad93-b8f4ed7a4017'),(3,3,4,'Footer Navigation','footerNavigation',1,'Link Text','',1,'2020-03-19 11:32:39','2020-03-19 11:32:39',NULL,'6637f267-6f2b-4888-a86f-2bea60127eab'),(4,4,5,'Articles','articles',1,'Title','',1,'2020-03-19 11:32:39','2020-03-19 11:32:39',NULL,'a8facf3b-667d-4971-b801-f9a131ffbdee'),(5,5,6,'Blog','blog',0,'','{section.name|raw}',1,'2020-03-19 11:32:39','2020-03-19 11:32:39',NULL,'5842aec8-f698-4140-adf9-d67bbbb03cc4'),(6,6,7,'Pages','pages',1,'Title','',1,'2020-03-19 11:32:39','2020-03-19 11:32:39',NULL,'9fd402b7-a8f4-4f00-835e-2ee0375dd762'),(7,7,8,'Standard','defaultHeroBlock',1,'Block Name','',1,'2020-03-19 11:32:39','2020-03-19 11:32:39','2020-03-21 13:05:24','f6b980e5-5d54-43fd-af25-8b93714f9870'),(8,7,9,'Carousel','carouselHeroBlock',1,'Block Name','',2,'2020-03-19 11:32:39','2020-03-19 11:32:39','2020-03-21 13:05:24','e7c25b2f-26d2-4c47-9e77-26c9f117796a'),(9,8,10,'Header Navigation','headerNavigation',1,'Link Text','',1,'2020-03-19 11:32:39','2020-03-19 11:32:39',NULL,'952aafeb-e91d-4224-ad3f-797108e0743c'),(10,9,33,'Forms','forms',1,'Title','',1,'2020-03-21 14:03:36','2020-03-21 14:21:14',NULL,'b0447330-993f-4e72-ac21-0325868ae130'),(11,10,34,'Text Input','textInput',1,'Label','',1,'2020-03-21 14:03:44','2020-03-21 14:23:43','2020-03-29 17:25:36','42af5d9c-0cdb-4d73-b358-2168039913e8'),(12,11,32,'Submission','submission',1,'Form Submission','',1,'2020-03-21 14:03:55','2020-03-29 17:28:42',NULL,'f1e49616-743e-4e6c-93f1-15beeee38852'),(13,10,35,'Email Input','emailInput',1,'Label','',2,'2020-03-21 14:23:04','2020-03-21 14:23:48','2020-03-29 17:25:36','aee2dfbe-306e-4a64-abe9-118f63c37dd9'),(14,10,36,'Telephone Input','telephoneInput',1,'Label','',3,'2020-03-21 14:23:27','2020-03-21 14:23:54','2020-03-29 17:25:36','cc34caa5-acce-4578-bbb9-e58bb02ba258'),(15,10,37,'Textarea','textarea',1,'Label','',4,'2020-03-21 14:24:19','2020-03-21 14:24:19','2020-03-29 17:25:36','1b28b4a2-7e81-442f-af89-f818a226d5c5'),(16,10,38,'Radio Buttons','radioButtons',1,'Label','',5,'2020-03-21 14:24:52','2020-03-21 14:24:52','2020-03-29 17:25:36','37440e92-b59f-4bbe-a69d-31d1487127c3'),(17,10,39,'Checkboxes','checkboxes',1,'Label','',6,'2020-03-21 14:25:17','2020-03-21 14:25:17','2020-03-29 17:25:36','e8d91eae-2572-44b3-bbbd-5a115eff3077'),(18,10,40,'Lightswitch','lightswitch',1,'Label','',7,'2020-03-21 14:25:46','2020-03-21 14:25:46','2020-03-29 17:25:36','5d3af97e-b029-45fb-8f45-d1d49a00eab5'),(19,10,41,'Select','select',1,'Label','',8,'2020-03-21 14:26:10','2020-03-21 14:26:10','2020-03-29 17:25:36','8fc0f39e-5bf6-4567-b63c-2b39bef33c81'),(20,10,42,'Number','number',1,'Label','',9,'2020-03-21 14:26:44','2020-03-21 14:26:44','2020-03-29 17:25:36','0f71dea6-a6c4-41e7-b48a-cbbb53d8bb3c'),(21,10,43,'Date','date',1,'Label','',10,'2020-03-21 14:27:13','2020-03-21 14:27:13','2020-03-29 17:25:36','f678b5f5-4cf6-4e7a-b4e7-b3f8c77c8b3a'),(22,12,46,'Utility Navigaiton','utilityNavigaiton',1,'Title','',1,'2020-03-28 14:11:42','2020-03-28 14:12:01',NULL,'c7c95731-17d9-49ef-bcef-39653503472d');
/*!40000 ALTER TABLE `entrytypes` ENABLE KEYS */;
UNLOCK TABLES;
commit;

--
-- Dumping data for table `fieldgroups`
--

LOCK TABLES `fieldgroups` WRITE;
/*!40000 ALTER TABLE `fieldgroups` DISABLE KEYS */;
set autocommit=0;
INSERT INTO `fieldgroups` VALUES (1,'Common','2020-03-17 13:28:06','2020-03-17 13:28:06','225c7f29-a1ba-4281-a207-621cab6d37b7'),(2,'Global','2020-03-19 11:32:37','2020-03-21 13:32:00','c4451265-86dd-4e29-8607-338f8dff61d4'),(3,'Organization','2020-03-21 13:29:40','2020-03-21 13:31:43','451b931d-873f-460e-8d38-e836680cfe09'),(4,'Form','2020-03-21 14:05:25','2020-03-21 14:05:25','9b600c44-8637-4f65-897a-d3dfa375f14b');
/*!40000 ALTER TABLE `fieldgroups` ENABLE KEYS */;
UNLOCK TABLES;
commit;

--
-- Dumping data for table `fieldlayoutfields`
--

LOCK TABLES `fieldlayoutfields` WRITE;
/*!40000 ALTER TABLE `fieldlayoutfields` DISABLE KEYS */;
set autocommit=0;
INSERT INTO `fieldlayoutfields` VALUES (1,1,1,2,1,1,'2020-03-17 13:42:40','2020-03-17 13:42:40','905b1319-b6db-464c-a541-ac5a1110d908'),(25,6,15,1,0,1,'2020-03-19 11:32:40','2020-03-19 11:32:40','a628a952-8a33-4aba-9da3-f0adc5c4ba64'),(26,4,16,3,0,1,'2020-03-19 11:32:40','2020-03-19 11:32:40','03a28ece-f36a-4a72-a22b-3a955589e132'),(27,10,17,3,0,1,'2020-03-19 11:32:40','2020-03-19 11:32:40','d554e886-5d46-447a-9472-f0462fcacce6'),(28,8,18,7,0,2,'2020-03-19 11:32:40','2020-03-19 11:32:40','b8a28d6d-e25f-4d2b-acfc-d7807e4b180a'),(29,8,18,13,0,3,'2020-03-19 11:32:40','2020-03-19 11:32:40','67453f2b-9d1a-4f70-a68a-49466842c560'),(30,8,18,14,1,1,'2020-03-19 11:32:40','2020-03-19 11:32:40','aec3b698-cd0a-40a8-98d6-47ad9b7307de'),(32,3,20,1,0,1,'2020-03-19 11:32:40','2020-03-19 11:32:40','1e102b14-9d12-4a61-b049-971c00653bbe'),(33,2,21,7,1,2,'2020-03-19 11:32:40','2020-03-19 11:32:40','9d79e3b5-3f82-4001-88f9-f5d24c3dca56'),(34,2,21,11,0,3,'2020-03-19 11:32:40','2020-03-19 11:32:40','ffd97b1c-ae8c-41ac-bd99-cc5579d71ef9'),(35,2,21,13,1,1,'2020-03-19 11:32:40','2020-03-19 11:32:40','af19a005-e7ce-4cd1-a97c-23c2438e1d10'),(36,2,21,14,0,4,'2020-03-19 11:32:40','2020-03-19 11:32:40','9bfd7390-03e5-4867-ac8e-4787fdefc094'),(190,7,82,6,1,1,'2020-03-21 13:05:40','2020-03-21 13:05:40','6fc54bfb-082d-48bb-96d6-e1de91fb6fdd'),(191,7,83,48,0,1,'2020-03-21 13:05:40','2020-03-21 13:05:40','4e279004-40e4-4f40-b616-9cb79c1b2e2f'),(192,7,83,1,0,2,'2020-03-21 13:05:40','2020-03-21 13:05:40','1d3d453f-897e-40e3-9c1d-8e997bb8379e'),(297,33,118,48,0,4,'2020-03-21 14:21:14','2020-03-21 14:21:14','463d80af-de10-4bb5-90a2-baaaba3f8976'),(332,5,133,7,0,2,'2020-03-21 14:48:57','2020-03-21 14:48:57','02657101-03ec-4d20-b72f-8e5f37be5e4c'),(333,5,133,83,0,4,'2020-03-21 14:48:57','2020-03-21 14:48:57','36732f52-2879-4719-b257-951e51e0509a'),(334,5,133,49,0,3,'2020-03-21 14:48:57','2020-03-21 14:48:57','ea9afdf0-f5c5-417e-bb3e-c1a8f30bf7c3'),(335,5,133,14,1,1,'2020-03-21 14:48:57','2020-03-21 14:48:57','2f0d7727-c9b3-412d-9100-22ddf6c3f472'),(336,5,134,6,1,1,'2020-03-21 14:48:57','2020-03-21 14:48:57','774f33d5-b571-4cc2-9a38-d08c0690c1b2'),(337,5,135,1,0,1,'2020-03-21 14:48:57','2020-03-21 14:48:57','e786aea1-c9fa-4129-8c5b-c697f83bc9aa'),(338,15,136,23,0,1,'2020-03-21 14:52:27','2020-03-21 14:52:27','add26cc1-fb6f-4b0c-88c4-d4adb0cd9b4f'),(339,15,136,24,0,3,'2020-03-21 14:52:27','2020-03-21 14:52:27','c3516a10-c0a5-41ff-ace7-f7219f388f22'),(340,15,136,25,0,2,'2020-03-21 14:52:27','2020-03-21 14:52:27','2ce09b11-c873-42af-a89a-46ab027ee7a9'),(341,13,137,17,0,2,'2020-03-21 14:52:27','2020-03-21 14:52:27','2c29ac3c-517c-41c8-bcdc-4475669bc6f4'),(342,13,137,18,1,1,'2020-03-21 14:52:27','2020-03-21 14:52:27','f7004fb1-3d49-4ae9-b8a1-b923c631a023'),(343,11,138,15,1,1,'2020-03-21 14:52:27','2020-03-21 14:52:27','e6ed5a66-79da-4c65-a011-6c150bcfc61b'),(344,11,138,16,1,2,'2020-03-21 14:52:27','2020-03-21 14:52:27','44012966-24cf-4663-b075-c2d42984e3c0'),(345,14,139,19,0,3,'2020-03-21 14:52:27','2020-03-21 14:52:27','aeb501a9-8fe4-40eb-b5b2-618fb66cbb06'),(346,14,139,20,0,1,'2020-03-21 14:52:27','2020-03-21 14:52:27','f0f6b26f-731e-4072-a939-196fff0e4292'),(347,14,139,46,0,5,'2020-03-21 14:52:27','2020-03-21 14:52:27','1a2a7f9e-cf7a-440a-8f46-caca916d1aef'),(348,14,139,21,0,2,'2020-03-21 14:52:27','2020-03-21 14:52:27','971eef4f-d8ab-445a-a9da-71bb8f9680a3'),(349,14,139,22,1,4,'2020-03-21 14:52:27','2020-03-21 14:52:27','ef693be5-bc52-44ca-aa57-ad60b2e9219f'),(350,17,140,30,1,1,'2020-03-21 14:52:27','2020-03-21 14:52:27','aa6a9afb-4635-44ea-b664-9b75244ce3fc'),(351,18,141,31,1,3,'2020-03-21 14:52:27','2020-03-21 14:52:27','a8d6b350-866c-40da-8e1c-0cce76cb1232'),(352,18,141,32,0,4,'2020-03-21 14:52:27','2020-03-21 14:52:27','af02b0b5-82f9-4acd-8d83-b323827634c7'),(353,18,141,33,0,1,'2020-03-21 14:52:28','2020-03-21 14:52:28','94fbac4a-2f8e-491e-b42d-135e9d7c20f6'),(354,18,141,34,0,2,'2020-03-21 14:52:28','2020-03-21 14:52:28','31064d37-a280-4fe4-abf9-be6c109b850a'),(355,19,142,37,1,2,'2020-03-21 14:52:28','2020-03-21 14:52:28','a42780ce-2446-476c-98d8-59ac893f1d19'),(356,19,142,38,0,1,'2020-03-21 14:52:28','2020-03-21 14:52:28','b1b497aa-4e08-40ff-b561-11cf66a84911'),(357,19,142,39,1,3,'2020-03-21 14:52:28','2020-03-21 14:52:28','55a4fded-33c4-4dac-8d08-5b9e0fb0f0c1'),(358,20,143,35,0,3,'2020-03-21 14:52:28','2020-03-21 14:52:28','95f3d142-1bf1-4d5f-b81b-18850a1a0823'),(359,20,143,36,1,2,'2020-03-21 14:52:28','2020-03-21 14:52:28','b6043f8e-5851-41cd-b6cd-793aa05b7acf'),(360,20,143,40,0,1,'2020-03-21 14:52:28','2020-03-21 14:52:28','32e2fd3f-da89-4968-9b93-7a71e72caf2a'),(361,21,144,41,0,5,'2020-03-21 14:52:28','2020-03-21 14:52:28','f90292d3-f0f6-4a42-a3c9-0d34ccfbfd7d'),(362,21,144,42,0,4,'2020-03-21 14:52:28','2020-03-21 14:52:28','92dab36a-ec75-4d95-80d3-e114ab4824f9'),(363,21,144,43,0,1,'2020-03-21 14:52:28','2020-03-21 14:52:28','332ba6c4-10e8-40e6-9c52-67980b8dc979'),(364,21,144,44,0,3,'2020-03-21 14:52:28','2020-03-21 14:52:28','a6a97611-3b08-4bf3-a90c-d10f3fffa178'),(365,21,144,45,0,2,'2020-03-21 14:52:28','2020-03-21 14:52:28','c53364e2-6a62-4f46-ad44-189c4c516e42'),(366,22,145,51,1,1,'2020-03-21 14:52:28','2020-03-21 14:52:28','c5d863f2-81cb-4091-84de-92713d32d570'),(367,22,145,52,0,2,'2020-03-21 14:52:28','2020-03-21 14:52:28','e5de5f19-7e27-4bf1-87dd-9d3ed60cecf7'),(368,22,145,53,0,5,'2020-03-21 14:52:28','2020-03-21 14:52:28','604b89a8-dcb4-40b8-a108-d5509beac8c4'),(369,22,145,54,0,4,'2020-03-21 14:52:28','2020-03-21 14:52:28','dae0e637-13e4-439a-a29c-6077738cac63'),(370,22,145,55,0,3,'2020-03-21 14:52:28','2020-03-21 14:52:28','0fa7c7bb-62b1-4a46-960b-e55f63e337b4'),(371,23,146,50,1,1,'2020-03-21 14:52:28','2020-03-21 14:52:28','26118837-0830-418c-891a-b87b4413cab9'),(372,23,146,56,0,2,'2020-03-21 14:52:28','2020-03-21 14:52:28','a2e8c1e8-70d1-4a35-8a5d-0e6695d385be'),(373,24,147,57,0,2,'2020-03-21 14:52:28','2020-03-21 14:52:28','e7984f9c-4642-4458-b643-b8bc9e014982'),(374,24,147,58,0,3,'2020-03-21 14:52:28','2020-03-21 14:52:28','a036c9ec-2d55-4e3c-82d1-ca06c31a1694'),(375,24,147,59,0,5,'2020-03-21 14:52:28','2020-03-21 14:52:28','af9321ed-e6c6-4e90-abaf-45dd223739bc'),(376,24,147,60,0,4,'2020-03-21 14:52:28','2020-03-21 14:52:28','a211c418-ad66-436d-94e9-51924836539c'),(377,24,147,61,0,6,'2020-03-21 14:52:28','2020-03-21 14:52:28','289839be-6dae-4448-b3fa-d259bd70c92a'),(378,24,147,62,0,1,'2020-03-21 14:52:28','2020-03-21 14:52:28','a0fa1b49-fbcb-4247-b7db-960ec51a473d'),(379,25,148,63,0,4,'2020-03-21 14:52:28','2020-03-21 14:52:28','717653f2-0ba9-45d2-a62c-30fa82a83b5e'),(380,25,148,64,1,1,'2020-03-21 14:52:28','2020-03-21 14:52:28','80aa3007-a3f3-4fef-8bbf-ae0fc65c9ac6'),(381,25,148,65,0,5,'2020-03-21 14:52:28','2020-03-21 14:52:28','55461160-990c-4746-8288-d5cd5bee1003'),(382,25,148,66,1,2,'2020-03-21 14:52:28','2020-03-21 14:52:28','e9c254d1-87c6-4cfc-ba0b-497caf814c3a'),(383,25,148,67,1,3,'2020-03-21 14:52:28','2020-03-21 14:52:28','812eb629-6171-4978-b50e-33b033568bde'),(384,44,149,84,0,2,'2020-03-21 14:52:29','2020-03-21 14:52:29','e8e74075-6765-49db-9e1f-945e385fae67'),(385,44,149,85,1,1,'2020-03-21 14:52:29','2020-03-21 14:52:29','dd072be3-f4b8-4940-a676-93ef94fcee96'),(386,45,150,7,0,1,'2020-03-27 10:09:42','2020-03-27 10:09:42','bc026995-6a23-47bb-b756-2c0b83fb00e5'),(387,46,151,3,1,1,'2020-03-28 14:12:01','2020-03-28 14:12:01','85d74955-e05e-4d27-8aeb-4dc90c3c963c'),(401,12,154,4,0,4,'2020-03-28 16:06:10','2020-03-28 16:06:10','5fa980d3-031b-4f24-8634-642026249464'),(402,12,154,8,1,2,'2020-03-28 16:06:10','2020-03-28 16:06:10','afc1b81a-52e3-49fe-902d-2ebceb9e618b'),(403,12,154,9,0,5,'2020-03-28 16:06:10','2020-03-28 16:06:10','77c05f87-c7c4-4392-9bb9-cde951eeaccb'),(404,12,154,12,1,1,'2020-03-28 16:06:10','2020-03-28 16:06:10','f63e86ad-2aa3-4ca9-b1d4-63dc49c0cd52'),(405,12,154,13,0,3,'2020-03-28 16:06:10','2020-03-28 16:06:10','65f7db54-012e-4452-85c1-fa1e16bb2aa1'),(406,12,155,87,0,1,'2020-03-28 16:06:10','2020-03-28 16:06:10','af96d526-1636-49d1-ae90-c413d320f919'),(407,12,155,88,0,3,'2020-03-28 16:06:10','2020-03-28 16:06:10','64376f39-4ffe-4b97-b52d-084ea4130416'),(408,12,155,89,0,4,'2020-03-28 16:06:10','2020-03-28 16:06:10','bd3cef87-9a1d-4daf-a0f2-17bad8716584'),(409,12,155,93,0,8,'2020-03-28 16:06:10','2020-03-28 16:06:10','a5814412-528e-4372-8963-65aa3f6baa71'),(410,12,155,90,0,5,'2020-03-28 16:06:10','2020-03-28 16:06:10','386d63fc-03bd-4c7b-a700-797d80340bdf'),(411,12,155,94,0,9,'2020-03-28 16:06:10','2020-03-28 16:06:10','f6f2b02f-c03c-4146-a5b6-7b718c227821'),(412,12,155,92,0,7,'2020-03-28 16:06:10','2020-03-28 16:06:10','7c03881d-3bdc-46c5-8337-67d6345c8449'),(413,12,155,91,0,6,'2020-03-28 16:06:10','2020-03-28 16:06:10','f0ceceba-c0fd-440e-b313-de02ed812870'),(414,12,155,86,0,2,'2020-03-28 16:06:10','2020-03-28 16:06:10','801d2905-5d0f-4f61-b601-a1bbed1f2655'),(415,32,156,95,0,1,'2020-03-29 17:28:42','2020-03-29 17:28:42','eaa4c4f0-9fcb-40a3-bda1-57f8d4dc4020');
/*!40000 ALTER TABLE `fieldlayoutfields` ENABLE KEYS */;
UNLOCK TABLES;
commit;

--
-- Dumping data for table `fieldlayouts`
--

LOCK TABLES `fieldlayouts` WRITE;
/*!40000 ALTER TABLE `fieldlayouts` DISABLE KEYS */;
set autocommit=0;
INSERT INTO `fieldlayouts` VALUES (1,'craft\\elements\\Asset','2020-03-17 13:42:40','2020-03-17 13:42:40',NULL,'acae1f98-968a-47e4-9474-9929da0d5d16'),(2,'craft\\elements\\Entry','2020-03-19 11:32:38','2020-03-19 11:32:38',NULL,'9d512349-69c2-4901-8dd6-2459420aefa2'),(3,'craft\\elements\\Entry','2020-03-19 11:32:38','2020-03-19 11:32:38',NULL,'c926afb9-c34e-4e6b-b32d-70861cde8a20'),(4,'craft\\elements\\Entry','2020-03-19 11:32:39','2020-03-19 11:32:39',NULL,'f7245435-6bdc-47c3-a316-531ba7e32b0d'),(5,'craft\\elements\\Entry','2020-03-19 11:32:39','2020-03-19 11:32:39',NULL,'6a327dfc-42dc-4126-b5ec-12ba877b02fd'),(6,'craft\\elements\\Entry','2020-03-19 11:32:39','2020-03-19 11:32:39',NULL,'58d45f7d-7a11-4134-b995-3928e89369c7'),(7,'craft\\elements\\Entry','2020-03-19 11:32:39','2020-03-19 11:32:39',NULL,'8171cde9-d2c7-4d54-977a-7a9d8f27a7d5'),(8,'craft\\elements\\Entry','2020-03-19 11:32:39','2020-03-19 11:32:39','2020-03-21 13:05:24','eb52858a-5cbf-4207-9da7-a9bcf21ff878'),(9,'craft\\elements\\Entry','2020-03-19 11:32:39','2020-03-19 11:32:39','2020-03-21 13:05:24','68234579-7422-497e-9a15-1a7d013d7ce1'),(10,'craft\\elements\\Entry','2020-03-19 11:32:39','2020-03-19 11:32:39',NULL,'fd59a6c7-4d22-4d28-ac85-65901eeb0eef'),(11,'craft\\elements\\MatrixBlock','2020-03-19 11:32:39','2020-03-19 11:32:39',NULL,'5a6da519-d818-4a31-9d5c-9fecd916d300'),(12,'craft\\elements\\GlobalSet','2020-03-19 11:32:39','2020-03-19 11:32:39',NULL,'ae4dd40b-e640-4115-b9c9-44a3e2ecd79b'),(13,'craft\\elements\\MatrixBlock','2020-03-19 11:32:40','2020-03-19 11:32:40',NULL,'d00d8afc-3e42-41dc-b8ea-91ca30334ba7'),(14,'craft\\elements\\MatrixBlock','2020-03-19 11:32:40','2020-03-19 11:32:40',NULL,'9ee42bdc-62f8-44e9-91e6-e4624a55f525'),(15,'craft\\elements\\MatrixBlock','2020-03-19 11:32:41','2020-03-19 11:32:41',NULL,'4ce6f8b6-8ea1-46c5-92e7-7c9200277743'),(16,'craft\\elements\\MatrixBlock','2020-03-19 11:32:41','2020-03-19 11:32:41','2020-03-21 13:01:10','cad9a219-963b-4f0d-9e3a-11fb41d4722b'),(17,'craft\\elements\\MatrixBlock','2020-03-19 11:37:39','2020-03-19 11:37:39',NULL,'a8782727-ee5c-40f4-bbdf-2d5f8eef01ee'),(18,'craft\\elements\\MatrixBlock','2020-03-19 11:39:16','2020-03-19 11:39:16',NULL,'a16aee75-e3c6-4b89-8ebd-d670b08018ad'),(19,'verbb\\supertable\\elements\\SuperTableBlockElement','2020-03-19 11:42:49','2020-03-19 11:42:49',NULL,'8cf362e1-6695-4a85-af9d-0d9c6285ed85'),(20,'craft\\elements\\MatrixBlock','2020-03-19 11:42:49','2020-03-19 11:42:49',NULL,'afc10c64-cf62-4a91-9346-dfff6c5d78f2'),(21,'craft\\elements\\MatrixBlock','2020-03-19 11:47:31','2020-03-19 11:47:31',NULL,'19515e65-e73c-4825-8de6-5ad9c100ecde'),(22,'verbb\\supertable\\elements\\SuperTableBlockElement','2020-03-21 13:29:22','2020-03-21 13:29:22',NULL,'208e8d8b-1bd8-4c7e-b17b-66df2da0d5f3'),(23,'craft\\elements\\MatrixBlock','2020-03-21 13:29:22','2020-03-21 13:29:22',NULL,'fc27acdc-5f3c-4c89-bf76-02e271a6b01b'),(24,'craft\\elements\\MatrixBlock','2020-03-21 13:29:23','2020-03-21 13:29:23',NULL,'908905a7-ddf3-4cc9-92f9-3968fa704dfc'),(25,'craft\\elements\\MatrixBlock','2020-03-21 13:29:24','2020-03-21 13:29:24',NULL,'09974a5d-18f8-4c88-b30f-5c08dbf90198'),(26,'craft\\elements\\MatrixBlock','2020-03-21 13:57:54','2020-03-21 13:57:54',NULL,'b6b6e33c-e1ed-44c3-92a3-bc040b208d0a'),(27,'craft\\elements\\MatrixBlock','2020-03-21 14:08:49','2020-03-21 14:08:49','2020-03-29 17:25:50','0c0ce00f-f95a-4b06-b8ea-dfb0e2a8ab33'),(28,'craft\\elements\\MatrixBlock','2020-03-21 14:08:49','2020-03-21 14:08:49','2020-03-29 17:25:50','07614de9-e7ce-4854-ba40-835538a5bdb6'),(29,'craft\\elements\\MatrixBlock','2020-03-21 14:08:49','2020-03-21 14:08:49','2020-03-29 17:25:50','09426c9a-6040-4b0a-b659-aa04bb910d36'),(30,'craft\\elements\\MatrixBlock','2020-03-21 14:08:49','2020-03-21 14:08:49','2020-03-29 17:25:50','6301c9b0-83aa-490d-9190-c7c63995306d'),(31,'craft\\elements\\MatrixBlock','2020-03-21 14:08:49','2020-03-21 14:08:49','2020-03-29 17:25:50','6049221c-9f64-42b2-981f-f1f6bbc8494a'),(32,'craft\\elements\\Entry','2020-03-21 14:19:12','2020-03-21 14:19:12',NULL,'8e3524b3-a04b-43d1-918a-a71bb0e04578'),(33,'craft\\elements\\Entry','2020-03-21 14:21:14','2020-03-21 14:21:14',NULL,'26ddf562-bd4c-4e68-b3c7-59428871e0cc'),(34,'craft\\elements\\Entry','2020-03-21 14:22:43','2020-03-21 14:22:43','2020-03-29 17:25:36','528a3910-f278-460e-943c-6e7c426efb36'),(35,'craft\\elements\\Entry','2020-03-21 14:23:04','2020-03-21 14:23:04','2020-03-29 17:25:36','b969fc64-3904-409a-a07f-9dbffd392d82'),(36,'craft\\elements\\Entry','2020-03-21 14:23:27','2020-03-21 14:23:27','2020-03-29 17:25:36','0f5bf5e4-3c7f-44a8-95de-d8c074b621dd'),(37,'craft\\elements\\Entry','2020-03-21 14:24:19','2020-03-21 14:24:19','2020-03-29 17:25:36','68cfd148-7b88-48b2-ab8d-7b3295ba4a33'),(38,'craft\\elements\\Entry','2020-03-21 14:24:52','2020-03-21 14:24:52','2020-03-29 17:25:36','6833db26-5b1b-46e4-83fd-0928316ee9d0'),(39,'craft\\elements\\Entry','2020-03-21 14:25:17','2020-03-21 14:25:17','2020-03-29 17:25:36','b247afd0-cde6-4ed1-a858-21880ca1d094'),(40,'craft\\elements\\Entry','2020-03-21 14:25:46','2020-03-21 14:25:46','2020-03-29 17:25:36','f209c077-247b-4bfd-b2eb-61a9d0d302de'),(41,'craft\\elements\\Entry','2020-03-21 14:26:10','2020-03-21 14:26:10','2020-03-29 17:25:36','d7c5a106-311a-4462-b72f-df5f5cc58ccd'),(42,'craft\\elements\\Entry','2020-03-21 14:26:44','2020-03-21 14:26:44','2020-03-29 17:25:36','1a669413-ca0a-41ea-b1a3-70e43d1a0ce6'),(43,'craft\\elements\\Entry','2020-03-21 14:27:13','2020-03-21 14:27:13','2020-03-29 17:25:36','e9dc8e7a-5f3e-46d3-bc0e-8e0238090501'),(44,'craft\\elements\\MatrixBlock','2020-03-21 14:52:29','2020-03-21 14:52:29',NULL,'da5a158b-2242-46e6-b249-975006211ad4'),(45,'craft\\elements\\GlobalSet','2020-03-27 10:09:42','2020-03-27 10:09:42',NULL,'a621d199-8f4b-4fd4-b954-c816aa1839d2'),(46,'craft\\elements\\Entry','2020-03-28 14:12:01','2020-03-28 14:12:01',NULL,'f40d69a2-6725-4334-9e07-082db17549df');
/*!40000 ALTER TABLE `fieldlayouts` ENABLE KEYS */;
UNLOCK TABLES;
commit;

--
-- Dumping data for table `fieldlayouttabs`
--

LOCK TABLES `fieldlayouttabs` WRITE;
/*!40000 ALTER TABLE `fieldlayouttabs` DISABLE KEYS */;
set autocommit=0;
INSERT INTO `fieldlayouttabs` VALUES (1,1,'Meta Data',1,'2020-03-17 13:42:40','2020-03-17 13:42:40','a57e121c-320c-40b2-8c1d-b4938667eaa4'),(15,6,'Settings',1,'2020-03-19 11:32:40','2020-03-19 11:32:40','49e3ebaa-80f4-4beb-b8d1-efee6bc782a8'),(16,4,'Tab 1',1,'2020-03-19 11:32:40','2020-03-19 11:32:40','aceae97a-f7cb-4619-a491-99060cd6e70c'),(17,10,'Tab 1',1,'2020-03-19 11:32:40','2020-03-19 11:32:40','f77cc347-45b2-4355-bcf9-95c97c8469fc'),(18,8,'Tab 1',1,'2020-03-19 11:32:40','2020-03-19 11:32:40','bc13bd16-3a38-4410-b062-fae1db71c924'),(19,9,'Tab 1',1,'2020-03-19 11:32:40','2020-03-19 11:32:40','4455d4bd-257a-4381-92b7-b398f74f2a51'),(20,3,'Settings',1,'2020-03-19 11:32:40','2020-03-19 11:32:40','cead5f1f-c4b7-457f-91f6-6fb32783fcc4'),(21,2,'Tab 1',1,'2020-03-19 11:32:40','2020-03-19 11:32:40','97389cb1-2309-4dc6-8b00-6e11edfa0706'),(30,16,'Content',1,'2020-03-19 11:32:42','2020-03-19 11:32:42','98b71806-8fa9-4322-a0ca-c3fe49e29e9a'),(82,7,'Content',1,'2020-03-21 13:05:40','2020-03-21 13:05:40','575b37b5-8f44-46a9-bcea-8f8103f8b17a'),(83,7,'Settings',2,'2020-03-21 13:05:40','2020-03-21 13:05:40','047e871d-d0ff-4c43-90c0-426423310385'),(113,27,'Content',1,'2020-03-21 14:08:49','2020-03-21 14:08:49','5460eb4f-c36d-429c-9ec2-c42c52c02a1d'),(114,28,'Content',1,'2020-03-21 14:08:49','2020-03-21 14:08:49','8fa0beee-5f9d-40be-acf3-69ae4d0ed466'),(115,29,'Content',1,'2020-03-21 14:08:49','2020-03-21 14:08:49','94794f99-2791-4895-afae-f9abae50c15f'),(116,31,'Content',1,'2020-03-21 14:08:49','2020-03-21 14:08:49','89ab3861-f8d0-49c2-b335-31f3fd459c9a'),(118,33,'Settings',1,'2020-03-21 14:21:14','2020-03-21 14:21:14','e28337af-707b-4b6d-9b1b-b9406b6892c7'),(119,33,'Form',2,'2020-03-21 14:21:14','2020-03-21 14:21:14','03b55f56-0631-4ae2-9e44-37ce1de001b9'),(123,34,'Tab 1',1,'2020-03-21 14:23:43','2020-03-21 14:23:43','4ad7f3b0-e666-4e7c-b139-618f9d70176b'),(124,35,'Tab 1',1,'2020-03-21 14:23:48','2020-03-21 14:23:48','04f272b4-e028-44cd-8577-a7b32d47b46a'),(125,36,'Tab 1',1,'2020-03-21 14:23:54','2020-03-21 14:23:54','97911c38-ec6a-45bc-98fd-6997655a258f'),(126,37,'Tab 1',1,'2020-03-21 14:24:19','2020-03-21 14:24:19','e7a03fcb-1bb7-42fc-b8e5-bc1cf2543afa'),(127,38,'Tab 1',1,'2020-03-21 14:24:52','2020-03-21 14:24:52','e7c4c734-9a7d-45ee-aa2b-0b0c84335f66'),(128,39,'Tab 1',1,'2020-03-21 14:25:17','2020-03-21 14:25:17','f1955512-3681-4b63-8d5b-d7bd9ffd65d6'),(129,40,'Tab 1',1,'2020-03-21 14:25:46','2020-03-21 14:25:46','1a4ba0f1-91bc-44c3-8428-bd289419dcdd'),(130,41,'Tab 1',1,'2020-03-21 14:26:10','2020-03-21 14:26:10','11d4094d-f1eb-4e67-8f2c-c51d1a80eceb'),(131,42,'Tab 1',1,'2020-03-21 14:26:44','2020-03-21 14:26:44','53751b79-1b56-4d37-891f-7caf0df07b3e'),(132,43,'Tab 1',1,'2020-03-21 14:27:13','2020-03-21 14:27:13','b67677ba-5b3a-4692-a024-88eeaad6ca14'),(133,5,'Details',1,'2020-03-21 14:48:57','2020-03-21 14:48:57','46d3ab79-c27a-40c5-a9e9-705e8115ca43'),(134,5,'Content',2,'2020-03-21 14:48:57','2020-03-21 14:48:57','9f130af3-9e01-43c3-80ab-8e9801c007e1'),(135,5,'Settings',3,'2020-03-21 14:48:57','2020-03-21 14:48:57','342d375e-e4f2-4f51-8734-b8dc951d4bcc'),(136,15,'Content',1,'2020-03-21 14:52:27','2020-03-21 14:52:27','87ef4460-bf76-44e7-acb9-d6c1d11e335a'),(137,13,'Content',1,'2020-03-21 14:52:27','2020-03-21 14:52:27','faab61d8-ab25-436d-98cf-36ebdc5be899'),(138,11,'Content',1,'2020-03-21 14:52:27','2020-03-21 14:52:27','e7e8bdcc-1019-459d-b0ae-d854522763e6'),(139,14,'Content',1,'2020-03-21 14:52:27','2020-03-21 14:52:27','b91ae298-bf39-4dbb-8e9b-a14ecd4181d5'),(140,17,'Content',1,'2020-03-21 14:52:27','2020-03-21 14:52:27','7bdcb282-e09e-4647-8210-af9a2da90911'),(141,18,'Content',1,'2020-03-21 14:52:27','2020-03-21 14:52:27','c30732f3-e2e6-457d-a566-c517a9b9837e'),(142,19,'Content',1,'2020-03-21 14:52:28','2020-03-21 14:52:28','e233ad6d-4059-426f-a12e-327ba8acfd4b'),(143,20,'Content',1,'2020-03-21 14:52:28','2020-03-21 14:52:28','c9f622a3-09b0-4f9c-a6c2-3ed49b3a38fe'),(144,21,'Content',1,'2020-03-21 14:52:28','2020-03-21 14:52:28','a619377f-9e59-4c70-a4ff-e72a11181b59'),(145,22,'Content',1,'2020-03-21 14:52:28','2020-03-21 14:52:28','21476acb-e0e7-48d6-9ec0-30a91fd25ff4'),(146,23,'Content',1,'2020-03-21 14:52:28','2020-03-21 14:52:28','7cdce25d-3656-45bc-94d0-3ae209db1a49'),(147,24,'Content',1,'2020-03-21 14:52:28','2020-03-21 14:52:28','1061ae81-3387-44d6-9020-aec23004c28c'),(148,25,'Content',1,'2020-03-21 14:52:28','2020-03-21 14:52:28','5c98a58f-462c-4df7-affe-0f002943d641'),(149,44,'Content',1,'2020-03-21 14:52:29','2020-03-21 14:52:29','5933ce02-098c-4634-8d83-62b7babc96cc'),(150,45,'Tab 1',1,'2020-03-27 10:09:42','2020-03-27 10:09:42','c4a1cc97-e3de-42c6-932f-e96402df63ac'),(151,46,'Tab 1',1,'2020-03-28 14:12:01','2020-03-28 14:12:01','6d0cefb1-7e1d-4f05-a743-0c2403ce36bb'),(154,12,'Details',1,'2020-03-28 16:06:10','2020-03-28 16:06:10','8d1a2bf1-e384-4f31-ba9c-95a1676ca000'),(155,12,'Social Media',2,'2020-03-28 16:06:10','2020-03-28 16:06:10','96be481a-eb72-4ccf-bbb8-050e023af181'),(156,32,'Tab 1',1,'2020-03-29 17:28:42','2020-03-29 17:28:42','e0bcecd0-4d99-45e2-966f-561d6764e626');
/*!40000 ALTER TABLE `fieldlayouttabs` ENABLE KEYS */;
UNLOCK TABLES;
commit;

--
-- Dumping data for table `fields`
--

LOCK TABLES `fields` WRITE;
/*!40000 ALTER TABLE `fields` DISABLE KEYS */;
set autocommit=0;
INSERT INTO `fields` VALUES (1,3,'SEO','seo','global','',0,'none',NULL,'ether\\seo\\fields\\SeoField','{\"description\":\"\",\"hideSocial\":\"\",\"robots\":[\"\",\"\",\"\",\"\",\"\",\"\"],\"socialImage\":\"\",\"suffixAsPrefix\":null,\"title\":[{\"key\":\"1\",\"locked\":\"0\",\"template\":\"{title}\"},{\"key\":\"2\",\"locked\":\"1\",\"template\":\" - {{ siteName }}\"}],\"titleSuffix\":null}','2020-03-17 13:40:03','2020-03-21 13:30:16','f34e1148-6584-4d08-a0e3-3d253ef838b8'),(2,1,'Alternate Description','alternateDescription','global','Provide a brief description of the image or icon. This description is not visible to users and will be read to users with vision impairments or disabilities if they are utilizing screen reading technology. This field is required in order to be in compliance with the Americans with Disabilities Act.',1,'none',NULL,'craft\\fields\\PlainText','{\"byteLimit\":null,\"charLimit\":null,\"code\":\"\",\"columnType\":null,\"initialRows\":\"4\",\"multiline\":\"\",\"placeholder\":\"\"}','2020-03-17 13:42:14','2020-03-17 13:42:14','e3ddae84-8d6f-4b5c-b636-2eaaddaa0a0f'),(3,1,'Navigation Link','navigationLink','global','',0,'none',NULL,'typedlinkfield\\fields\\LinkField','{\"allowCustomText\":\"\",\"allowTarget\":\"\",\"allowedLinkNames\":{\"3\":\"entry\",\"6\":\"custom\",\"7\":\"email\",\"8\":\"tel\"},\"autoNoReferrer\":\"\",\"defaultLinkName\":\"entry\",\"defaultText\":\"\",\"enableAriaLabel\":\"\",\"enableTitle\":\"\",\"typeSettings\":{\"asset\":{\"sources\":\"*\",\"allowCustomQuery\":\"\"},\"category\":{\"sources\":\"*\",\"allowCustomQuery\":\"\"},\"entry\":{\"sources\":[\"singles\",\"section:2f1f0ea0-4b22-4e9d-bb51-9e1e32a94cba\",\"section:cefc4625-a115-4b71-b22d-5f6784b3aada\"],\"allowCustomQuery\":\"\"},\"site\":{\"sites\":\"*\"},\"user\":{\"sources\":\"*\",\"allowCustomQuery\":\"\"},\"custom\":{\"disableValidation\":\"\",\"allowAliases\":\"\"},\"email\":{\"disableValidation\":\"\",\"allowAliases\":\"\"},\"tel\":{\"disableValidation\":\"\",\"allowAliases\":\"\"},\"url\":{\"disableValidation\":\"\",\"allowAliases\":\"\"}}}','2020-03-19 11:32:37','2020-03-19 11:32:37','27eb5f6d-5e7b-4401-a20a-5259596e045a'),(4,3,'Terms and Conditions Page','termsAndConditionsPage','global','',0,'site',NULL,'craft\\fields\\Entries','{\"limit\":\"1\",\"localizeRelations\":false,\"selectionLabel\":\"Link Terms and Conditions Page\",\"source\":null,\"sources\":[\"section:cefc4625-a115-4b71-b22d-5f6784b3aada\"],\"targetSiteId\":null,\"validateRelatedElements\":\"1\",\"viewMode\":null}','2020-03-19 11:32:37','2020-03-21 13:30:22','076e5aa3-2dc5-45c2-9f27-22086feb220d'),(6,1,'Content Builder','contentBuilder','global','',1,'site',NULL,'craft\\fields\\Matrix','{\"contentTable\":\"{{%matrixcontent_contentbuilder}}\",\"maxBlocks\":\"\",\"minBlocks\":\"1\",\"propagationMethod\":\"all\"}','2020-03-19 11:32:37','2020-03-19 11:32:37','1eb0ac2f-150c-4071-b0a0-cdbc98ace82e'),(7,2,'Text 1','text1','global','',1,'none',NULL,'craft\\fields\\PlainText','{\"byteLimit\":null,\"charLimit\":null,\"code\":\"\",\"columnType\":null,\"initialRows\":\"4\",\"multiline\":\"\",\"placeholder\":\"\"}','2020-03-19 11:32:38','2020-03-19 11:32:38','2e2cf186-585b-46ee-a435-b3a1737847ca'),(8,3,'Organization Name','organizationName','global','',0,'none',NULL,'craft\\fields\\PlainText','{\"byteLimit\":null,\"charLimit\":null,\"code\":\"\",\"columnType\":null,\"initialRows\":\"4\",\"multiline\":\"\",\"placeholder\":\"\"}','2020-03-19 11:32:38','2020-03-21 13:30:40','4e119a0c-5a69-4b77-9f74-ca2f857374ff'),(9,3,'Privacy Policy Page','privacyPolicyPage','global','',0,'site',NULL,'craft\\fields\\Entries','{\"limit\":\"1\",\"localizeRelations\":false,\"selectionLabel\":\"Link Privacy Policy Page\",\"source\":null,\"sources\":[\"section:cefc4625-a115-4b71-b22d-5f6784b3aada\"],\"targetSiteId\":null,\"validateRelatedElements\":\"1\",\"viewMode\":null}','2020-03-19 11:32:38','2020-03-21 13:30:34','9100be82-1bb3-4d25-b46c-9c05b900ad2b'),(10,2,'Link 1','link1','global','',0,'none',NULL,'typedlinkfield\\fields\\LinkField','{\"allowCustomText\":\"1\",\"allowTarget\":\"1\",\"allowedLinkNames\":{\"3\":\"entry\",\"6\":\"custom\",\"7\":\"email\",\"8\":\"tel\"},\"autoNoReferrer\":\"\",\"defaultLinkName\":\"entry\",\"defaultText\":\"\",\"enableAriaLabel\":\"\",\"enableTitle\":\"\",\"typeSettings\":{\"asset\":{\"sources\":\"*\",\"allowCustomQuery\":\"\"},\"category\":{\"sources\":\"*\",\"allowCustomQuery\":\"\"},\"entry\":{\"sources\":[\"singles\",\"section:2f1f0ea0-4b22-4e9d-bb51-9e1e32a94cba\",\"section:cefc4625-a115-4b71-b22d-5f6784b3aada\"],\"allowCustomQuery\":\"\"},\"site\":{\"sites\":\"*\"},\"user\":{\"sources\":\"*\",\"allowCustomQuery\":\"\"},\"custom\":{\"disableValidation\":\"\",\"allowAliases\":\"\"},\"email\":{\"disableValidation\":\"\",\"allowAliases\":\"\"},\"tel\":{\"disableValidation\":\"\",\"allowAliases\":\"\"},\"url\":{\"disableValidation\":\"\",\"allowAliases\":\"\"}}}','2020-03-19 11:32:38','2020-03-19 11:32:38','94809dad-5de7-4ca4-a0eb-094efac3cb99'),(11,2,'Text 2','text2','global','',1,'none',NULL,'craft\\fields\\PlainText','{\"byteLimit\":null,\"charLimit\":null,\"code\":\"\",\"columnType\":null,\"initialRows\":\"4\",\"multiline\":\"\",\"placeholder\":\"\"}','2020-03-19 11:32:38','2020-03-19 11:32:38','ae9afa56-8cc0-4317-8b83-794e77f73e68'),(12,3,'Logo','logo','global','',0,'site',NULL,'craft\\fields\\Assets','{\"allowedKinds\":[\"image\"],\"defaultUploadLocationSource\":\"volume:8b0fd7f7-2623-4a21-a578-698d8c0aef75\",\"defaultUploadLocationSubpath\":\"\",\"limit\":\"1\",\"localizeRelations\":false,\"restrictFiles\":\"1\",\"selectionLabel\":\"Add Logo\",\"showUnpermittedFiles\":false,\"showUnpermittedVolumes\":false,\"singleUploadLocationSource\":\"volume:8b0fd7f7-2623-4a21-a578-698d8c0aef75\",\"singleUploadLocationSubpath\":\"\",\"source\":null,\"sources\":\"*\",\"targetSiteId\":null,\"useSingleFolder\":true,\"validateRelatedElements\":\"1\",\"viewMode\":\"large\"}','2020-03-19 11:32:38','2020-03-21 13:31:05','e35ca729-8355-4faf-ae53-07d599ba0a3a'),(13,2,'Simple Copy 1','simpleCopy1','global','',1,'none',NULL,'craft\\redactor\\Field','{\"availableTransforms\":\"*\",\"availableVolumes\":\"\",\"cleanupHtml\":true,\"columnType\":\"text\",\"purifierConfig\":\"\",\"purifyHtml\":\"1\",\"redactorConfig\":\"Simple.json\",\"removeEmptyTags\":\"1\",\"removeInlineStyles\":\"1\",\"removeNbsp\":\"1\",\"showUnpermittedFiles\":false,\"showUnpermittedVolumes\":false}','2020-03-19 11:32:38','2020-03-19 11:32:38','f697001b-d1ba-48d7-92ee-0eb172e00ac1'),(14,2,'Single Image 1','singleImage1','global','',0,'site',NULL,'craft\\fields\\Assets','{\"allowedKinds\":null,\"defaultUploadLocationSource\":\"volume:8b0fd7f7-2623-4a21-a578-698d8c0aef75\",\"defaultUploadLocationSubpath\":\"\",\"limit\":\"1\",\"localizeRelations\":false,\"restrictFiles\":\"\",\"selectionLabel\":\"Add an Image\",\"showUnpermittedFiles\":false,\"showUnpermittedVolumes\":false,\"singleUploadLocationSource\":\"volume:8b0fd7f7-2623-4a21-a578-698d8c0aef75\",\"singleUploadLocationSubpath\":\"\",\"source\":null,\"sources\":\"*\",\"targetSiteId\":null,\"useSingleFolder\":true,\"validateRelatedElements\":\"1\",\"viewMode\":\"large\"}','2020-03-19 11:32:38','2020-03-19 11:32:38','f945ce9d-f3ac-4903-94eb-4c89c31411bf'),(15,NULL,'Source','source','matrixBlockType:f4a82115-b93b-4608-89a3-428bff6eed53','',0,'none',NULL,'craft\\fields\\Dropdown','{\"optgroups\":true,\"options\":[{\"label\":\"YouTube\",\"value\":\"youtube\",\"default\":\"1\"},{\"label\":\"Vimeo\",\"value\":\"vimeo\",\"default\":\"\"}]}','2020-03-19 11:32:39','2020-03-19 11:32:39','35958387-7672-4675-8c27-88be958785df'),(16,NULL,'Video ID','videoId','matrixBlockType:f4a82115-b93b-4608-89a3-428bff6eed53','',0,'none',NULL,'craft\\fields\\PlainText','{\"byteLimit\":null,\"charLimit\":null,\"code\":\"1\",\"columnType\":null,\"initialRows\":\"4\",\"multiline\":\"\",\"placeholder\":\"\"}','2020-03-19 11:32:39','2020-03-19 11:32:39','7d04901c-8ecd-4062-970e-ee5fee357416'),(17,NULL,'Brief Copy','briefCopy','matrixBlockType:81e7e279-b0c6-4b60-b709-d323e7a4b6a8','This text will be placed below the image. Typically used to cite the image or add supplementary text.',1,'none',NULL,'craft\\fields\\PlainText','{\"byteLimit\":null,\"charLimit\":null,\"code\":\"\",\"columnType\":null,\"initialRows\":\"4\",\"multiline\":\"\",\"placeholder\":\"\"}','2020-03-19 11:32:40','2020-03-19 11:32:40','d08b6d22-f84b-486c-9a56-33d72aa11ecc'),(18,NULL,'Image','image','matrixBlockType:81e7e279-b0c6-4b60-b709-d323e7a4b6a8','',1,'site',NULL,'craft\\fields\\Assets','{\"allowedKinds\":null,\"defaultUploadLocationSource\":\"volume:8b0fd7f7-2623-4a21-a578-698d8c0aef75\",\"defaultUploadLocationSubpath\":\"\",\"limit\":\"1\",\"localizeRelations\":false,\"restrictFiles\":\"\",\"selectionLabel\":\"Add an Image\",\"showUnpermittedFiles\":false,\"showUnpermittedVolumes\":false,\"singleUploadLocationSource\":\"volume:8b0fd7f7-2623-4a21-a578-698d8c0aef75\",\"singleUploadLocationSubpath\":\"\",\"source\":null,\"sources\":\"*\",\"targetSiteId\":null,\"useSingleFolder\":true,\"validateRelatedElements\":\"1\",\"viewMode\":\"large\"}','2020-03-19 11:32:40','2020-03-19 11:32:40','e5a6e8ac-dc76-4be8-91f7-4b0f2ebd6aae'),(19,NULL,'Call to Action Button','callToActionButton','matrixBlockType:f0b6c21d-e8b8-4e9d-ab61-576d34438c8d','',0,'none',NULL,'typedlinkfield\\fields\\LinkField','{\"allowCustomText\":\"1\",\"allowTarget\":\"1\",\"allowedLinkNames\":{\"3\":\"entry\",\"6\":\"custom\",\"7\":\"email\",\"8\":\"tel\"},\"autoNoReferrer\":\"\",\"defaultLinkName\":\"entry\",\"defaultText\":\"\",\"enableAriaLabel\":\"\",\"enableTitle\":\"\",\"typeSettings\":{\"asset\":{\"sources\":\"*\",\"allowCustomQuery\":\"\"},\"category\":{\"sources\":\"*\",\"allowCustomQuery\":\"\"},\"entry\":{\"sources\":[\"singles\",\"section:2f1f0ea0-4b22-4e9d-bb51-9e1e32a94cba\",\"section:cefc4625-a115-4b71-b22d-5f6784b3aada\"],\"allowCustomQuery\":\"\"},\"site\":{\"sites\":\"*\"},\"user\":{\"sources\":\"*\",\"allowCustomQuery\":\"\"},\"custom\":{\"disableValidation\":\"\",\"allowAliases\":\"\"},\"email\":{\"disableValidation\":\"\",\"allowAliases\":\"\"},\"tel\":{\"disableValidation\":\"\",\"allowAliases\":\"\"},\"url\":{\"disableValidation\":\"\",\"allowAliases\":\"\"}}}','2020-03-19 11:32:40','2020-03-19 11:32:40','6d1ccaa5-5f84-4a09-8f06-707a41d34f06'),(20,NULL,'Heading','heading','matrixBlockType:f0b6c21d-e8b8-4e9d-ab61-576d34438c8d','',1,'none',NULL,'craft\\fields\\PlainText','{\"byteLimit\":null,\"charLimit\":null,\"code\":\"\",\"columnType\":null,\"initialRows\":\"4\",\"multiline\":\"\",\"placeholder\":\"\"}','2020-03-19 11:32:40','2020-03-19 11:32:40','6fb5d678-58a6-480b-b57c-10829b8019ae'),(21,NULL,'Copy','copy','matrixBlockType:f0b6c21d-e8b8-4e9d-ab61-576d34438c8d','',1,'none',NULL,'craft\\redactor\\Field','{\"availableTransforms\":\"*\",\"availableVolumes\":\"\",\"cleanupHtml\":true,\"columnType\":\"text\",\"purifierConfig\":\"\",\"purifyHtml\":\"1\",\"redactorConfig\":\"Standard.json\",\"removeEmptyTags\":\"1\",\"removeInlineStyles\":\"1\",\"removeNbsp\":\"1\",\"showUnpermittedFiles\":false,\"showUnpermittedVolumes\":false}','2020-03-19 11:32:40','2020-03-19 11:32:40','b4c68c10-3cb4-442b-895f-49616e457330'),(22,NULL,'Image','image','matrixBlockType:f0b6c21d-e8b8-4e9d-ab61-576d34438c8d','',0,'site',NULL,'craft\\fields\\Assets','{\"allowedKinds\":null,\"defaultUploadLocationSource\":\"volume:8b0fd7f7-2623-4a21-a578-698d8c0aef75\",\"defaultUploadLocationSubpath\":\"\",\"limit\":\"1\",\"localizeRelations\":false,\"restrictFiles\":\"\",\"selectionLabel\":\"Add an Image\",\"showUnpermittedFiles\":false,\"showUnpermittedVolumes\":false,\"singleUploadLocationSource\":\"volume:8b0fd7f7-2623-4a21-a578-698d8c0aef75\",\"singleUploadLocationSubpath\":\"\",\"source\":null,\"sources\":\"*\",\"targetSiteId\":null,\"useSingleFolder\":true,\"validateRelatedElements\":\"1\",\"viewMode\":\"large\"}','2020-03-19 11:32:40','2020-03-19 11:32:40','d9ea6ae0-be14-4df0-a59f-b9dd21844f74'),(23,NULL,'Heading','heading','matrixBlockType:9dea63d6-c8c3-4116-93db-1eb9e2790058','',1,'none',NULL,'craft\\fields\\PlainText','{\"byteLimit\":null,\"charLimit\":null,\"code\":\"\",\"columnType\":null,\"initialRows\":\"4\",\"multiline\":\"\",\"placeholder\":\"\"}','2020-03-19 11:32:41','2020-03-19 11:32:41','1aa2697a-4a32-496d-a3f5-f9a1e120a864'),(24,NULL,'Call to Action Button','callToActionButton','matrixBlockType:9dea63d6-c8c3-4116-93db-1eb9e2790058','',0,'none',NULL,'typedlinkfield\\fields\\LinkField','{\"allowCustomText\":\"1\",\"allowTarget\":\"1\",\"allowedLinkNames\":{\"3\":\"entry\",\"6\":\"custom\",\"7\":\"email\",\"8\":\"tel\"},\"autoNoReferrer\":\"\",\"defaultLinkName\":\"entry\",\"defaultText\":\"\",\"enableAriaLabel\":\"\",\"enableTitle\":\"\",\"typeSettings\":{\"asset\":{\"sources\":\"*\",\"allowCustomQuery\":\"\"},\"category\":{\"sources\":\"*\",\"allowCustomQuery\":\"\"},\"entry\":{\"sources\":[\"singles\",\"section:2f1f0ea0-4b22-4e9d-bb51-9e1e32a94cba\",\"section:cefc4625-a115-4b71-b22d-5f6784b3aada\"],\"allowCustomQuery\":\"\"},\"site\":{\"sites\":\"*\"},\"user\":{\"sources\":\"*\",\"allowCustomQuery\":\"\"},\"custom\":{\"disableValidation\":\"\",\"allowAliases\":\"\"},\"email\":{\"disableValidation\":\"\",\"allowAliases\":\"\"},\"tel\":{\"disableValidation\":\"\",\"allowAliases\":\"\"},\"url\":{\"disableValidation\":\"\",\"allowAliases\":\"\"}}}','2020-03-19 11:32:41','2020-03-19 11:32:41','2dd47779-aae2-4d6d-b2b7-b1cf6fd6807c'),(25,NULL,'Copy','copy','matrixBlockType:9dea63d6-c8c3-4116-93db-1eb9e2790058','',1,'none',NULL,'craft\\redactor\\Field','{\"availableTransforms\":\"*\",\"availableVolumes\":\"\",\"cleanupHtml\":true,\"columnType\":\"text\",\"purifierConfig\":\"\",\"purifyHtml\":\"1\",\"redactorConfig\":\"Standard.json\",\"removeEmptyTags\":\"1\",\"removeInlineStyles\":\"1\",\"removeNbsp\":\"1\",\"showUnpermittedFiles\":false,\"showUnpermittedVolumes\":false}','2020-03-19 11:32:41','2020-03-19 11:32:41','cc09c5f8-123f-4ecd-ac51-acc522445123'),(30,NULL,'Testimonials','testimonials','matrixBlockType:4ae8cf38-ab28-47c7-ad0b-b4dacfdab48f','',0,'site',NULL,'craft\\fields\\Entries','{\"limit\":\"\",\"localizeRelations\":false,\"selectionLabel\":\"Add Testimonials\",\"source\":null,\"sources\":[\"section:3ac720f7-dbfb-440a-ba4d-ab09c7aa583c\"],\"targetSiteId\":null,\"validateRelatedElements\":\"1\",\"viewMode\":null}','2020-03-19 11:37:39','2020-03-19 11:37:39','2329cff0-226e-4404-94bc-1eafd6fef322'),(31,NULL,'Articles','articles','matrixBlockType:bb8b1ade-0718-4cba-9ae2-6e749531171d','',0,'site',NULL,'craft\\fields\\Entries','{\"limit\":\"3\",\"localizeRelations\":false,\"selectionLabel\":\"Link an Article\",\"source\":null,\"sources\":[\"section:2f1f0ea0-4b22-4e9d-bb51-9e1e32a94cba\"],\"targetSiteId\":null,\"validateRelatedElements\":\"1\",\"viewMode\":null}','2020-03-19 11:39:16','2020-03-19 11:39:16','3b64d0d5-85c3-4d4c-ae24-37fc64796b59'),(32,NULL,'Call to Action Button','callToActionButton','matrixBlockType:bb8b1ade-0718-4cba-9ae2-6e749531171d','',0,'none',NULL,'typedlinkfield\\fields\\LinkField','{\"allowCustomText\":\"1\",\"allowTarget\":\"1\",\"allowedLinkNames\":{\"3\":\"entry\",\"6\":\"custom\",\"7\":\"email\",\"8\":\"tel\"},\"autoNoReferrer\":\"\",\"defaultLinkName\":\"entry\",\"defaultText\":\"\",\"enableAriaLabel\":\"\",\"enableTitle\":\"\",\"typeSettings\":{\"asset\":{\"sources\":\"*\",\"allowCustomQuery\":\"\"},\"category\":{\"sources\":\"*\",\"allowCustomQuery\":\"\"},\"entry\":{\"sources\":[\"singles\",\"section:2f1f0ea0-4b22-4e9d-bb51-9e1e32a94cba\",\"section:cefc4625-a115-4b71-b22d-5f6784b3aada\"],\"allowCustomQuery\":\"\"},\"site\":{\"sites\":\"*\"},\"user\":{\"sources\":\"*\",\"allowCustomQuery\":\"\"},\"custom\":{\"disableValidation\":\"\",\"allowAliases\":\"\"},\"email\":{\"disableValidation\":\"\",\"allowAliases\":\"\"},\"tel\":{\"disableValidation\":\"\",\"allowAliases\":\"\"},\"url\":{\"disableValidation\":\"\",\"allowAliases\":\"\"}}}','2020-03-19 11:39:16','2020-03-19 11:39:16','903af3a1-d0bf-48a2-ad64-b5afa826e268'),(33,NULL,'Heading','heading','matrixBlockType:bb8b1ade-0718-4cba-9ae2-6e749531171d','',1,'none',NULL,'craft\\fields\\PlainText','{\"byteLimit\":null,\"charLimit\":null,\"code\":\"\",\"columnType\":null,\"initialRows\":\"4\",\"multiline\":\"\",\"placeholder\":\"\"}','2020-03-19 11:39:16','2020-03-19 11:39:16','d2ed2223-7bc8-4e0b-a214-aac9858b9f7d'),(34,NULL,'Copy','copy','matrixBlockType:bb8b1ade-0718-4cba-9ae2-6e749531171d','',1,'none',NULL,'craft\\redactor\\Field','{\"availableTransforms\":\"*\",\"availableVolumes\":\"\",\"cleanupHtml\":true,\"columnType\":\"text\",\"purifierConfig\":\"\",\"purifyHtml\":\"1\",\"redactorConfig\":\"Simple.json\",\"removeEmptyTags\":\"1\",\"removeInlineStyles\":\"1\",\"removeNbsp\":\"1\",\"showUnpermittedFiles\":false,\"showUnpermittedVolumes\":false}','2020-03-19 11:39:16','2020-03-19 11:39:16','dee15867-e67b-485e-9bb4-462d27a45db3'),(35,NULL,'Call to Action Button','callToActionButton','matrixBlockType:e2c917c0-a0ed-42fa-8e2a-d6cd9df1e434','',0,'none',NULL,'typedlinkfield\\fields\\LinkField','{\"allowCustomText\":\"1\",\"allowTarget\":\"1\",\"allowedLinkNames\":{\"3\":\"entry\",\"6\":\"custom\",\"7\":\"email\",\"8\":\"tel\"},\"autoNoReferrer\":\"\",\"defaultLinkName\":\"entry\",\"defaultText\":\"\",\"enableAriaLabel\":\"\",\"enableTitle\":\"\",\"typeSettings\":{\"asset\":{\"sources\":\"*\",\"allowCustomQuery\":\"\"},\"category\":{\"sources\":\"*\",\"allowCustomQuery\":\"\"},\"entry\":{\"sources\":[\"singles\",\"section:2f1f0ea0-4b22-4e9d-bb51-9e1e32a94cba\",\"section:cefc4625-a115-4b71-b22d-5f6784b3aada\"],\"allowCustomQuery\":\"\"},\"site\":{\"sites\":\"*\"},\"user\":{\"sources\":\"*\",\"allowCustomQuery\":\"\"},\"custom\":{\"disableValidation\":\"\",\"allowAliases\":\"\"},\"email\":{\"disableValidation\":\"\",\"allowAliases\":\"\"},\"tel\":{\"disableValidation\":\"\",\"allowAliases\":\"\"},\"url\":{\"disableValidation\":\"\",\"allowAliases\":\"\"}}}','2020-03-19 11:42:49','2020-03-19 11:42:49','71299b67-37c8-4c3e-b1b9-c54f1ad88595'),(36,NULL,'Cards','cards','matrixBlockType:e2c917c0-a0ed-42fa-8e2a-d6cd9df1e434','',1,'site',NULL,'verbb\\supertable\\fields\\SuperTableField','{\"columns\":{\"a538518b-d594-484e-a083-9f5df7dea3d9\":{\"width\":\"\"},\"630bcfcd-7f1c-4395-9be5-63844c0edce9\":{\"width\":\"\"},\"ddf74a4a-c638-4ea0-8a09-f090b9f43287\":{\"width\":\"\"}},\"contentTable\":\"{{%stc_8_cards}}\",\"fieldLayout\":\"table\",\"maxRows\":\"3\",\"minRows\":\"1\",\"propagationMethod\":\"all\",\"selectionLabel\":\"Add a Card\",\"staticField\":\"\"}','2020-03-19 11:42:49','2020-03-19 11:47:30','b7e77750-23a3-4d65-9793-70e7782204b4'),(37,NULL,'Heading','heading','superTableBlockType:0308cdba-d447-453f-8f88-fb4230ab9f27','',1,'none',NULL,'craft\\fields\\PlainText','{\"byteLimit\":null,\"charLimit\":null,\"code\":\"\",\"columnType\":null,\"initialRows\":\"4\",\"multiline\":\"\",\"placeholder\":\"\"}','2020-03-19 11:42:49','2020-03-19 11:42:49','630bcfcd-7f1c-4395-9be5-63844c0edce9'),(38,NULL,'Icon','icon','superTableBlockType:0308cdba-d447-453f-8f88-fb4230ab9f27','Download icons from https://fontawesome.com/',1,'site',NULL,'craft\\fields\\Assets','{\"allowedKinds\":[\"image\"],\"defaultUploadLocationSource\":\"volume:8b0fd7f7-2623-4a21-a578-698d8c0aef75\",\"defaultUploadLocationSubpath\":\"\",\"limit\":\"1\",\"localizeRelations\":false,\"restrictFiles\":\"1\",\"selectionLabel\":\"Add an Icon\",\"showUnpermittedFiles\":false,\"showUnpermittedVolumes\":false,\"singleUploadLocationSource\":\"volume:8b0fd7f7-2623-4a21-a578-698d8c0aef75\",\"singleUploadLocationSubpath\":\"\",\"source\":null,\"sources\":\"*\",\"targetSiteId\":null,\"useSingleFolder\":true,\"validateRelatedElements\":\"1\",\"viewMode\":\"large\"}','2020-03-19 11:42:49','2020-03-19 11:42:49','a538518b-d594-484e-a083-9f5df7dea3d9'),(39,NULL,'Brief Copy','briefCopy','superTableBlockType:0308cdba-d447-453f-8f88-fb4230ab9f27','',1,'none',NULL,'craft\\fields\\PlainText','{\"byteLimit\":null,\"charLimit\":null,\"code\":\"\",\"columnType\":null,\"initialRows\":\"2\",\"multiline\":\"1\",\"placeholder\":\"\"}','2020-03-19 11:42:49','2020-03-19 11:42:49','ddf74a4a-c638-4ea0-8a09-f090b9f43287'),(40,NULL,'Heading','heading','matrixBlockType:e2c917c0-a0ed-42fa-8e2a-d6cd9df1e434','',1,'none',NULL,'craft\\fields\\PlainText','{\"byteLimit\":null,\"charLimit\":null,\"code\":\"\",\"columnType\":null,\"initialRows\":\"4\",\"multiline\":\"\",\"placeholder\":\"\"}','2020-03-19 11:42:49','2020-03-19 11:42:49','ce11e6d6-11cf-44cd-94da-6c0a2f79b19b'),(41,NULL,'Background Image','backgroundImage','matrixBlockType:03663379-40c4-4699-994b-9893b5a7d3a6','If a background image is provided the background color will not be used.',1,'site',NULL,'craft\\fields\\Assets','{\"allowedKinds\":[\"image\"],\"defaultUploadLocationSource\":\"volume:8b0fd7f7-2623-4a21-a578-698d8c0aef75\",\"defaultUploadLocationSubpath\":\"\",\"limit\":\"1\",\"localizeRelations\":false,\"restrictFiles\":\"1\",\"selectionLabel\":\"Set a Background Image\",\"showUnpermittedFiles\":false,\"showUnpermittedVolumes\":false,\"singleUploadLocationSource\":\"volume:8b0fd7f7-2623-4a21-a578-698d8c0aef75\",\"singleUploadLocationSubpath\":\"\",\"source\":null,\"sources\":\"*\",\"targetSiteId\":null,\"useSingleFolder\":true,\"validateRelatedElements\":\"1\",\"viewMode\":\"large\"}','2020-03-19 11:47:31','2020-03-19 11:47:31','13076857-9d13-487b-99e9-284c9b084157'),(42,NULL,'Background Color','backgroundColor','matrixBlockType:03663379-40c4-4699-994b-9893b5a7d3a6','',1,'none',NULL,'craft\\fields\\Dropdown','{\"optgroups\":true,\"options\":[{\"label\":\"Color\",\"value\":\"color\",\"default\":\"1\"},{\"label\":\"Light\",\"value\":\"light\",\"default\":\"\"},{\"label\":\"Dark\",\"value\":\"dark\",\"default\":\"\"}]}','2020-03-19 11:47:31','2020-03-19 11:47:31','329db0af-cfda-438a-a8a0-aed3ff3313a8'),(43,NULL,'Heading','heading','matrixBlockType:03663379-40c4-4699-994b-9893b5a7d3a6','',1,'none',NULL,'craft\\fields\\PlainText','{\"byteLimit\":null,\"charLimit\":null,\"code\":\"\",\"columnType\":null,\"initialRows\":\"4\",\"multiline\":\"\",\"placeholder\":\"\"}','2020-03-19 11:47:31','2020-03-19 11:47:31','69261eb7-e62a-420c-92a7-4761b132995d'),(44,NULL,'Call to Action Button','callToActionButton','matrixBlockType:03663379-40c4-4699-994b-9893b5a7d3a6','',0,'none',NULL,'typedlinkfield\\fields\\LinkField','{\"allowCustomText\":\"1\",\"allowTarget\":\"1\",\"allowedLinkNames\":{\"3\":\"entry\",\"6\":\"custom\",\"7\":\"email\",\"8\":\"tel\"},\"autoNoReferrer\":\"\",\"defaultLinkName\":\"entry\",\"defaultText\":\"\",\"enableAriaLabel\":\"\",\"enableTitle\":\"\",\"typeSettings\":{\"asset\":{\"sources\":\"*\",\"allowCustomQuery\":\"\"},\"category\":{\"sources\":\"*\",\"allowCustomQuery\":\"\"},\"entry\":{\"sources\":[\"singles\",\"section:2f1f0ea0-4b22-4e9d-bb51-9e1e32a94cba\",\"section:cefc4625-a115-4b71-b22d-5f6784b3aada\"],\"allowCustomQuery\":\"\"},\"site\":{\"sites\":\"*\"},\"user\":{\"sources\":\"*\",\"allowCustomQuery\":\"\"},\"custom\":{\"disableValidation\":\"\",\"allowAliases\":\"\"},\"email\":{\"disableValidation\":\"\",\"allowAliases\":\"\"},\"tel\":{\"disableValidation\":\"\",\"allowAliases\":\"\"},\"url\":{\"disableValidation\":\"\",\"allowAliases\":\"\"}}}','2020-03-19 11:47:31','2020-03-19 11:47:31','bf1fc6ec-b372-4a28-be13-72424071f4d8'),(45,NULL,'Copy','copy','matrixBlockType:03663379-40c4-4699-994b-9893b5a7d3a6','',1,'none',NULL,'craft\\redactor\\Field','{\"availableTransforms\":\"*\",\"availableVolumes\":\"\",\"cleanupHtml\":true,\"columnType\":\"text\",\"purifierConfig\":\"\",\"purifyHtml\":\"1\",\"redactorConfig\":\"Standard.json\",\"removeEmptyTags\":\"1\",\"removeInlineStyles\":\"1\",\"removeNbsp\":\"1\",\"showUnpermittedFiles\":false,\"showUnpermittedVolumes\":false}','2020-03-19 11:47:31','2020-03-19 11:47:31','d4e23e98-4af3-44d4-b91c-748d6eaf4272'),(46,NULL,'Image Position','imagePosition','matrixBlockType:f0b6c21d-e8b8-4e9d-ab61-576d34438c8d','',1,'none',NULL,'craft\\fields\\Dropdown','{\"optgroups\":true,\"options\":[{\"label\":\"Right\",\"value\":\"right\",\"default\":\"1\"},{\"label\":\"Left\",\"value\":\"left\",\"default\":\"\"}]}','2020-03-19 11:51:08','2020-03-19 11:51:08','7a91d99a-0526-440a-af03-851dfe8870a0'),(48,1,'Require Login','requireLogin','global','When enabled the user will need to be logged in to see this page or any of the child pages.',0,'none',NULL,'craft\\fields\\Lightswitch','{\"default\":\"\"}','2020-03-21 13:04:16','2020-03-21 13:04:16','6d0a70db-0951-40b4-9be4-1fa67bc2d9a4'),(49,1,'Categories','categories','global','',1,'site',NULL,'craft\\fields\\Categories','{\"allowLimit\":false,\"allowMultipleSources\":false,\"branchLimit\":\"\",\"limit\":null,\"localizeRelations\":false,\"selectionLabel\":\"Add a Category\",\"source\":\"group:b95bb343-4e19-404d-bcec-952a2d7ab08e\",\"sources\":\"*\",\"targetSiteId\":null,\"validateRelatedElements\":\"1\",\"viewMode\":null}','2020-03-21 13:08:06','2020-03-21 13:08:06','e43c44da-7b7a-4acb-a650-a9759477d295'),(50,NULL,'Slides','slides','matrixBlockType:eaa344ea-c740-432d-9e93-62fc11a6f99c','',0,'site',NULL,'verbb\\supertable\\fields\\SuperTableField','{\"columns\":{\"76f37263-7616-44be-9203-c9a00193f2f9\":{\"width\":\"\"},\"8049eec0-b05c-482b-820a-83a95460a262\":{\"width\":\"\"},\"e659771a-929a-41d2-bab4-9f6dd3ee21aa\":{\"width\":\"\"},\"9f0fd987-261e-4cf3-b47b-ff56a9175a77\":{\"width\":\"\"},\"84f66ba0-cac2-484e-b97c-e3a5081a4e65\":{\"width\":\"\"}},\"contentTable\":\"{{%stc_10_slides}}\",\"fieldLayout\":\"row\",\"maxRows\":\"3\",\"minRows\":\"1\",\"propagationMethod\":\"all\",\"selectionLabel\":\"Add a Slide\",\"staticField\":\"\"}','2020-03-21 13:29:21','2020-03-21 13:57:53','82806a86-3ff5-404a-bc1b-9819ca09c888'),(51,NULL,'Background Image','backgroundImage','superTableBlockType:b8f80084-8d6e-4c07-9ccf-933bd3b3f83d','',0,'site',NULL,'craft\\fields\\Assets','{\"allowedKinds\":[\"image\"],\"defaultUploadLocationSource\":\"volume:8b0fd7f7-2623-4a21-a578-698d8c0aef75\",\"defaultUploadLocationSubpath\":\"\",\"limit\":\"1\",\"localizeRelations\":false,\"restrictFiles\":\"1\",\"selectionLabel\":\"Add a Background Image\",\"showUnpermittedFiles\":false,\"showUnpermittedVolumes\":false,\"singleUploadLocationSource\":\"volume:8b0fd7f7-2623-4a21-a578-698d8c0aef75\",\"singleUploadLocationSubpath\":\"\",\"source\":null,\"sources\":\"*\",\"targetSiteId\":null,\"useSingleFolder\":true,\"validateRelatedElements\":\"1\",\"viewMode\":\"large\"}','2020-03-21 13:29:22','2020-03-21 13:29:22','76f37263-7616-44be-9203-c9a00193f2f9'),(52,NULL,'Heading','heading','superTableBlockType:b8f80084-8d6e-4c07-9ccf-933bd3b3f83d','',1,'none',NULL,'craft\\fields\\PlainText','{\"byteLimit\":null,\"charLimit\":null,\"code\":\"\",\"columnType\":null,\"initialRows\":\"4\",\"multiline\":\"\",\"placeholder\":\"\"}','2020-03-21 13:29:22','2020-03-21 13:29:22','8049eec0-b05c-482b-820a-83a95460a262'),(53,NULL,'Secondary Action','secondaryAction','superTableBlockType:b8f80084-8d6e-4c07-9ccf-933bd3b3f83d','',0,'none',NULL,'typedlinkfield\\fields\\LinkField','{\"allowCustomText\":\"1\",\"allowTarget\":\"\",\"allowedLinkNames\":{\"3\":\"entry\",\"6\":\"custom\",\"7\":\"email\",\"8\":\"tel\"},\"autoNoReferrer\":\"\",\"defaultLinkName\":\"entry\",\"defaultText\":\"\",\"enableAriaLabel\":\"\",\"enableTitle\":\"\",\"typeSettings\":{\"asset\":{\"sources\":\"*\",\"allowCustomQuery\":\"\"},\"category\":{\"sources\":\"*\",\"allowCustomQuery\":\"\"},\"entry\":{\"sources\":[\"singles\",\"section:2f1f0ea0-4b22-4e9d-bb51-9e1e32a94cba\",\"section:cefc4625-a115-4b71-b22d-5f6784b3aada\"],\"allowCustomQuery\":\"\"},\"site\":{\"sites\":\"*\"},\"user\":{\"sources\":\"*\",\"allowCustomQuery\":\"\"},\"custom\":{\"disableValidation\":\"\",\"allowAliases\":\"\"},\"email\":{\"disableValidation\":\"\",\"allowAliases\":\"\"},\"tel\":{\"disableValidation\":\"\",\"allowAliases\":\"\"},\"url\":{\"disableValidation\":\"\",\"allowAliases\":\"\"}}}','2020-03-21 13:29:22','2020-03-21 13:29:22','84f66ba0-cac2-484e-b97c-e3a5081a4e65'),(54,NULL,'Call to Action','callToAction','superTableBlockType:b8f80084-8d6e-4c07-9ccf-933bd3b3f83d','',0,'none',NULL,'typedlinkfield\\fields\\LinkField','{\"allowCustomText\":\"1\",\"allowTarget\":\"\",\"allowedLinkNames\":{\"3\":\"entry\",\"6\":\"custom\",\"7\":\"email\",\"8\":\"tel\"},\"autoNoReferrer\":\"\",\"defaultLinkName\":\"entry\",\"defaultText\":\"\",\"enableAriaLabel\":\"\",\"enableTitle\":\"\",\"typeSettings\":{\"asset\":{\"sources\":\"*\",\"allowCustomQuery\":\"\"},\"category\":{\"sources\":\"*\",\"allowCustomQuery\":\"\"},\"entry\":{\"sources\":[\"singles\",\"section:2f1f0ea0-4b22-4e9d-bb51-9e1e32a94cba\",\"section:cefc4625-a115-4b71-b22d-5f6784b3aada\"],\"allowCustomQuery\":\"\"},\"site\":{\"sites\":\"*\"},\"user\":{\"sources\":\"*\",\"allowCustomQuery\":\"\"},\"custom\":{\"disableValidation\":\"\",\"allowAliases\":\"\"},\"email\":{\"disableValidation\":\"\",\"allowAliases\":\"\"},\"tel\":{\"disableValidation\":\"\",\"allowAliases\":\"\"},\"url\":{\"disableValidation\":\"\",\"allowAliases\":\"\"}}}','2020-03-21 13:29:22','2020-03-21 13:29:22','9f0fd987-261e-4cf3-b47b-ff56a9175a77'),(55,NULL,'Copy','copy','superTableBlockType:b8f80084-8d6e-4c07-9ccf-933bd3b3f83d','',1,'none',NULL,'craft\\redactor\\Field','{\"availableTransforms\":\"*\",\"availableVolumes\":\"\",\"cleanupHtml\":true,\"columnType\":\"text\",\"purifierConfig\":\"\",\"purifyHtml\":\"1\",\"redactorConfig\":\"Simple.json\",\"removeEmptyTags\":\"1\",\"removeInlineStyles\":\"1\",\"removeNbsp\":\"1\",\"showUnpermittedFiles\":false,\"showUnpermittedVolumes\":false}','2020-03-21 13:29:22','2020-03-21 13:29:22','e659771a-929a-41d2-bab4-9f6dd3ee21aa'),(56,NULL,'Automatic Transition','automaticTransition','matrixBlockType:eaa344ea-c740-432d-9e93-62fc11a6f99c','When enabled the slides will automatically transition from slide to slide.',0,'none',NULL,'craft\\fields\\Lightswitch','{\"default\":\"\"}','2020-03-21 13:29:22','2020-03-21 13:29:22','de741c47-e0f4-402f-a0ed-f50a3c59dff3'),(57,NULL,'Background Image','backgroundImage','matrixBlockType:480566ae-7b2c-4ec5-9b70-14589ee29ae7','This image will replace the selected background color.',0,'site',NULL,'craft\\fields\\Assets','{\"allowedKinds\":[\"image\"],\"defaultUploadLocationSource\":\"volume:8b0fd7f7-2623-4a21-a578-698d8c0aef75\",\"defaultUploadLocationSubpath\":\"\",\"limit\":\"1\",\"localizeRelations\":false,\"restrictFiles\":\"1\",\"selectionLabel\":\"Add a Background Image\",\"showUnpermittedFiles\":false,\"showUnpermittedVolumes\":false,\"singleUploadLocationSource\":\"volume:8b0fd7f7-2623-4a21-a578-698d8c0aef75\",\"singleUploadLocationSubpath\":\"\",\"source\":null,\"sources\":\"*\",\"targetSiteId\":null,\"useSingleFolder\":true,\"validateRelatedElements\":\"1\",\"viewMode\":\"large\"}','2020-03-21 13:29:23','2020-03-21 13:29:23','308c03a6-af97-4fe6-b8b5-3c94791f071d'),(58,NULL,'Heading','heading','matrixBlockType:480566ae-7b2c-4ec5-9b70-14589ee29ae7','',1,'none',NULL,'craft\\fields\\PlainText','{\"byteLimit\":null,\"charLimit\":null,\"code\":\"\",\"columnType\":null,\"initialRows\":\"4\",\"multiline\":\"\",\"placeholder\":\"\"}','2020-03-21 13:29:23','2020-03-21 13:29:23','72e1ae43-c9f1-4b48-866b-aeb1d8484094'),(59,NULL,'Call to Action','callToAction','matrixBlockType:480566ae-7b2c-4ec5-9b70-14589ee29ae7','',0,'none',NULL,'typedlinkfield\\fields\\LinkField','{\"allowCustomText\":\"1\",\"allowTarget\":\"\",\"allowedLinkNames\":{\"3\":\"entry\",\"6\":\"custom\",\"7\":\"email\",\"8\":\"tel\"},\"autoNoReferrer\":\"\",\"defaultLinkName\":\"entry\",\"defaultText\":\"\",\"enableAriaLabel\":\"\",\"enableTitle\":\"\",\"typeSettings\":{\"asset\":{\"sources\":\"*\",\"allowCustomQuery\":\"\"},\"category\":{\"sources\":\"*\",\"allowCustomQuery\":\"\"},\"entry\":{\"sources\":[\"singles\",\"section:2f1f0ea0-4b22-4e9d-bb51-9e1e32a94cba\",\"section:cefc4625-a115-4b71-b22d-5f6784b3aada\"],\"allowCustomQuery\":\"\"},\"site\":{\"sites\":\"*\"},\"user\":{\"sources\":\"*\",\"allowCustomQuery\":\"\"},\"custom\":{\"disableValidation\":\"\",\"allowAliases\":\"\"},\"email\":{\"disableValidation\":\"\",\"allowAliases\":\"\"},\"tel\":{\"disableValidation\":\"\",\"allowAliases\":\"\"},\"url\":{\"disableValidation\":\"\",\"allowAliases\":\"\"}}}','2020-03-21 13:29:23','2020-03-21 13:29:23','72e98f82-20a6-4bec-ba92-3b6f627ada71'),(60,NULL,'Copy','copy','matrixBlockType:480566ae-7b2c-4ec5-9b70-14589ee29ae7','',1,'none',NULL,'craft\\redactor\\Field','{\"availableTransforms\":\"*\",\"availableVolumes\":\"\",\"cleanupHtml\":true,\"columnType\":\"text\",\"purifierConfig\":\"\",\"purifyHtml\":\"1\",\"redactorConfig\":\"Simple.json\",\"removeEmptyTags\":\"1\",\"removeInlineStyles\":\"1\",\"removeNbsp\":\"1\",\"showUnpermittedFiles\":false,\"showUnpermittedVolumes\":false}','2020-03-21 13:29:23','2020-03-21 13:29:23','78b0ed64-9c03-4678-83ec-a7a99d8f00f1'),(61,NULL,'Secondary Action','secondaryAction','matrixBlockType:480566ae-7b2c-4ec5-9b70-14589ee29ae7','',0,'none',NULL,'typedlinkfield\\fields\\LinkField','{\"allowCustomText\":\"1\",\"allowTarget\":\"\",\"allowedLinkNames\":{\"3\":\"entry\",\"6\":\"custom\",\"7\":\"email\",\"8\":\"tel\"},\"autoNoReferrer\":\"\",\"defaultLinkName\":\"entry\",\"defaultText\":\"\",\"enableAriaLabel\":\"\",\"enableTitle\":\"\",\"typeSettings\":{\"asset\":{\"sources\":\"*\",\"allowCustomQuery\":\"\"},\"category\":{\"sources\":\"*\",\"allowCustomQuery\":\"\"},\"entry\":{\"sources\":[\"singles\",\"section:2f1f0ea0-4b22-4e9d-bb51-9e1e32a94cba\",\"section:cefc4625-a115-4b71-b22d-5f6784b3aada\"],\"allowCustomQuery\":\"\"},\"site\":{\"sites\":\"*\"},\"user\":{\"sources\":\"*\",\"allowCustomQuery\":\"\"},\"custom\":{\"disableValidation\":\"\",\"allowAliases\":\"\"},\"email\":{\"disableValidation\":\"\",\"allowAliases\":\"\"},\"tel\":{\"disableValidation\":\"\",\"allowAliases\":\"\"},\"url\":{\"disableValidation\":\"\",\"allowAliases\":\"\"}}}','2020-03-21 13:29:23','2020-03-21 13:29:23','b31561a2-5d04-451e-bec3-203a9a0b62f8'),(62,NULL,'Background Color','backgroundColor','matrixBlockType:480566ae-7b2c-4ec5-9b70-14589ee29ae7','',0,'none',NULL,'craft\\fields\\Dropdown','{\"optgroups\":true,\"options\":[{\"label\":\"Light\",\"value\":\"light\",\"default\":\"1\"},{\"label\":\"Dark\",\"value\":\"dark\",\"default\":\"\"},{\"label\":\"Color\",\"value\":\"color\",\"default\":\"\"}]}','2020-03-21 13:29:23','2020-03-21 13:29:23','f70fbec7-aef2-4e23-b1a9-daea2438b02b'),(63,NULL,'Call to Action','callToAction','matrixBlockType:8c2d19b7-0094-45fc-9e92-b9900816cf1d','',1,'none',NULL,'typedlinkfield\\fields\\LinkField','{\"allowCustomText\":\"1\",\"allowTarget\":\"\",\"allowedLinkNames\":{\"3\":\"entry\",\"6\":\"custom\",\"7\":\"email\",\"8\":\"tel\"},\"autoNoReferrer\":\"\",\"defaultLinkName\":\"entry\",\"defaultText\":\"\",\"enableAriaLabel\":\"\",\"enableTitle\":\"\",\"typeSettings\":{\"asset\":{\"sources\":\"*\",\"allowCustomQuery\":\"\"},\"category\":{\"sources\":\"*\",\"allowCustomQuery\":\"\"},\"entry\":{\"sources\":[\"singles\",\"section:2f1f0ea0-4b22-4e9d-bb51-9e1e32a94cba\",\"section:cefc4625-a115-4b71-b22d-5f6784b3aada\"],\"allowCustomQuery\":\"\"},\"site\":{\"sites\":\"*\"},\"user\":{\"sources\":\"*\",\"allowCustomQuery\":\"\"},\"custom\":{\"disableValidation\":\"\",\"allowAliases\":\"\"},\"email\":{\"disableValidation\":\"\",\"allowAliases\":\"\"},\"tel\":{\"disableValidation\":\"\",\"allowAliases\":\"\"},\"url\":{\"disableValidation\":\"\",\"allowAliases\":\"\"}}}','2020-03-21 13:29:23','2020-03-21 13:29:23','0d36aadc-233f-4c05-889c-f400bafad37d'),(64,NULL,'Image','image','matrixBlockType:8c2d19b7-0094-45fc-9e92-b9900816cf1d','',0,'site',NULL,'craft\\fields\\Assets','{\"allowedKinds\":[\"image\"],\"defaultUploadLocationSource\":\"volume:8b0fd7f7-2623-4a21-a578-698d8c0aef75\",\"defaultUploadLocationSubpath\":\"\",\"limit\":\"1\",\"localizeRelations\":false,\"restrictFiles\":\"1\",\"selectionLabel\":\"Add an Image\",\"showUnpermittedFiles\":false,\"showUnpermittedVolumes\":false,\"singleUploadLocationSource\":\"volume:8b0fd7f7-2623-4a21-a578-698d8c0aef75\",\"singleUploadLocationSubpath\":\"\",\"source\":null,\"sources\":\"*\",\"targetSiteId\":null,\"useSingleFolder\":true,\"validateRelatedElements\":\"1\",\"viewMode\":\"large\"}','2020-03-21 13:29:23','2020-03-21 13:29:23','329ea617-1894-4afc-8396-824f22e5ab82'),(65,NULL,'Secondary Action','secondaryAction','matrixBlockType:8c2d19b7-0094-45fc-9e92-b9900816cf1d','',1,'none',NULL,'typedlinkfield\\fields\\LinkField','{\"allowCustomText\":\"1\",\"allowTarget\":\"\",\"allowedLinkNames\":{\"3\":\"entry\",\"6\":\"custom\",\"7\":\"email\",\"8\":\"tel\"},\"autoNoReferrer\":\"\",\"defaultLinkName\":\"entry\",\"defaultText\":\"\",\"enableAriaLabel\":\"\",\"enableTitle\":\"\",\"typeSettings\":{\"asset\":{\"sources\":\"*\",\"allowCustomQuery\":\"\"},\"category\":{\"sources\":\"*\",\"allowCustomQuery\":\"\"},\"entry\":{\"sources\":[\"singles\",\"section:2f1f0ea0-4b22-4e9d-bb51-9e1e32a94cba\",\"section:cefc4625-a115-4b71-b22d-5f6784b3aada\"],\"allowCustomQuery\":\"\"},\"site\":{\"sites\":\"*\"},\"user\":{\"sources\":\"*\",\"allowCustomQuery\":\"\"},\"custom\":{\"disableValidation\":\"\",\"allowAliases\":\"\"},\"email\":{\"disableValidation\":\"\",\"allowAliases\":\"\"},\"tel\":{\"disableValidation\":\"\",\"allowAliases\":\"\"},\"url\":{\"disableValidation\":\"\",\"allowAliases\":\"\"}}}','2020-03-21 13:29:23','2020-03-21 13:29:23','a7b5fa91-8029-4e60-a366-6f93c699c3eb'),(66,NULL,'Heading','heading','matrixBlockType:8c2d19b7-0094-45fc-9e92-b9900816cf1d','',1,'none',NULL,'craft\\fields\\PlainText','{\"byteLimit\":null,\"charLimit\":null,\"code\":\"\",\"columnType\":null,\"initialRows\":\"4\",\"multiline\":\"\",\"placeholder\":\"\"}','2020-03-21 13:29:23','2020-03-21 13:29:23','aea102a7-b187-4501-89be-26784baf2d4f'),(67,NULL,'Copy','copy','matrixBlockType:8c2d19b7-0094-45fc-9e92-b9900816cf1d','',1,'none',NULL,'craft\\redactor\\Field','{\"availableTransforms\":\"*\",\"availableVolumes\":\"\",\"cleanupHtml\":true,\"columnType\":\"text\",\"purifierConfig\":\"\",\"purifyHtml\":\"1\",\"redactorConfig\":\"Simple.json\",\"removeEmptyTags\":\"1\",\"removeInlineStyles\":\"1\",\"removeNbsp\":\"1\",\"showUnpermittedFiles\":false,\"showUnpermittedVolumes\":false}','2020-03-21 13:29:24','2020-03-21 13:29:24','f7c38014-8cf2-4634-8718-4a99fffe4533'),(83,1,'Related Articles','relatedArticles','global','',0,'site',NULL,'craft\\fields\\Entries','{\"limit\":\"3\",\"localizeRelations\":false,\"selectionLabel\":\"Link Articles\",\"source\":null,\"sources\":[\"section:2f1f0ea0-4b22-4e9d-bb51-9e1e32a94cba\"],\"targetSiteId\":null,\"validateRelatedElements\":\"1\",\"viewMode\":null}','2020-03-21 14:48:27','2020-03-21 14:48:27','c3700058-6021-4036-bc94-eb253d6cdb04'),(84,NULL,'Author','author','matrixBlockType:bbbf3de7-d661-43dd-a98a-978035dae401','',1,'none',NULL,'craft\\fields\\PlainText','{\"byteLimit\":null,\"charLimit\":null,\"code\":\"\",\"columnType\":null,\"initialRows\":\"4\",\"multiline\":\"\",\"placeholder\":\"\"}','2020-03-21 14:52:28','2020-03-21 14:52:28','31ecffca-3812-4519-bda2-18bbf6468634'),(85,NULL,'Quote','quote','matrixBlockType:bbbf3de7-d661-43dd-a98a-978035dae401','',1,'none',NULL,'craft\\redactor\\Field','{\"availableTransforms\":\"*\",\"availableVolumes\":\"\",\"cleanupHtml\":true,\"columnType\":\"text\",\"purifierConfig\":\"\",\"purifyHtml\":\"1\",\"redactorConfig\":\"Simple.json\",\"removeEmptyTags\":\"1\",\"removeInlineStyles\":\"1\",\"removeNbsp\":\"1\",\"showUnpermittedFiles\":false,\"showUnpermittedVolumes\":false}','2020-03-21 14:52:29','2020-03-21 14:52:29','71126e09-32d3-4987-962a-da5c02492042'),(86,3,'Twitter URL','twitterUrl','global','',0,'none',NULL,'craft\\fields\\Url','{\"maxLength\":\"255\",\"placeholder\":\"\"}','2020-03-28 14:46:40','2020-03-28 14:46:40','c6c24fc2-32de-4289-8f1a-b2ee6d7d0d92'),(87,3,'Facebook URL','facebookUrl','global','',0,'none',NULL,'craft\\fields\\Url','{\"maxLength\":\"255\",\"placeholder\":\"\"}','2020-03-28 14:46:54','2020-03-28 14:46:54','0b71f571-ae1d-4b03-85f6-b6bb4acbb430'),(88,3,'LinkedIn URL','linkedinUrl','global','',0,'none',NULL,'craft\\fields\\Url','{\"maxLength\":\"255\",\"placeholder\":\"\"}','2020-03-28 14:47:16','2020-03-28 14:47:16','0f860c17-f79b-48b7-8d1f-15243ef39303'),(89,3,'YouTube URL','youtubeUrl','global','',0,'none',NULL,'craft\\fields\\Url','{\"maxLength\":\"255\",\"placeholder\":\"\"}','2020-03-28 14:47:47','2020-03-28 14:47:47','26b75c67-742d-41d4-94c0-cbbf13985a33'),(90,3,'Instagram URL','instagramUrl','global','',0,'none',NULL,'craft\\fields\\Url','{\"maxLength\":\"255\",\"placeholder\":\"\"}','2020-03-28 14:48:39','2020-03-28 14:48:39','7a0e5822-9917-4e3f-9da1-8b3368bbec1f'),(91,3,'Pinterest URL','pinterestUrl','global','',0,'none',NULL,'craft\\fields\\Url','{\"maxLength\":\"255\",\"placeholder\":\"\"}','2020-03-28 14:50:07','2020-03-28 14:50:07','9cfc6137-662b-4553-8ae8-9d1176fdddcb'),(92,3,'Snapchat URL','snapchatUrl','global','',0,'none',NULL,'craft\\fields\\Url','{\"maxLength\":\"255\",\"placeholder\":\"\"}','2020-03-28 14:51:08','2020-03-28 14:51:08','9c8011f9-3ae4-45a4-b562-5e7beee514d2'),(93,3,'Tumblr URL','tumblrUrl','global','',0,'none',NULL,'craft\\fields\\Url','{\"maxLength\":\"255\",\"placeholder\":\"\"}','2020-03-28 14:52:05','2020-03-28 14:52:05','30cd9bf0-cc40-4149-ab16-af53a8c72449'),(94,3,'Vimeo URL','vimeoUrl','global','',0,'none',NULL,'craft\\fields\\Url','{\"maxLength\":\"255\",\"placeholder\":\"\"}','2020-03-28 14:52:34','2020-03-28 14:52:34','81a96522-33ab-4162-a188-88892876a535'),(95,4,'Submission Data','submissionData','global','',1,'none',NULL,'craft\\redactor\\Field','{\"availableTransforms\":\"*\",\"availableVolumes\":\"\",\"cleanupHtml\":true,\"columnType\":\"text\",\"purifierConfig\":\"\",\"purifyHtml\":\"1\",\"redactorConfig\":\"NoOp.json\",\"removeEmptyTags\":\"1\",\"removeInlineStyles\":\"1\",\"removeNbsp\":\"1\",\"showUnpermittedFiles\":false,\"showUnpermittedVolumes\":false}','2020-03-29 17:27:54','2020-03-29 17:27:54','52566efb-1a8e-4da5-af1d-a3e038558780');
/*!40000 ALTER TABLE `fields` ENABLE KEYS */;
UNLOCK TABLES;
commit;

--
-- Dumping data for table `globalsets`
--

LOCK TABLES `globalsets` WRITE;
/*!40000 ALTER TABLE `globalsets` DISABLE KEYS */;
set autocommit=0;
INSERT INTO `globalsets` VALUES (6,'Organization Settings','organizationSettings',12,'2020-03-19 11:32:39','2020-03-19 11:32:39','e6cff758-195e-48a1-9a9e-27b1681b6874'),(72,'Notifications','notifications',45,'2020-03-27 10:09:42','2020-03-27 10:09:42','ce426575-18ab-4772-b21d-b81789822fcb');
/*!40000 ALTER TABLE `globalsets` ENABLE KEYS */;
UNLOCK TABLES;
commit;

--
-- Dumping data for table `gqlschemas`
--

LOCK TABLES `gqlschemas` WRITE;
/*!40000 ALTER TABLE `gqlschemas` DISABLE KEYS */;
set autocommit=0;
/*!40000 ALTER TABLE `gqlschemas` ENABLE KEYS */;
UNLOCK TABLES;
commit;

--
-- Dumping data for table `gqltokens`
--

LOCK TABLES `gqltokens` WRITE;
/*!40000 ALTER TABLE `gqltokens` DISABLE KEYS */;
set autocommit=0;
/*!40000 ALTER TABLE `gqltokens` ENABLE KEYS */;
UNLOCK TABLES;
commit;

--
-- Dumping data for table `info`
--

LOCK TABLES `info` WRITE;
/*!40000 ALTER TABLE `info` DISABLE KEYS */;
set autocommit=0;
INSERT INTO `info` VALUES (1,'3.4.11','3.4.10',0,'{\"dateModified\":\"@config/project.yaml\",\"email\":\"@config/project.yaml\",\"fieldGroups\":\"@config/project.yaml\",\"fields\":\"@config/project.yaml\",\"globalSets\":\"@config/project.yaml\",\"matrixBlockTypes\":\"@config/project.yaml\",\"plugins\":\"@config/project.yaml\",\"relabel\":\"@config/project.yaml\",\"sections\":\"@config/project.yaml\",\"siteGroups\":\"@config/project.yaml\",\"sites\":\"@config/project.yaml\",\"superTableBlockTypes\":\"@config/project.yaml\",\"system\":\"@config/project.yaml\",\"users\":\"@config/project.yaml\",\"volumes\":\"@config/project.yaml\",\"categoryGroups\":\"@config/project.yaml\"}','LrauYIXov8Ip','2020-03-17 13:28:06','2020-03-29 17:27:54','527f3678-b5e4-478f-9177-9895c29cfdcf');
/*!40000 ALTER TABLE `info` ENABLE KEYS */;
UNLOCK TABLES;
commit;

--
-- Dumping data for table `matrixblocks`
--

LOCK TABLES `matrixblocks` WRITE;
/*!40000 ALTER TABLE `matrixblocks` DISABLE KEYS */;
set autocommit=0;
INSERT INTO `matrixblocks` VALUES (13,12,6,4,1,NULL,'2020-03-21 13:56:46','2020-03-21 13:56:46','9a1381dd-6b31-4644-a4fe-ad14ee848b55'),(17,16,6,10,1,0,'2020-03-21 14:31:26','2020-03-21 14:31:26','465654dc-0f4c-48ab-878c-dfcdec5a996e'),(18,16,6,10,1,0,'2020-03-21 14:31:43','2020-03-21 14:31:43','b384cc4b-5fb5-4545-87e6-96edcc76f468'),(20,16,6,10,1,0,'2020-03-21 14:31:44','2020-03-21 14:31:44','b9a56e73-8a37-42b5-8951-c65481101526'),(22,16,6,11,1,0,'2020-03-21 14:31:44','2020-03-21 14:34:13','47a68c79-24f5-40a6-b13a-12d63583300a'),(23,16,6,12,1,0,'2020-03-21 14:34:21','2020-03-21 14:34:21','0295a005-239f-48cc-ad50-8cf6eba9a9e4'),(24,16,6,10,1,0,'2020-03-21 14:35:00','2020-03-21 14:35:00','6c676979-34ad-4a47-a4cf-09eda3887b57'),(25,16,6,10,1,0,'2020-03-21 14:35:06','2020-03-21 14:35:06','37cd2410-9d4d-495a-8958-ed5ac3e28577'),(27,16,6,11,1,0,'2020-03-21 14:35:36','2020-03-21 14:35:36','f667f935-1128-49e3-bcff-1d3ead90d816'),(28,16,6,10,1,0,'2020-03-21 14:35:39','2020-03-21 14:35:39','53cbf2c1-58f6-473a-b190-b4d230160383'),(29,16,6,10,1,0,'2020-03-21 14:35:42','2020-03-21 14:35:42','aaae7d53-aed6-4d25-b6dc-b8e8d69ec480'),(31,16,6,7,1,0,'2020-03-21 14:36:13','2020-03-21 14:36:13','6e8a4bd8-ec5b-4749-9da9-974278189cad'),(32,16,6,8,1,0,'2020-03-21 14:37:36','2020-03-21 14:37:36','e1bf57f5-7f64-474a-9e44-838ec1349134'),(33,16,6,8,1,0,'2020-03-21 14:37:36','2020-03-21 14:37:36','544cfdf3-1ec2-4478-bd3d-5538a585402b'),(35,16,6,9,1,0,'2020-03-21 14:38:16','2020-03-21 14:38:16','8c454f8e-1e74-411e-819f-3588247f13d0'),(36,16,6,6,1,0,'2020-03-21 14:39:25','2020-03-21 14:39:25','8431748b-6869-49b1-b91f-70cc3ec688a2'),(37,16,6,4,1,0,'2020-03-21 14:39:29','2020-03-21 14:39:29','8094832a-a793-41f8-a9ce-6bc17e4ed008'),(38,16,6,2,1,0,'2020-03-21 14:39:52','2020-03-21 14:39:52','cfab759b-0ec9-47df-aa38-0ee8c67acfde'),(39,16,6,2,1,0,'2020-03-21 14:39:54','2020-03-21 14:39:54','33a23a91-0a67-4bae-bcb9-34beb65412f4'),(40,16,6,1,2,0,'2020-03-21 14:39:54','2020-03-21 14:39:54','35b91931-0a13-4b68-8973-4d5e4f337199'),(41,16,6,2,1,NULL,'2020-03-21 14:39:57','2020-03-21 14:39:57','064134e0-416b-4a7e-b803-2d5123fcb56b'),(42,16,6,1,2,NULL,'2020-03-21 14:39:57','2020-03-21 14:39:57','bdaeb441-6bad-482a-afcf-f491e8d9ebe0'),(43,16,6,3,3,NULL,'2020-03-21 14:39:57','2020-03-21 14:39:57','4358de15-3c48-4a46-9cd9-f3d0f6d3e568'),(44,16,6,13,4,NULL,'2020-03-21 14:40:40','2020-03-21 14:40:40','4cfcfdfb-1b0d-4d30-8bb4-97fb5ad6e87f'),(47,46,6,7,1,0,'2020-03-21 14:46:07','2020-03-21 14:46:07','56f9fda4-9623-42df-be9d-c6eb41bea798'),(48,46,6,9,1,0,'2020-03-21 14:46:10','2020-03-21 14:46:10','2adfe108-2438-41a8-b3a6-1c75d3d0ec7e'),(49,46,6,4,1,0,'2020-03-21 14:46:14','2020-03-21 14:46:14','9aeaa1a7-2564-40aa-9da3-53a851019d9f'),(50,46,6,4,1,0,'2020-03-21 14:46:16','2020-03-21 14:46:16','8d6acf8d-9a67-400e-90c2-6db559fdbec4'),(51,46,6,2,2,0,'2020-03-21 14:46:16','2020-03-21 14:46:16','ffe7b955-b420-45d6-b275-d1c6167fe9c5'),(52,46,6,4,1,0,'2020-03-21 14:46:19','2020-03-21 14:46:19','63cb8b50-a7f5-4fc0-aee4-1f65772ab74b'),(53,46,6,2,2,0,'2020-03-21 14:46:19','2020-03-21 14:46:19','355cd640-3b11-4445-9394-abb983c20056'),(54,46,6,1,3,0,'2020-03-21 14:46:19','2020-03-21 14:46:19','37bce468-969a-4073-bcd0-0af7eb23200a'),(55,46,6,4,1,NULL,'2020-03-21 14:46:21','2020-03-21 14:46:21','d0733b2b-752d-4065-9785-1a4143847b45'),(56,46,6,2,2,NULL,'2020-03-21 14:46:21','2020-03-21 14:46:21','510c7369-2dbe-49c6-a257-4ec0b897a95e'),(57,46,6,1,3,NULL,'2020-03-21 14:46:21','2020-03-21 14:46:21','14e37842-4be4-4edf-9def-0e1943c807ca'),(58,46,6,3,4,NULL,'2020-03-21 14:46:21','2020-03-21 14:46:21','70fbf040-e166-4e35-96df-f7fb633b2dbe'),(61,60,6,19,1,NULL,'2020-03-24 18:27:18','2020-03-24 18:27:18','755a5427-e98e-4c07-9ca0-299291d64781'),(69,68,6,10,1,0,'2020-03-24 18:41:41','2020-03-24 18:41:41','daae5ee3-3a04-4121-a040-9003cb2aa085'),(70,68,6,10,1,NULL,'2020-03-24 18:41:41','2020-03-24 18:41:41','6c2a8450-7950-4fa6-9848-377fad192c40'),(236,235,6,4,1,NULL,'2020-03-28 15:06:06','2020-03-28 15:06:06','6408b76a-c120-4516-b753-f3be1811f71e'),(238,237,6,4,1,NULL,'2020-03-28 15:06:06','2020-03-28 15:06:06','c07ac62b-29d8-48ac-9a4e-afd07170690b');
/*!40000 ALTER TABLE `matrixblocks` ENABLE KEYS */;
UNLOCK TABLES;
commit;

--
-- Dumping data for table `matrixblocktypes`
--

LOCK TABLES `matrixblocktypes` WRITE;
/*!40000 ALTER TABLE `matrixblocktypes` DISABLE KEYS */;
set autocommit=0;
INSERT INTO `matrixblocktypes` VALUES (1,6,11,'Video','video',3,'2020-03-19 11:32:39','2020-03-19 11:32:39','f4a82115-b93b-4608-89a3-428bff6eed53'),(2,6,13,'Image','image',2,'2020-03-19 11:32:40','2020-03-19 11:32:40','81e7e279-b0c6-4b60-b709-d323e7a4b6a8'),(3,6,14,'Rich Text & Image','richTextImage',4,'2020-03-19 11:32:40','2020-03-19 11:32:40','f0b6c21d-e8b8-4e9d-ab61-576d34438c8d'),(4,6,15,'Rich Text','richText',1,'2020-03-19 11:32:41','2020-03-19 11:32:41','9dea63d6-c8c3-4116-93db-1eb9e2790058'),(6,6,17,'Testimonials','testimonials',5,'2020-03-19 11:37:39','2020-03-19 11:37:39','4ae8cf38-ab28-47c7-ad0b-b4dacfdab48f'),(7,6,18,'Blog Cards','blogCards',6,'2020-03-19 11:39:16','2020-03-19 11:39:16','bb8b1ade-0718-4cba-9ae2-6e749531171d'),(8,6,20,'Call to Action Cards','callToActionCards',7,'2020-03-19 11:42:49','2020-03-19 11:42:49','e2c917c0-a0ed-42fa-8e2a-d6cd9df1e434'),(9,6,21,'Call to Action Banner','callToActionBanner',8,'2020-03-19 11:47:31','2020-03-19 11:47:31','03663379-40c4-4699-994b-9893b5a7d3a6'),(10,6,23,'Carousel Hero','carouselHero',9,'2020-03-21 13:29:23','2020-03-21 13:29:23','eaa344ea-c740-432d-9e93-62fc11a6f99c'),(11,6,24,'Standard Hero','standardHero',10,'2020-03-21 13:29:23','2020-03-21 13:29:23','480566ae-7b2c-4ec5-9b70-14589ee29ae7'),(12,6,25,'Bold Hero','boldHero',11,'2020-03-21 13:29:24','2020-03-21 13:29:24','8c2d19b7-0094-45fc-9e92-b9900816cf1d'),(13,6,26,'Horizontal Rule','horizontalRule',12,'2020-03-21 13:57:54','2020-03-21 13:57:54','84911873-2e0f-4408-b279-db586efebb6f'),(19,6,44,'Pull Quote','pullQuote',13,'2020-03-21 14:52:29','2020-03-21 14:52:29','bbbf3de7-d661-43dd-a98a-978035dae401');
/*!40000 ALTER TABLE `matrixblocktypes` ENABLE KEYS */;
UNLOCK TABLES;
commit;

--
-- Dumping data for table `matrixcontent_contentbuilder`
--

LOCK TABLES `matrixcontent_contentbuilder` WRITE;
/*!40000 ALTER TABLE `matrixcontent_contentbuilder` DISABLE KEYS */;
set autocommit=0;
INSERT INTO `matrixcontent_contentbuilder` VALUES (1,13,1,'2020-03-21 13:56:46','2020-03-21 13:56:46','b137b372-7b32-47bd-9ec5-11de40a6fce9',NULL,NULL,NULL,NULL,NULL,NULL,NULL,'{\"ariaLabel\":null,\"customQuery\":null,\"customText\":\"\",\"target\":\"\",\"title\":null,\"type\":\"entry\",\"value\":null}',NULL,NULL,NULL,NULL,NULL,NULL,NULL,NULL,NULL,NULL,NULL,NULL,NULL,NULL,NULL,NULL,NULL,NULL,NULL,NULL,NULL,NULL,NULL),(2,17,1,'2020-03-21 14:31:26','2020-03-21 14:31:26','92cb0a8d-7289-4640-8082-5761656c0ea3',NULL,NULL,NULL,NULL,NULL,NULL,NULL,NULL,NULL,NULL,NULL,NULL,NULL,NULL,NULL,NULL,NULL,NULL,NULL,0,NULL,NULL,NULL,NULL,NULL,NULL,NULL,NULL,NULL,NULL,NULL),(3,18,1,'2020-03-21 14:31:43','2020-03-21 14:31:43','a16fa50d-4e2f-4f59-b746-81a311579642',NULL,NULL,NULL,NULL,NULL,NULL,NULL,NULL,NULL,NULL,NULL,NULL,NULL,NULL,NULL,NULL,NULL,NULL,NULL,0,NULL,NULL,NULL,NULL,NULL,NULL,NULL,NULL,NULL,NULL,NULL),(4,20,1,'2020-03-21 14:31:44','2020-03-21 14:31:44','2b42c499-0b68-453a-96be-17cc9bcce923',NULL,NULL,NULL,NULL,NULL,NULL,NULL,NULL,NULL,NULL,NULL,NULL,NULL,NULL,NULL,NULL,NULL,NULL,NULL,0,NULL,NULL,NULL,NULL,NULL,NULL,NULL,NULL,NULL,NULL,NULL),(5,22,1,'2020-03-21 14:31:44','2020-03-21 14:34:13','b3a38a6d-0edf-41ce-bb29-9be854adfedf',NULL,NULL,NULL,NULL,NULL,NULL,NULL,NULL,NULL,NULL,NULL,NULL,NULL,NULL,NULL,NULL,NULL,NULL,NULL,NULL,NULL,'{\"ariaLabel\":null,\"customQuery\":null,\"customText\":\"\",\"target\":null,\"title\":null,\"type\":\"entry\",\"value\":null}',NULL,'{\"ariaLabel\":null,\"customQuery\":null,\"customText\":\"\",\"target\":null,\"title\":null,\"type\":\"entry\",\"value\":null}','light',NULL,NULL,NULL,NULL,NULL,NULL),(6,23,1,'2020-03-21 14:34:21','2020-03-21 14:34:21','c2a332ae-2bee-444a-af29-c404f8b5e343',NULL,NULL,NULL,NULL,NULL,NULL,NULL,NULL,NULL,NULL,NULL,NULL,NULL,NULL,NULL,NULL,NULL,NULL,NULL,NULL,NULL,NULL,NULL,NULL,NULL,'{\"ariaLabel\":null,\"customQuery\":null,\"customText\":\"\",\"target\":null,\"title\":null,\"type\":\"entry\",\"value\":null}','{\"ariaLabel\":null,\"customQuery\":null,\"customText\":\"\",\"target\":null,\"title\":null,\"type\":\"entry\",\"value\":null}',NULL,NULL,NULL,NULL),(7,24,1,'2020-03-21 14:35:00','2020-03-21 14:35:00','f4da9521-ebed-4da7-af9c-056e9d51aafc',NULL,NULL,NULL,NULL,NULL,NULL,NULL,NULL,NULL,NULL,NULL,NULL,NULL,NULL,NULL,NULL,NULL,NULL,NULL,0,NULL,NULL,NULL,NULL,NULL,NULL,NULL,NULL,NULL,NULL,NULL),(8,25,1,'2020-03-21 14:35:06','2020-03-21 14:35:06','292c856e-ea8f-4482-952d-cc649c56f664',NULL,NULL,NULL,NULL,NULL,NULL,NULL,NULL,NULL,NULL,NULL,NULL,NULL,NULL,NULL,NULL,NULL,NULL,NULL,0,NULL,NULL,NULL,NULL,NULL,NULL,NULL,NULL,NULL,NULL,NULL),(9,27,1,'2020-03-21 14:35:36','2020-03-21 14:35:36','1ca35235-1e0e-456a-a291-0392d7d42d2d',NULL,NULL,NULL,NULL,NULL,NULL,NULL,NULL,NULL,NULL,NULL,NULL,NULL,NULL,NULL,NULL,NULL,NULL,NULL,NULL,NULL,'{\"ariaLabel\":null,\"customQuery\":null,\"customText\":\"\",\"target\":null,\"title\":null,\"type\":\"entry\",\"value\":null}',NULL,'{\"ariaLabel\":null,\"customQuery\":null,\"customText\":\"\",\"target\":null,\"title\":null,\"type\":\"entry\",\"value\":null}','light',NULL,NULL,NULL,NULL,NULL,NULL),(10,28,1,'2020-03-21 14:35:39','2020-03-21 14:35:39','179c374f-ac30-476e-b562-f6e581f76563',NULL,NULL,NULL,NULL,NULL,NULL,NULL,NULL,NULL,NULL,NULL,NULL,NULL,NULL,NULL,NULL,NULL,NULL,NULL,0,NULL,NULL,NULL,NULL,NULL,NULL,NULL,NULL,NULL,NULL,NULL),(11,29,1,'2020-03-21 14:35:42','2020-03-21 14:35:42','caa0656d-6ebd-46ad-b231-7c6835280a2c',NULL,NULL,NULL,NULL,NULL,NULL,NULL,NULL,NULL,NULL,NULL,NULL,NULL,NULL,NULL,NULL,NULL,NULL,NULL,0,NULL,NULL,NULL,NULL,NULL,NULL,NULL,NULL,NULL,NULL,NULL),(12,31,1,'2020-03-21 14:36:13','2020-03-21 14:36:13','49ac1434-8704-4406-bfc3-ea07db8fce5b',NULL,NULL,NULL,NULL,NULL,NULL,NULL,NULL,NULL,'{\"ariaLabel\":null,\"customQuery\":null,\"customText\":\"\",\"target\":\"\",\"title\":null,\"type\":\"entry\",\"value\":null}',NULL,NULL,NULL,NULL,NULL,NULL,NULL,NULL,NULL,NULL,NULL,NULL,NULL,NULL,NULL,NULL,NULL,NULL,NULL,NULL,NULL),(13,32,1,'2020-03-21 14:37:36','2020-03-21 14:37:36','c7b2159d-fc21-4c3f-8e91-f80766d05365',NULL,NULL,NULL,NULL,NULL,NULL,NULL,NULL,NULL,NULL,NULL,NULL,'{\"ariaLabel\":null,\"customQuery\":null,\"customText\":\"\",\"target\":\"\",\"title\":null,\"type\":\"entry\",\"value\":null}',NULL,NULL,NULL,NULL,NULL,NULL,NULL,NULL,NULL,NULL,NULL,NULL,NULL,NULL,NULL,NULL,NULL,NULL),(14,33,1,'2020-03-21 14:37:36','2020-03-21 14:37:36','098ab277-64c1-47e7-aa9f-159bba03b779',NULL,NULL,NULL,NULL,NULL,NULL,NULL,NULL,NULL,NULL,NULL,NULL,'{\"ariaLabel\":null,\"customQuery\":null,\"customText\":\"\",\"target\":\"\",\"title\":null,\"type\":\"entry\",\"value\":null}',NULL,NULL,NULL,NULL,NULL,NULL,NULL,NULL,NULL,NULL,NULL,NULL,NULL,NULL,NULL,NULL,NULL,NULL),(15,35,1,'2020-03-21 14:38:16','2020-03-21 14:38:16','59016a89-1cf4-4d59-85ac-a3fbeec793f5',NULL,NULL,NULL,NULL,NULL,NULL,NULL,NULL,NULL,NULL,NULL,NULL,NULL,NULL,'color',NULL,'{\"ariaLabel\":null,\"customQuery\":null,\"customText\":\"\",\"target\":\"\",\"title\":null,\"type\":\"entry\",\"value\":null}',NULL,NULL,NULL,NULL,NULL,NULL,NULL,NULL,NULL,NULL,NULL,NULL,NULL,NULL),(16,36,1,'2020-03-21 14:39:25','2020-03-21 14:39:25','f1e2b6a4-cbd1-4670-9e5e-ed63638f4fc2',NULL,NULL,NULL,NULL,NULL,NULL,NULL,NULL,NULL,NULL,NULL,NULL,NULL,NULL,NULL,NULL,NULL,NULL,NULL,NULL,NULL,NULL,NULL,NULL,NULL,NULL,NULL,NULL,NULL,NULL,NULL),(17,37,1,'2020-03-21 14:39:29','2020-03-21 14:39:29','6bf1fcb3-5c58-4ef3-a338-1fbeafe3c53b',NULL,NULL,NULL,NULL,NULL,NULL,NULL,'{\"ariaLabel\":null,\"customQuery\":null,\"customText\":\"\",\"target\":\"\",\"title\":null,\"type\":\"entry\",\"value\":null}',NULL,NULL,NULL,NULL,NULL,NULL,NULL,NULL,NULL,NULL,NULL,NULL,NULL,NULL,NULL,NULL,NULL,NULL,NULL,NULL,NULL,NULL,NULL),(18,38,1,'2020-03-21 14:39:52','2020-03-21 14:39:52','533cc1d2-b09f-48ef-9961-222af89b07a6',NULL,NULL,NULL,NULL,NULL,NULL,NULL,NULL,NULL,NULL,NULL,NULL,NULL,NULL,NULL,NULL,NULL,NULL,NULL,NULL,NULL,NULL,NULL,NULL,NULL,NULL,NULL,NULL,NULL,NULL,NULL),(19,39,1,'2020-03-21 14:39:54','2020-03-21 14:39:54','5d1f45e5-8bae-4200-9e6b-f3c20d6e3c16',NULL,NULL,NULL,NULL,NULL,NULL,NULL,NULL,NULL,NULL,NULL,NULL,NULL,NULL,NULL,NULL,NULL,NULL,NULL,NULL,NULL,NULL,NULL,NULL,NULL,NULL,NULL,NULL,NULL,NULL,NULL),(20,40,1,'2020-03-21 14:39:54','2020-03-21 14:39:54','5d26b8be-7981-4d3a-87cf-aaecc32ff8bf','youtube',NULL,NULL,NULL,NULL,NULL,NULL,NULL,NULL,NULL,NULL,NULL,NULL,NULL,NULL,NULL,NULL,NULL,NULL,NULL,NULL,NULL,NULL,NULL,NULL,NULL,NULL,NULL,NULL,NULL,NULL),(21,41,1,'2020-03-21 14:39:57','2020-03-21 14:39:57','c76bd229-aa5c-4a1e-af21-35b0997a346a',NULL,NULL,NULL,NULL,NULL,NULL,NULL,NULL,NULL,NULL,NULL,NULL,NULL,NULL,NULL,NULL,NULL,NULL,NULL,NULL,NULL,NULL,NULL,NULL,NULL,NULL,NULL,NULL,NULL,NULL,NULL),(22,42,1,'2020-03-21 14:39:57','2020-03-21 14:39:57','50fb2fc2-6869-46ea-89c8-02863d92ba9c','youtube',NULL,NULL,NULL,NULL,NULL,NULL,NULL,NULL,NULL,NULL,NULL,NULL,NULL,NULL,NULL,NULL,NULL,NULL,NULL,NULL,NULL,NULL,NULL,NULL,NULL,NULL,NULL,NULL,NULL,NULL),(23,43,1,'2020-03-21 14:39:57','2020-03-21 14:40:40','5b4b0815-6547-4b30-ab44-2631fffd2e04',NULL,NULL,NULL,'{\"ariaLabel\":null,\"customQuery\":null,\"customText\":\"\",\"target\":\"\",\"title\":null,\"type\":\"entry\",\"value\":null}',NULL,NULL,NULL,NULL,NULL,NULL,NULL,NULL,NULL,NULL,NULL,NULL,NULL,NULL,'right',NULL,NULL,NULL,NULL,NULL,NULL,NULL,NULL,NULL,NULL,NULL,NULL),(24,44,1,'2020-03-21 14:40:40','2020-03-21 14:40:40','1e05a278-798b-4048-86c4-42a1a6ddbde0',NULL,NULL,NULL,NULL,NULL,NULL,NULL,NULL,NULL,NULL,NULL,NULL,NULL,NULL,NULL,NULL,NULL,NULL,NULL,NULL,NULL,NULL,NULL,NULL,NULL,NULL,NULL,NULL,NULL,NULL,NULL),(25,47,1,'2020-03-21 14:46:07','2020-03-21 14:46:07','0f18353b-ca2f-49d8-90c7-4b9b525de109',NULL,NULL,NULL,NULL,NULL,NULL,NULL,NULL,NULL,'{\"ariaLabel\":null,\"customQuery\":null,\"customText\":\"\",\"target\":\"\",\"title\":null,\"type\":\"entry\",\"value\":null}',NULL,NULL,NULL,NULL,NULL,NULL,NULL,NULL,NULL,NULL,NULL,NULL,NULL,NULL,NULL,NULL,NULL,NULL,NULL,NULL,NULL),(26,48,1,'2020-03-21 14:46:10','2020-03-21 14:46:10','1856e9b0-4565-4d3f-80e8-d43f774ccf2f',NULL,NULL,NULL,NULL,NULL,NULL,NULL,NULL,NULL,NULL,NULL,NULL,NULL,NULL,'color',NULL,'{\"ariaLabel\":null,\"customQuery\":null,\"customText\":\"\",\"target\":\"\",\"title\":null,\"type\":\"entry\",\"value\":null}',NULL,NULL,NULL,NULL,NULL,NULL,NULL,NULL,NULL,NULL,NULL,NULL,NULL,NULL),(27,49,1,'2020-03-21 14:46:14','2020-03-21 14:46:14','ae4cb32f-1137-4725-9505-52fe53673ab4',NULL,NULL,NULL,NULL,NULL,NULL,NULL,'{\"ariaLabel\":null,\"customQuery\":null,\"customText\":\"\",\"target\":\"\",\"title\":null,\"type\":\"entry\",\"value\":null}',NULL,NULL,NULL,NULL,NULL,NULL,NULL,NULL,NULL,NULL,NULL,NULL,NULL,NULL,NULL,NULL,NULL,NULL,NULL,NULL,NULL,NULL,NULL),(28,50,1,'2020-03-21 14:46:16','2020-03-21 14:46:16','66d60e36-b57b-4f72-bc3b-3b454446620b',NULL,NULL,NULL,NULL,NULL,NULL,NULL,'{\"ariaLabel\":null,\"customQuery\":null,\"customText\":\"\",\"target\":\"\",\"title\":null,\"type\":\"entry\",\"value\":null}',NULL,NULL,NULL,NULL,NULL,NULL,NULL,NULL,NULL,NULL,NULL,NULL,NULL,NULL,NULL,NULL,NULL,NULL,NULL,NULL,NULL,NULL,NULL),(29,51,1,'2020-03-21 14:46:16','2020-03-21 14:46:16','6d0a545f-61d7-4964-99f1-32ca783c2aa4',NULL,NULL,NULL,NULL,NULL,NULL,NULL,NULL,NULL,NULL,NULL,NULL,NULL,NULL,NULL,NULL,NULL,NULL,NULL,NULL,NULL,NULL,NULL,NULL,NULL,NULL,NULL,NULL,NULL,NULL,NULL),(30,52,1,'2020-03-21 14:46:19','2020-03-21 14:46:19','5e13815e-3174-4ef0-81c0-8c3c3e5cbc70',NULL,NULL,NULL,NULL,NULL,NULL,NULL,'{\"ariaLabel\":null,\"customQuery\":null,\"customText\":\"\",\"target\":\"\",\"title\":null,\"type\":\"entry\",\"value\":null}',NULL,NULL,NULL,NULL,NULL,NULL,NULL,NULL,NULL,NULL,NULL,NULL,NULL,NULL,NULL,NULL,NULL,NULL,NULL,NULL,NULL,NULL,NULL),(31,53,1,'2020-03-21 14:46:19','2020-03-21 14:46:19','b54b2b5d-f795-4676-81bd-0746fc46a796',NULL,NULL,NULL,NULL,NULL,NULL,NULL,NULL,NULL,NULL,NULL,NULL,NULL,NULL,NULL,NULL,NULL,NULL,NULL,NULL,NULL,NULL,NULL,NULL,NULL,NULL,NULL,NULL,NULL,NULL,NULL),(32,54,1,'2020-03-21 14:46:19','2020-03-21 14:46:19','e05693ab-8757-47ba-8aee-8160bebd3c44','youtube',NULL,NULL,NULL,NULL,NULL,NULL,NULL,NULL,NULL,NULL,NULL,NULL,NULL,NULL,NULL,NULL,NULL,NULL,NULL,NULL,NULL,NULL,NULL,NULL,NULL,NULL,NULL,NULL,NULL,NULL),(33,55,1,'2020-03-21 14:46:21','2020-03-21 14:46:21','643c6238-594e-48ab-8f5b-ee48648befa8',NULL,NULL,NULL,NULL,NULL,NULL,NULL,'{\"ariaLabel\":null,\"customQuery\":null,\"customText\":\"\",\"target\":\"\",\"title\":null,\"type\":\"entry\",\"value\":null}',NULL,NULL,NULL,NULL,NULL,NULL,NULL,NULL,NULL,NULL,NULL,NULL,NULL,NULL,NULL,NULL,NULL,NULL,NULL,NULL,NULL,NULL,NULL),(34,56,1,'2020-03-21 14:46:21','2020-03-21 14:46:21','e6697e4c-8de2-4339-9258-e51d0719c7cf',NULL,NULL,NULL,NULL,NULL,NULL,NULL,NULL,NULL,NULL,NULL,NULL,NULL,NULL,NULL,NULL,NULL,NULL,NULL,NULL,NULL,NULL,NULL,NULL,NULL,NULL,NULL,NULL,NULL,NULL,NULL),(35,57,1,'2020-03-21 14:46:21','2020-03-21 14:46:21','237d0b78-b896-4e5d-8a5f-9679c3aeb6f2','youtube',NULL,NULL,NULL,NULL,NULL,NULL,NULL,NULL,NULL,NULL,NULL,NULL,NULL,NULL,NULL,NULL,NULL,NULL,NULL,NULL,NULL,NULL,NULL,NULL,NULL,NULL,NULL,NULL,NULL,NULL),(36,58,1,'2020-03-21 14:46:21','2020-03-21 14:46:21','a2a37cab-e0ba-435a-87fb-371333250803',NULL,NULL,NULL,'{\"ariaLabel\":null,\"customQuery\":null,\"customText\":\"\",\"target\":\"\",\"title\":null,\"type\":\"entry\",\"value\":null}',NULL,NULL,NULL,NULL,NULL,NULL,NULL,NULL,NULL,NULL,NULL,NULL,NULL,NULL,'right',NULL,NULL,NULL,NULL,NULL,NULL,NULL,NULL,NULL,NULL,NULL,NULL),(37,61,1,'2020-03-24 18:27:18','2020-03-24 18:27:18','7147679e-ae59-4840-a6eb-ab57788fa767',NULL,NULL,NULL,NULL,NULL,NULL,NULL,NULL,NULL,NULL,NULL,NULL,NULL,NULL,NULL,NULL,NULL,NULL,NULL,NULL,NULL,NULL,NULL,NULL,NULL,NULL,NULL,NULL,NULL,NULL,NULL),(38,69,1,'2020-03-24 18:41:41','2020-03-24 18:41:41','8b704341-7812-4f60-b43f-814529bc8d8f',NULL,NULL,NULL,NULL,NULL,NULL,NULL,NULL,NULL,NULL,NULL,NULL,NULL,NULL,NULL,NULL,NULL,NULL,NULL,0,NULL,NULL,NULL,NULL,NULL,NULL,NULL,NULL,NULL,NULL,NULL),(39,70,1,'2020-03-24 18:41:41','2020-03-24 18:41:41','2332dce0-90c3-484a-880e-dfd03175b4b6',NULL,NULL,NULL,NULL,NULL,NULL,NULL,NULL,NULL,NULL,NULL,NULL,NULL,NULL,NULL,NULL,NULL,NULL,NULL,0,NULL,NULL,NULL,NULL,NULL,NULL,NULL,NULL,NULL,NULL,NULL),(40,236,1,'2020-03-28 15:06:06','2020-03-28 15:06:06','2084c26d-142e-4294-bc88-d731a8796cf9',NULL,NULL,NULL,NULL,NULL,NULL,'Heading','{\"ariaLabel\":null,\"customQuery\":null,\"customText\":\"\",\"target\":\"\",\"title\":null,\"type\":\"entry\",\"value\":null}','<p>Copy</p>',NULL,NULL,NULL,NULL,NULL,NULL,NULL,NULL,NULL,NULL,NULL,NULL,NULL,NULL,NULL,NULL,NULL,NULL,NULL,NULL,NULL,NULL),(41,238,1,'2020-03-28 15:06:06','2020-03-28 15:06:06','2c5f4b69-711d-4324-86ce-a34f559f1f84',NULL,NULL,NULL,NULL,NULL,NULL,'Heading','{\"ariaLabel\":null,\"customQuery\":null,\"customText\":\"\",\"target\":\"\",\"title\":null,\"type\":\"entry\",\"value\":null}','<p>Copy</p>',NULL,NULL,NULL,NULL,NULL,NULL,NULL,NULL,NULL,NULL,NULL,NULL,NULL,NULL,NULL,NULL,NULL,NULL,NULL,NULL,NULL,NULL);
/*!40000 ALTER TABLE `matrixcontent_contentbuilder` ENABLE KEYS */;
UNLOCK TABLES;
commit;

--
-- Dumping data for table `migrations`
--

LOCK TABLES `migrations` WRITE;
/*!40000 ALTER TABLE `migrations` DISABLE KEYS */;
set autocommit=0;
INSERT INTO `migrations` VALUES (1,NULL,'app','Install','2020-03-17 13:28:07','2020-03-17 13:28:07','2020-03-17 13:28:07','adb02bea-b0ee-417a-b20b-2bb9f61c04a9'),(2,NULL,'app','m150403_183908_migrations_table_changes','2020-03-17 13:28:07','2020-03-17 13:28:07','2020-03-17 13:28:07','d99fd33c-9e27-4796-8bba-2138c24fe4b5'),(3,NULL,'app','m150403_184247_plugins_table_changes','2020-03-17 13:28:07','2020-03-17 13:28:07','2020-03-17 13:28:07','6ff0e50b-1839-4580-8f59-51a8164bf5d5'),(4,NULL,'app','m150403_184533_field_version','2020-03-17 13:28:07','2020-03-17 13:28:07','2020-03-17 13:28:07','4e684e76-d41e-4940-beb7-32912cea33b4'),(5,NULL,'app','m150403_184729_type_columns','2020-03-17 13:28:07','2020-03-17 13:28:07','2020-03-17 13:28:07','02d4a643-b2dd-4334-a71b-16d79232d0ce'),(6,NULL,'app','m150403_185142_volumes','2020-03-17 13:28:07','2020-03-17 13:28:07','2020-03-17 13:28:07','668c39f2-8445-49f4-8eb1-3c4d76dce865'),(7,NULL,'app','m150428_231346_userpreferences','2020-03-17 13:28:07','2020-03-17 13:28:07','2020-03-17 13:28:07','e266bdf6-598c-4d6e-9a33-ac2478cb77da'),(8,NULL,'app','m150519_150900_fieldversion_conversion','2020-03-17 13:28:07','2020-03-17 13:28:07','2020-03-17 13:28:07','3db8c329-f2e9-413a-9496-00bcac44f173'),(9,NULL,'app','m150617_213829_update_email_settings','2020-03-17 13:28:07','2020-03-17 13:28:07','2020-03-17 13:28:07','e3a08933-f652-440e-a522-a1b42e118414'),(10,NULL,'app','m150721_124739_templatecachequeries','2020-03-17 13:28:07','2020-03-17 13:28:07','2020-03-17 13:28:07','52360d70-9215-4f7e-84f0-fc1c1155664c'),(11,NULL,'app','m150724_140822_adjust_quality_settings','2020-03-17 13:28:07','2020-03-17 13:28:07','2020-03-17 13:28:07','3bd1cb08-7a71-4a17-81ed-009b50b81cd5'),(12,NULL,'app','m150815_133521_last_login_attempt_ip','2020-03-17 13:28:07','2020-03-17 13:28:07','2020-03-17 13:28:07','4f1ddb59-b6c4-44e5-abda-d0fd0eee33dd'),(13,NULL,'app','m151002_095935_volume_cache_settings','2020-03-17 13:28:07','2020-03-17 13:28:07','2020-03-17 13:28:07','34025ca6-2e1c-4679-9c5a-e0024194baa0'),(14,NULL,'app','m151005_142750_volume_s3_storage_settings','2020-03-17 13:28:07','2020-03-17 13:28:07','2020-03-17 13:28:07','3314b82c-9704-48b6-99e3-f9d140ed323c'),(15,NULL,'app','m151016_133600_delete_asset_thumbnails','2020-03-17 13:28:07','2020-03-17 13:28:07','2020-03-17 13:28:07','a08f3c33-3d45-44e8-aa46-7cae1a68e962'),(16,NULL,'app','m151209_000000_move_logo','2020-03-17 13:28:07','2020-03-17 13:28:07','2020-03-17 13:28:07','f1737976-8f44-49d1-894a-13a6f52c97b9'),(17,NULL,'app','m151211_000000_rename_fileId_to_assetId','2020-03-17 13:28:07','2020-03-17 13:28:07','2020-03-17 13:28:07','7b18825c-b879-4692-9032-d4e5f676daef'),(18,NULL,'app','m151215_000000_rename_asset_permissions','2020-03-17 13:28:07','2020-03-17 13:28:07','2020-03-17 13:28:07','7614eb5f-e127-4b31-b0e0-f672a89c5347'),(19,NULL,'app','m160707_000001_rename_richtext_assetsource_setting','2020-03-17 13:28:07','2020-03-17 13:28:07','2020-03-17 13:28:07','df23a484-059b-4c69-97a3-23388802ca3b'),(20,NULL,'app','m160708_185142_volume_hasUrls_setting','2020-03-17 13:28:07','2020-03-17 13:28:07','2020-03-17 13:28:07','4084382f-9336-406a-b8a2-fd02a7c5f116'),(21,NULL,'app','m160714_000000_increase_max_asset_filesize','2020-03-17 13:28:07','2020-03-17 13:28:07','2020-03-17 13:28:07','d9fab933-8f64-436b-bac4-8a3f9559fe4a'),(22,NULL,'app','m160727_194637_column_cleanup','2020-03-17 13:28:07','2020-03-17 13:28:07','2020-03-17 13:28:07','15e46e38-0ee3-4ff1-bbee-a0be4d209e86'),(23,NULL,'app','m160804_110002_userphotos_to_assets','2020-03-17 13:28:07','2020-03-17 13:28:07','2020-03-17 13:28:07','0bed6a70-5b79-4a74-96fc-b2541090d18a'),(24,NULL,'app','m160807_144858_sites','2020-03-17 13:28:07','2020-03-17 13:28:07','2020-03-17 13:28:07','f07239b9-3fc5-41fb-8041-8bcedca63b6b'),(25,NULL,'app','m160829_000000_pending_user_content_cleanup','2020-03-17 13:28:07','2020-03-17 13:28:07','2020-03-17 13:28:07','d93f1222-50ff-41dc-9e16-8b5d9d0be279'),(26,NULL,'app','m160830_000000_asset_index_uri_increase','2020-03-17 13:28:07','2020-03-17 13:28:07','2020-03-17 13:28:07','9440f916-7b55-495f-a53c-cf534b4b66f7'),(27,NULL,'app','m160912_230520_require_entry_type_id','2020-03-17 13:28:07','2020-03-17 13:28:07','2020-03-17 13:28:07','d5bdb8d5-00b4-42aa-b364-09beb46af3d8'),(28,NULL,'app','m160913_134730_require_matrix_block_type_id','2020-03-17 13:28:07','2020-03-17 13:28:07','2020-03-17 13:28:07','3707f97e-d31f-43cc-94d3-05bc712c4796'),(29,NULL,'app','m160920_174553_matrixblocks_owner_site_id_nullable','2020-03-17 13:28:07','2020-03-17 13:28:07','2020-03-17 13:28:07','972e08c8-732a-4db4-98a3-1f3022a7c5a4'),(30,NULL,'app','m160920_231045_usergroup_handle_title_unique','2020-03-17 13:28:07','2020-03-17 13:28:07','2020-03-17 13:28:07','1b751b74-01d2-4a5b-b4de-6c2649319bcb'),(31,NULL,'app','m160925_113941_route_uri_parts','2020-03-17 13:28:07','2020-03-17 13:28:07','2020-03-17 13:28:07','8ee7acf3-25d5-45c9-8adc-be3d3471919a'),(32,NULL,'app','m161006_205918_schemaVersion_not_null','2020-03-17 13:28:07','2020-03-17 13:28:07','2020-03-17 13:28:07','fdc22936-a6bb-4bbc-bd49-a4e5c6d836df'),(33,NULL,'app','m161007_130653_update_email_settings','2020-03-17 13:28:07','2020-03-17 13:28:07','2020-03-17 13:28:07','74a97839-8de2-409f-9ec7-7240662e2473'),(34,NULL,'app','m161013_175052_newParentId','2020-03-17 13:28:07','2020-03-17 13:28:07','2020-03-17 13:28:07','351dbf5c-981b-4c10-9b33-21c250e70f3d'),(35,NULL,'app','m161021_102916_fix_recent_entries_widgets','2020-03-17 13:28:07','2020-03-17 13:28:07','2020-03-17 13:28:07','0cf513a2-08f8-4146-af73-999281489829'),(36,NULL,'app','m161021_182140_rename_get_help_widget','2020-03-17 13:28:07','2020-03-17 13:28:07','2020-03-17 13:28:07','d98b4d84-f31a-4b35-a9d2-bc9f558b7724'),(37,NULL,'app','m161025_000000_fix_char_columns','2020-03-17 13:28:07','2020-03-17 13:28:07','2020-03-17 13:28:07','9dd68a68-b6ac-4f2f-87f3-7852f6090fd8'),(38,NULL,'app','m161029_124145_email_message_languages','2020-03-17 13:28:07','2020-03-17 13:28:07','2020-03-17 13:28:07','50575e16-a127-4049-8532-b6ef3eb5714d'),(39,NULL,'app','m161108_000000_new_version_format','2020-03-17 13:28:07','2020-03-17 13:28:07','2020-03-17 13:28:07','d3be34d7-23ac-4ec2-9d29-ea53a1cd9c5b'),(40,NULL,'app','m161109_000000_index_shuffle','2020-03-17 13:28:07','2020-03-17 13:28:07','2020-03-17 13:28:07','79614ab8-0d47-4b72-b724-ad0d263df6a6'),(41,NULL,'app','m161122_185500_no_craft_app','2020-03-17 13:28:07','2020-03-17 13:28:07','2020-03-17 13:28:07','fff83a32-8059-4c32-b535-3f8f32e697c1'),(42,NULL,'app','m161125_150752_clear_urlmanager_cache','2020-03-17 13:28:07','2020-03-17 13:28:07','2020-03-17 13:28:07','f2e7140f-7029-45c4-83a0-3623cb1c7530'),(43,NULL,'app','m161220_000000_volumes_hasurl_notnull','2020-03-17 13:28:07','2020-03-17 13:28:07','2020-03-17 13:28:07','4a2efa12-c9a4-4d05-b4e3-974bcea50ab2'),(44,NULL,'app','m170114_161144_udates_permission','2020-03-17 13:28:07','2020-03-17 13:28:07','2020-03-17 13:28:07','742ea3fa-975b-4332-a6cd-00806f5663a0'),(45,NULL,'app','m170120_000000_schema_cleanup','2020-03-17 13:28:07','2020-03-17 13:28:07','2020-03-17 13:28:07','18b0bc6f-654f-4c24-a66b-3e7a97c405dd'),(46,NULL,'app','m170126_000000_assets_focal_point','2020-03-17 13:28:07','2020-03-17 13:28:07','2020-03-17 13:28:07','37bc57ea-08e1-4ff4-9809-1d7b98e1d71d'),(47,NULL,'app','m170206_142126_system_name','2020-03-17 13:28:07','2020-03-17 13:28:07','2020-03-17 13:28:07','f60bfc7b-e5f4-4db9-90d4-ce50ee3853cb'),(48,NULL,'app','m170217_044740_category_branch_limits','2020-03-17 13:28:07','2020-03-17 13:28:07','2020-03-17 13:28:07','1bb6458a-4430-4746-9e5f-855f12ded191'),(49,NULL,'app','m170217_120224_asset_indexing_columns','2020-03-17 13:28:07','2020-03-17 13:28:07','2020-03-17 13:28:07','a216ecec-bd34-487e-a3a3-8e1efbf5dc5f'),(50,NULL,'app','m170223_224012_plain_text_settings','2020-03-17 13:28:07','2020-03-17 13:28:07','2020-03-17 13:28:07','ca964ca5-86db-451b-ab8b-0dade1130148'),(51,NULL,'app','m170227_120814_focal_point_percentage','2020-03-17 13:28:07','2020-03-17 13:28:07','2020-03-17 13:28:07','0fa80056-0272-417d-bdee-386bee319175'),(52,NULL,'app','m170228_171113_system_messages','2020-03-17 13:28:07','2020-03-17 13:28:07','2020-03-17 13:28:07','dccb8806-9187-40d4-b105-39d2301fc3aa'),(53,NULL,'app','m170303_140500_asset_field_source_settings','2020-03-17 13:28:07','2020-03-17 13:28:07','2020-03-17 13:28:07','a554f39c-1421-4ec6-a625-c75fe6f3c038'),(54,NULL,'app','m170306_150500_asset_temporary_uploads','2020-03-17 13:28:07','2020-03-17 13:28:07','2020-03-17 13:28:07','45c1cee0-2559-4cd3-b3e7-9ad01e60379f'),(55,NULL,'app','m170523_190652_element_field_layout_ids','2020-03-17 13:28:07','2020-03-17 13:28:07','2020-03-17 13:28:07','9eedae72-72c4-4d1f-89fd-e8d4fc828438'),(56,NULL,'app','m170612_000000_route_index_shuffle','2020-03-17 13:28:07','2020-03-17 13:28:07','2020-03-17 13:28:07','f840f613-a226-4c94-ad1a-f47801183b57'),(57,NULL,'app','m170621_195237_format_plugin_handles','2020-03-17 13:28:07','2020-03-17 13:28:07','2020-03-17 13:28:07','3a8acbbe-eebc-4520-9310-28cbf6c00fd0'),(58,NULL,'app','m170630_161027_deprecation_line_nullable','2020-03-17 13:28:07','2020-03-17 13:28:07','2020-03-17 13:28:07','2187d72c-ef5a-4efb-95e9-1bfd82463d92'),(59,NULL,'app','m170630_161028_deprecation_changes','2020-03-17 13:28:07','2020-03-17 13:28:07','2020-03-17 13:28:07','435d44a7-30d4-4910-8d18-e2a85b8134ed'),(60,NULL,'app','m170703_181539_plugins_table_tweaks','2020-03-17 13:28:07','2020-03-17 13:28:07','2020-03-17 13:28:07','32b23393-da1d-44ce-93f1-c973655a4439'),(61,NULL,'app','m170704_134916_sites_tables','2020-03-17 13:28:07','2020-03-17 13:28:07','2020-03-17 13:28:07','ea61438f-85d5-41d4-aa87-4124b96fc60e'),(62,NULL,'app','m170706_183216_rename_sequences','2020-03-17 13:28:07','2020-03-17 13:28:07','2020-03-17 13:28:07','bbf0358f-0cff-4783-a30e-13cc3520eef3'),(63,NULL,'app','m170707_094758_delete_compiled_traits','2020-03-17 13:28:07','2020-03-17 13:28:07','2020-03-17 13:28:07','561f3c00-8699-4e46-b7b6-e633ef287bfa'),(64,NULL,'app','m170731_190138_drop_asset_packagist','2020-03-17 13:28:07','2020-03-17 13:28:07','2020-03-17 13:28:07','9fcd9657-9865-4f71-85d4-1255caba93db'),(65,NULL,'app','m170810_201318_create_queue_table','2020-03-17 13:28:07','2020-03-17 13:28:07','2020-03-17 13:28:07','f7e43c54-5303-4454-be0d-c60f8e096567'),(66,NULL,'app','m170903_192801_longblob_for_queue_jobs','2020-03-17 13:28:07','2020-03-17 13:28:07','2020-03-17 13:28:07','a4023284-7e1d-4914-8ccd-ff18634c75bc'),(67,NULL,'app','m170914_204621_asset_cache_shuffle','2020-03-17 13:28:07','2020-03-17 13:28:07','2020-03-17 13:28:07','9c2aa52d-a486-4e84-8e4e-9e2fe51a71dc'),(68,NULL,'app','m171011_214115_site_groups','2020-03-17 13:28:07','2020-03-17 13:28:07','2020-03-17 13:28:07','8831cac4-b332-42f2-bf52-807ef32fec6c'),(69,NULL,'app','m171012_151440_primary_site','2020-03-17 13:28:07','2020-03-17 13:28:07','2020-03-17 13:28:07','52d89e02-6143-43da-8c5c-e2c067e64868'),(70,NULL,'app','m171013_142500_transform_interlace','2020-03-17 13:28:07','2020-03-17 13:28:07','2020-03-17 13:28:07','abac0c35-eb88-459a-a47a-ba75f318c136'),(71,NULL,'app','m171016_092553_drop_position_select','2020-03-17 13:28:07','2020-03-17 13:28:07','2020-03-17 13:28:07','b3be9217-9d95-4b3b-b037-7c759ea9aad9'),(72,NULL,'app','m171016_221244_less_strict_translation_method','2020-03-17 13:28:07','2020-03-17 13:28:07','2020-03-17 13:28:07','038d912b-6bb4-4962-b8ea-31289ad27867'),(73,NULL,'app','m171107_000000_assign_group_permissions','2020-03-17 13:28:07','2020-03-17 13:28:07','2020-03-17 13:28:07','940b4cf4-f4af-40bd-818d-3cbfefa0bb43'),(74,NULL,'app','m171117_000001_templatecache_index_tune','2020-03-17 13:28:07','2020-03-17 13:28:07','2020-03-17 13:28:07','d10db440-06b4-42fe-a4b3-d2ad0e0cce6b'),(75,NULL,'app','m171126_105927_disabled_plugins','2020-03-17 13:28:07','2020-03-17 13:28:07','2020-03-17 13:28:07','7518c598-855f-4686-968c-7eacb901de7c'),(76,NULL,'app','m171130_214407_craftidtokens_table','2020-03-17 13:28:07','2020-03-17 13:28:07','2020-03-17 13:28:07','4b430603-63d4-455c-bacd-107834e59af9'),(77,NULL,'app','m171202_004225_update_email_settings','2020-03-17 13:28:07','2020-03-17 13:28:07','2020-03-17 13:28:07','4bc89116-8bf0-4a89-abed-6820f2bfaeb4'),(78,NULL,'app','m171204_000001_templatecache_index_tune_deux','2020-03-17 13:28:07','2020-03-17 13:28:07','2020-03-17 13:28:07','10aa39bd-315f-4e7e-9a1a-5f7cb7e0cfa1'),(79,NULL,'app','m171205_130908_remove_craftidtokens_refreshtoken_column','2020-03-17 13:28:07','2020-03-17 13:28:07','2020-03-17 13:28:07','23445094-7135-4b5f-b100-86afd098730e'),(80,NULL,'app','m171218_143135_longtext_query_column','2020-03-17 13:28:07','2020-03-17 13:28:07','2020-03-17 13:28:07','908ca641-843e-4e5e-8819-a60041756383'),(81,NULL,'app','m171231_055546_environment_variables_to_aliases','2020-03-17 13:28:07','2020-03-17 13:28:07','2020-03-17 13:28:07','7318e327-29da-43bb-9a7b-1f5be86ca4e4'),(82,NULL,'app','m180113_153740_drop_users_archived_column','2020-03-17 13:28:07','2020-03-17 13:28:07','2020-03-17 13:28:07','eec43640-7c7f-48ad-98e3-c8c25156d96c'),(83,NULL,'app','m180122_213433_propagate_entries_setting','2020-03-17 13:28:07','2020-03-17 13:28:07','2020-03-17 13:28:07','f54cfb0f-178a-47bf-9513-7328bf36915f'),(84,NULL,'app','m180124_230459_fix_propagate_entries_values','2020-03-17 13:28:07','2020-03-17 13:28:07','2020-03-17 13:28:07','60af100e-acfc-4cc3-a9af-0e938e0e8cfe'),(85,NULL,'app','m180128_235202_set_tag_slugs','2020-03-17 13:28:07','2020-03-17 13:28:07','2020-03-17 13:28:07','5c432047-fdf3-41a7-8825-f6a633acc8c1'),(86,NULL,'app','m180202_185551_fix_focal_points','2020-03-17 13:28:07','2020-03-17 13:28:07','2020-03-17 13:28:07','9696ffca-ade3-44f5-a99d-3ab60af0b246'),(87,NULL,'app','m180217_172123_tiny_ints','2020-03-17 13:28:07','2020-03-17 13:28:07','2020-03-17 13:28:07','74124609-7a1f-48a6-94de-04bf698ce2b5'),(88,NULL,'app','m180321_233505_small_ints','2020-03-17 13:28:07','2020-03-17 13:28:07','2020-03-17 13:28:07','db7f080b-8934-4b02-ae47-dc536e93a104'),(89,NULL,'app','m180328_115523_new_license_key_statuses','2020-03-17 13:28:07','2020-03-17 13:28:07','2020-03-17 13:28:07','a9d0a78e-4497-497a-adbd-6f988ede5eb6'),(90,NULL,'app','m180404_182320_edition_changes','2020-03-17 13:28:07','2020-03-17 13:28:07','2020-03-17 13:28:07','1fd9b33b-62ef-4ff8-9ece-bf176cf74769'),(91,NULL,'app','m180411_102218_fix_db_routes','2020-03-17 13:28:07','2020-03-17 13:28:07','2020-03-17 13:28:07','c8b7f50a-018e-4a11-8dce-b08412b86a54'),(92,NULL,'app','m180416_205628_resourcepaths_table','2020-03-17 13:28:07','2020-03-17 13:28:07','2020-03-17 13:28:07','29ed5715-7230-4c89-b427-80faeae70c19'),(93,NULL,'app','m180418_205713_widget_cleanup','2020-03-17 13:28:07','2020-03-17 13:28:07','2020-03-17 13:28:07','72bbfa20-51f5-4da8-a732-96bed1548748'),(94,NULL,'app','m180425_203349_searchable_fields','2020-03-17 13:28:07','2020-03-17 13:28:07','2020-03-17 13:28:07','3fa46b34-0f73-42c0-b14a-acdcda76e3e3'),(95,NULL,'app','m180516_153000_uids_in_field_settings','2020-03-17 13:28:07','2020-03-17 13:28:07','2020-03-17 13:28:07','7d46ff28-b7bb-4e89-887e-7ed020baefd8'),(96,NULL,'app','m180517_173000_user_photo_volume_to_uid','2020-03-17 13:28:07','2020-03-17 13:28:07','2020-03-17 13:28:07','0726d45b-53bf-4617-bd17-5d79902bf573'),(97,NULL,'app','m180518_173000_permissions_to_uid','2020-03-17 13:28:07','2020-03-17 13:28:07','2020-03-17 13:28:07','3c884145-b509-4e3e-bc51-c4da14ef8596'),(98,NULL,'app','m180520_173000_matrix_context_to_uids','2020-03-17 13:28:07','2020-03-17 13:28:07','2020-03-17 13:28:07','965b2b59-2333-4e07-81ed-9c1465aca116'),(99,NULL,'app','m180521_172900_project_config_table','2020-03-17 13:28:07','2020-03-17 13:28:07','2020-03-17 13:28:07','4daad8c5-2893-4459-9203-926f7fad332f'),(100,NULL,'app','m180521_173000_initial_yml_and_snapshot','2020-03-17 13:28:07','2020-03-17 13:28:07','2020-03-17 13:28:07','f17cc271-81ab-444d-8950-ee57761e246c'),(101,NULL,'app','m180731_162030_soft_delete_sites','2020-03-17 13:28:08','2020-03-17 13:28:08','2020-03-17 13:28:08','0baaf29e-029a-4e2b-83bd-abe3c9ad6e11'),(102,NULL,'app','m180810_214427_soft_delete_field_layouts','2020-03-17 13:28:08','2020-03-17 13:28:08','2020-03-17 13:28:08','e9e9495f-8d28-4b56-9db8-e6a37e554655'),(103,NULL,'app','m180810_214439_soft_delete_elements','2020-03-17 13:28:08','2020-03-17 13:28:08','2020-03-17 13:28:08','e2655a30-0ddf-4e61-85bf-3ab3ab9cdaf9'),(104,NULL,'app','m180824_193422_case_sensitivity_fixes','2020-03-17 13:28:08','2020-03-17 13:28:08','2020-03-17 13:28:08','f178890e-b29b-437e-8eea-d42325cfb3bb'),(105,NULL,'app','m180901_151639_fix_matrixcontent_tables','2020-03-17 13:28:08','2020-03-17 13:28:08','2020-03-17 13:28:08','6482e49a-bd28-45c8-9403-f6e093afab6c'),(106,NULL,'app','m180904_112109_permission_changes','2020-03-17 13:28:08','2020-03-17 13:28:08','2020-03-17 13:28:08','50559af8-7d75-4afc-af63-06c601afcad7'),(107,NULL,'app','m180910_142030_soft_delete_sitegroups','2020-03-17 13:28:08','2020-03-17 13:28:08','2020-03-17 13:28:08','6afb3720-9c83-4a47-a544-8268b3a4fa48'),(108,NULL,'app','m181011_160000_soft_delete_asset_support','2020-03-17 13:28:08','2020-03-17 13:28:08','2020-03-17 13:28:08','2bac7863-4824-438f-a739-3a139cbceaba'),(109,NULL,'app','m181016_183648_set_default_user_settings','2020-03-17 13:28:08','2020-03-17 13:28:08','2020-03-17 13:28:08','56d72d1b-87b1-46eb-ae88-b31fb57e9a84'),(110,NULL,'app','m181017_225222_system_config_settings','2020-03-17 13:28:08','2020-03-17 13:28:08','2020-03-17 13:28:08','0da708f9-a962-4e37-bb6c-0a9416ac3406'),(111,NULL,'app','m181018_222343_drop_userpermissions_from_config','2020-03-17 13:28:08','2020-03-17 13:28:08','2020-03-17 13:28:08','61f5e14b-c001-4cbf-836a-e1a0f27bc33d'),(112,NULL,'app','m181029_130000_add_transforms_routes_to_config','2020-03-17 13:28:08','2020-03-17 13:28:08','2020-03-17 13:28:08','67272f27-dbd4-458e-8284-ffdbc5047752'),(113,NULL,'app','m181112_203955_sequences_table','2020-03-17 13:28:08','2020-03-17 13:28:08','2020-03-17 13:28:08','04f5c521-1023-4ec8-a0ae-c2c5454e51f0'),(114,NULL,'app','m181121_001712_cleanup_field_configs','2020-03-17 13:28:08','2020-03-17 13:28:08','2020-03-17 13:28:08','df525734-dea0-4f8f-be2d-36f5fd048968'),(115,NULL,'app','m181128_193942_fix_project_config','2020-03-17 13:28:08','2020-03-17 13:28:08','2020-03-17 13:28:08','81699e75-ff32-452d-90cf-f39152eda9d5'),(116,NULL,'app','m181130_143040_fix_schema_version','2020-03-17 13:28:08','2020-03-17 13:28:08','2020-03-17 13:28:08','f1dee1c0-b130-41bf-b6ac-6e1e35b8baf8'),(117,NULL,'app','m181211_143040_fix_entry_type_uids','2020-03-17 13:28:08','2020-03-17 13:28:08','2020-03-17 13:28:08','5a4c9843-01c0-40aa-91cc-eb7c7fc877df'),(118,NULL,'app','m181213_102500_config_map_aliases','2020-03-17 13:28:08','2020-03-17 13:28:08','2020-03-17 13:28:08','722c7765-1af3-4290-9221-890fd92cf5de'),(119,NULL,'app','m181217_153000_fix_structure_uids','2020-03-17 13:28:08','2020-03-17 13:28:08','2020-03-17 13:28:08','b8822d34-9740-449a-8cd7-9ee14adc0421'),(120,NULL,'app','m190104_152725_store_licensed_plugin_editions','2020-03-17 13:28:08','2020-03-17 13:28:08','2020-03-17 13:28:08','5e5a847b-816d-4ef0-ae45-0ea7440994c0'),(121,NULL,'app','m190108_110000_cleanup_project_config','2020-03-17 13:28:08','2020-03-17 13:28:08','2020-03-17 13:28:08','7cacf529-07cb-497c-8751-69c689796b03'),(122,NULL,'app','m190108_113000_asset_field_setting_change','2020-03-17 13:28:08','2020-03-17 13:28:08','2020-03-17 13:28:08','17718af1-1aa3-4643-89aa-19ec3a885835'),(123,NULL,'app','m190109_172845_fix_colspan','2020-03-17 13:28:08','2020-03-17 13:28:08','2020-03-17 13:28:08','2c0a6a13-8237-40fa-bf76-50bc12c46a95'),(124,NULL,'app','m190110_150000_prune_nonexisting_sites','2020-03-17 13:28:08','2020-03-17 13:28:08','2020-03-17 13:28:08','8e31fadd-1d7f-47e0-b08c-fd41c2c2efa7'),(125,NULL,'app','m190110_214819_soft_delete_volumes','2020-03-17 13:28:08','2020-03-17 13:28:08','2020-03-17 13:28:08','e162227e-47ad-4cd1-8c3e-1b8ffced2529'),(126,NULL,'app','m190112_124737_fix_user_settings','2020-03-17 13:28:08','2020-03-17 13:28:08','2020-03-17 13:28:08','368106c4-7bb2-4292-ac3d-75b18eb3d7f9'),(127,NULL,'app','m190112_131225_fix_field_layouts','2020-03-17 13:28:08','2020-03-17 13:28:08','2020-03-17 13:28:08','6e67094a-ad89-40ee-a457-5868a05face9'),(128,NULL,'app','m190112_201010_more_soft_deletes','2020-03-17 13:28:08','2020-03-17 13:28:08','2020-03-17 13:28:08','5d3b821c-2dff-4559-96b7-0145db377398'),(129,NULL,'app','m190114_143000_more_asset_field_setting_changes','2020-03-17 13:28:08','2020-03-17 13:28:08','2020-03-17 13:28:08','c66e83ab-c7d2-47e1-91f2-3bae803d93df'),(130,NULL,'app','m190121_120000_rich_text_config_setting','2020-03-17 13:28:08','2020-03-17 13:28:08','2020-03-17 13:28:08','f24bfef3-738a-4659-ba48-9d9a5885d163'),(131,NULL,'app','m190125_191628_fix_email_transport_password','2020-03-17 13:28:08','2020-03-17 13:28:08','2020-03-17 13:28:08','3d72413d-61a3-44cd-a6ad-91c7b1c838d9'),(132,NULL,'app','m190128_181422_cleanup_volume_folders','2020-03-17 13:28:08','2020-03-17 13:28:08','2020-03-17 13:28:08','4357e2ec-2ae6-45c3-9318-e7caf9e94193'),(133,NULL,'app','m190205_140000_fix_asset_soft_delete_index','2020-03-17 13:28:08','2020-03-17 13:28:08','2020-03-17 13:28:08','5896fb8b-2d6d-4636-903d-55a3fa3c4208'),(134,NULL,'app','m190208_140000_reset_project_config_mapping','2020-03-17 13:28:08','2020-03-17 13:28:08','2020-03-17 13:28:08','aac9e3e4-c58b-4cc1-ace7-46187355d25e'),(135,NULL,'app','m190218_143000_element_index_settings_uid','2020-03-17 13:28:08','2020-03-17 13:28:08','2020-03-17 13:28:08','1555252c-ed17-4acf-8878-a721e6cd98f6'),(136,NULL,'app','m190312_152740_element_revisions','2020-03-17 13:28:08','2020-03-17 13:28:08','2020-03-17 13:28:08','b90c8cda-004c-42ed-8c0c-ed02342a8dd1'),(137,NULL,'app','m190327_235137_propagation_method','2020-03-17 13:28:08','2020-03-17 13:28:08','2020-03-17 13:28:08','eca093b5-855a-4386-963f-c2dd814a932f'),(138,NULL,'app','m190401_223843_drop_old_indexes','2020-03-17 13:28:08','2020-03-17 13:28:08','2020-03-17 13:28:08','1ad93826-fcb1-454b-a6f7-ad151d7426ff'),(139,NULL,'app','m190416_014525_drop_unique_global_indexes','2020-03-17 13:28:08','2020-03-17 13:28:08','2020-03-17 13:28:08','5a9e597c-75bb-4d63-905a-2402a8bd31c7'),(140,NULL,'app','m190417_085010_add_image_editor_permissions','2020-03-17 13:28:08','2020-03-17 13:28:08','2020-03-17 13:28:08','72b0fba5-d55d-4e0c-8265-5dfce19cdfc7'),(141,NULL,'app','m190502_122019_store_default_user_group_uid','2020-03-17 13:28:08','2020-03-17 13:28:08','2020-03-17 13:28:08','74b5cc85-b8c1-4972-9097-595bfe388655'),(142,NULL,'app','m190504_150349_preview_targets','2020-03-17 13:28:08','2020-03-17 13:28:08','2020-03-17 13:28:08','c6a51f3c-b1c8-439d-8648-c1a0a74bbe16'),(143,NULL,'app','m190516_184711_job_progress_label','2020-03-17 13:28:08','2020-03-17 13:28:08','2020-03-17 13:28:08','0316b8b8-d086-4286-99ea-e4caa31f197c'),(144,NULL,'app','m190523_190303_optional_revision_creators','2020-03-17 13:28:08','2020-03-17 13:28:08','2020-03-17 13:28:08','e849eec6-14a0-4128-bbbd-1eda6f32658a'),(145,NULL,'app','m190529_204501_fix_duplicate_uids','2020-03-17 13:28:08','2020-03-17 13:28:08','2020-03-17 13:28:08','4f98a080-e2cc-4410-9ace-7b6b9f17596c'),(146,NULL,'app','m190605_223807_unsaved_drafts','2020-03-17 13:28:08','2020-03-17 13:28:08','2020-03-17 13:28:08','097edab9-6cd4-421b-a699-9bbd7acf3309'),(147,NULL,'app','m190607_230042_entry_revision_error_tables','2020-03-17 13:28:08','2020-03-17 13:28:08','2020-03-17 13:28:08','1925b57c-0839-4acb-b07f-07a998b4162e'),(148,NULL,'app','m190608_033429_drop_elements_uid_idx','2020-03-17 13:28:08','2020-03-17 13:28:08','2020-03-17 13:28:08','fd08eacb-d862-4242-9054-ff6579c0f40b'),(149,NULL,'app','m190617_164400_add_gqlschemas_table','2020-03-17 13:28:08','2020-03-17 13:28:08','2020-03-17 13:28:08','6af8be85-5415-46b6-b54b-bf71277620d5'),(150,NULL,'app','m190624_234204_matrix_propagation_method','2020-03-17 13:28:08','2020-03-17 13:28:08','2020-03-17 13:28:08','ea4f49bf-528a-4c0c-952e-f443c56aed47'),(151,NULL,'app','m190711_153020_drop_snapshots','2020-03-17 13:28:08','2020-03-17 13:28:08','2020-03-17 13:28:08','eeed9ac5-ba22-48d9-8cb3-50138d1bbd4e'),(152,NULL,'app','m190712_195914_no_draft_revisions','2020-03-17 13:28:08','2020-03-17 13:28:08','2020-03-17 13:28:08','080d14ed-e6c2-4687-ba76-15b2f394850c'),(153,NULL,'app','m190723_140314_fix_preview_targets_column','2020-03-17 13:28:08','2020-03-17 13:28:08','2020-03-17 13:28:08','6eb2e0ff-7f0f-4320-b5e1-a29f672f6649'),(154,NULL,'app','m190820_003519_flush_compiled_templates','2020-03-17 13:28:08','2020-03-17 13:28:08','2020-03-17 13:28:08','7f14910c-0cff-40d1-b416-6b672a623d00'),(155,NULL,'app','m190823_020339_optional_draft_creators','2020-03-17 13:28:08','2020-03-17 13:28:08','2020-03-17 13:28:08','66699c42-100f-412e-a3a3-d2ef5c4b51c8'),(156,NULL,'app','m190913_152146_update_preview_targets','2020-03-17 13:28:08','2020-03-17 13:28:08','2020-03-17 13:28:08','d48949f9-79ff-4bb6-a512-8116f7b51f86'),(157,NULL,'app','m191107_122000_add_gql_project_config_support','2020-03-17 13:28:08','2020-03-17 13:28:08','2020-03-17 13:28:08','cfb6f54d-45af-4dcc-9c80-cf90aafcf40f'),(158,NULL,'app','m191204_085100_pack_savable_component_settings','2020-03-17 13:28:08','2020-03-17 13:28:08','2020-03-17 13:28:08','05d5477b-01a3-48c2-951f-9d1561482c31'),(159,NULL,'app','m191206_001148_change_tracking','2020-03-17 13:28:08','2020-03-17 13:28:08','2020-03-17 13:28:08','ae58056b-8148-4b7c-b11c-7040674d1f3e'),(160,NULL,'app','m191216_191635_asset_upload_tracking','2020-03-17 13:28:08','2020-03-17 13:28:08','2020-03-17 13:28:08','5509e9ce-729f-4a5f-acbf-7c4c46966167'),(161,NULL,'app','m191222_002848_peer_asset_permissions','2020-03-17 13:28:08','2020-03-17 13:28:08','2020-03-17 13:28:08','3ab58345-7691-4df7-936e-1eaa01326994'),(162,NULL,'app','m200127_172522_queue_channels','2020-03-17 13:28:08','2020-03-17 13:28:08','2020-03-17 13:28:08','f78f8723-2ec9-4f7f-9fb2-02dae434e85b'),(163,NULL,'app','m200211_175048_truncate_element_query_cache','2020-03-17 13:28:08','2020-03-17 13:28:08','2020-03-17 13:28:08','2f5523e6-c527-4cdd-9aef-e5a6f2d259b8'),(164,NULL,'app','m200213_172522_new_elements_index','2020-03-17 13:28:08','2020-03-17 13:28:08','2020-03-17 13:28:08','766c647b-ff2a-45a2-8d5d-f660054e7d8e'),(165,NULL,'app','m200228_195211_long_deprecation_messages','2020-03-17 13:28:08','2020-03-17 13:28:08','2020-03-17 13:28:08','eb309614-e544-4616-8045-baf2d5536649'),(166,2,'plugin','Install','2020-03-17 13:30:40','2020-03-17 13:30:40','2020-03-17 13:30:40','edebad69-0b89-4304-8ecd-e12f12775ece'),(167,2,'plugin','m180906_152947_add_site_id_to_redirects','2020-03-17 13:30:40','2020-03-17 13:30:40','2020-03-17 13:30:40','0d76d508-e4ff-4580-b03c-af0288779757'),(168,2,'plugin','m190114_152300_upgrade_to_new_data_format','2020-03-17 13:30:40','2020-03-17 13:30:40','2020-03-17 13:30:40','80fb14ea-8e99-459a-94b4-08fa3bd5856d'),(169,7,'plugin','Install','2020-03-17 13:36:19','2020-03-17 13:36:19','2020-03-17 13:36:19','10846521-6df8-4d10-b13c-c13291754b06'),(170,7,'plugin','m190128_183303_include_project_config','2020-03-17 13:36:19','2020-03-17 13:36:19','2020-03-17 13:36:19','3d943d66-3349-4f13-b788-2d757ca0acb3'),(171,8,'plugin','m180430_204710_remove_old_plugins','2020-03-17 13:37:30','2020-03-17 13:37:30','2020-03-17 13:37:30','75ef7d09-455d-4870-a6aa-391cdb066417'),(172,8,'plugin','Install','2020-03-17 13:37:30','2020-03-17 13:37:30','2020-03-17 13:37:30','fea3073d-790e-4708-bfe3-997a736d389a'),(173,8,'plugin','m190225_003922_split_cleanup_html_settings','2020-03-17 13:37:30','2020-03-17 13:37:30','2020-03-17 13:37:30','4b942c04-243f-4441-a3b8-caff9eb8fa75'),(174,11,'plugin','Install','2020-03-19 11:32:36','2020-03-19 11:32:36','2020-03-19 11:32:36','8450aca0-4010-4836-8202-bc6179710d59'),(175,11,'plugin','m180210_000000_migrate_content_tables','2020-03-19 11:32:36','2020-03-19 11:32:36','2020-03-19 11:32:36','72f08b8d-7723-4f7f-a14a-2c80ecd031b5'),(176,11,'plugin','m180211_000000_type_columns','2020-03-19 11:32:36','2020-03-19 11:32:36','2020-03-19 11:32:36','f46e4330-5482-40eb-a746-0b1c60f8cfbf'),(177,11,'plugin','m180219_000000_sites','2020-03-19 11:32:36','2020-03-19 11:32:36','2020-03-19 11:32:36','c8d975f4-e82c-4185-b2c2-e5f13ac85642'),(178,11,'plugin','m180220_000000_fix_context','2020-03-19 11:32:36','2020-03-19 11:32:36','2020-03-19 11:32:36','6d455b42-e9e9-4fae-9543-d6736e8fe964'),(179,11,'plugin','m190117_000000_soft_deletes','2020-03-19 11:32:36','2020-03-19 11:32:36','2020-03-19 11:32:36','4a587c2d-b00d-46a1-bae6-857331855c43'),(180,11,'plugin','m190117_000001_context_to_uids','2020-03-19 11:32:36','2020-03-19 11:32:36','2020-03-19 11:32:36','5175df98-bf68-432f-958d-f651d3eaf8df'),(181,11,'plugin','m190120_000000_fix_supertablecontent_tables','2020-03-19 11:32:36','2020-03-19 11:32:36','2020-03-19 11:32:36','49f46190-e73e-49ae-ae8b-f4907f2d2a8f'),(182,11,'plugin','m190131_000000_fix_supertable_missing_fields','2020-03-19 11:32:36','2020-03-19 11:32:36','2020-03-19 11:32:36','b724de36-9b09-4675-9176-b5e29c89bfa0'),(183,11,'plugin','m190227_100000_fix_project_config','2020-03-19 11:32:36','2020-03-19 11:32:36','2020-03-19 11:32:36','cab783d7-98c5-4f13-8784-846f607e53b9'),(184,11,'plugin','m190511_100000_fix_project_config','2020-03-19 11:32:36','2020-03-19 11:32:36','2020-03-19 11:32:36','85ed4eac-a850-4d5f-a799-482aa67f972d'),(185,11,'plugin','m190520_000000_fix_project_config','2020-03-19 11:32:36','2020-03-19 11:32:36','2020-03-19 11:32:36','3c335261-e603-4068-a2d5-25ca03228451'),(186,11,'plugin','m190714_000000_propagation_method','2020-03-19 11:32:36','2020-03-19 11:32:36','2020-03-19 11:32:36','f0b6e22f-0a7e-47e5-a427-020894e76f68'),(187,11,'plugin','m191127_000000_fix_width','2020-03-19 11:32:36','2020-03-19 11:32:36','2020-03-19 11:32:36','2731c8cd-95e2-4f39-a5ab-1d673d2867e2');
/*!40000 ALTER TABLE `migrations` ENABLE KEYS */;
UNLOCK TABLES;
commit;

--
-- Dumping data for table `plugins`
--

LOCK TABLES `plugins` WRITE;
/*!40000 ALTER TABLE `plugins` DISABLE KEYS */;
set autocommit=0;
INSERT INTO `plugins` VALUES (1,'imager','v2.4.0','2.0.0','unknown',NULL,'2020-03-17 13:29:40','2020-03-17 13:29:40','2020-04-12 19:01:20','a4ac55fe-e376-4063-b679-f4a4a24ecff5'),(2,'seo','3.6.3','3.1.0','unknown',NULL,'2020-03-17 13:30:40','2020-03-17 13:30:40','2020-04-12 19:01:20','6b29d5bf-eff0-4f09-989b-c4ef20d74787'),(3,'typedlinkfield','1.0.20','1.0.0','unknown',NULL,'2020-03-17 13:31:29','2020-03-17 13:31:29','2020-04-12 19:01:20','15652d42-20b8-49fa-9605-55ed393355f7'),(4,'splash','3.0.5','3.0.0','unknown',NULL,'2020-03-17 13:32:14','2020-03-17 13:32:14','2020-04-12 19:01:20','caeb386e-f44e-4704-b38a-dee11a09ce98'),(5,'eager-beaver','1.0.4','1.0.0','unknown',NULL,'2020-03-17 13:34:13','2020-03-17 13:34:13','2020-04-12 19:01:20','bb756450-16c0-4627-bee2-78ba880d682f'),(6,'smith','1.1.1','1.0.0','unknown',NULL,'2020-03-17 13:35:07','2020-03-17 13:35:07','2020-04-12 19:01:20','aec37f70-7a63-4544-a0e4-ad8853686f2b'),(7,'relabel','1.3.4','1.1.0','unknown',NULL,'2020-03-17 13:36:19','2020-03-17 13:36:19','2020-04-12 19:01:20','066bea70-c899-4362-9b26-a29fd51799a1'),(8,'redactor','2.6.1','2.3.0','unknown',NULL,'2020-03-17 13:37:30','2020-03-17 13:37:30','2020-04-12 19:01:20','b38af21f-4409-4c3b-a782-9be082c01f80'),(9,'matrixmate','1.2.5','1.0.0','unknown',NULL,'2020-03-17 13:38:22','2020-03-17 13:38:22','2020-04-12 19:01:20','c58cbd45-c3da-4ec2-a5e8-0fe7a48e7df5'),(10,'read-time','1.6.0','1.0.0','unknown',NULL,'2020-03-19 11:32:35','2020-03-19 11:32:35','2020-04-12 19:01:20','1ca76a60-a881-490c-8a4b-5ef7084b2103'),(11,'super-table','2.4.6','2.2.1','unknown',NULL,'2020-03-19 11:32:35','2020-03-19 11:32:35','2020-04-12 19:01:20','b076d1bd-3029-461a-be2c-7556b5d4936e'),(12,'element-api','2.6.0','1.0.0','unknown',NULL,'2020-03-29 17:02:33','2020-03-29 17:02:33','2020-04-12 19:01:20','4c7de1ad-a928-40ec-9914-534b7cd69b8a');
/*!40000 ALTER TABLE `plugins` ENABLE KEYS */;
UNLOCK TABLES;
commit;

--
-- Dumping data for table `projectconfig`
--

LOCK TABLES `projectconfig` WRITE;
/*!40000 ALTER TABLE `projectconfig` DISABLE KEYS */;
set autocommit=0;
INSERT INTO `projectconfig` VALUES ('categoryGroups.b95bb343-4e19-404d-bcec-952a2d7ab08e.handle','\"blogCategories\"'),('categoryGroups.b95bb343-4e19-404d-bcec-952a2d7ab08e.name','\"Blog Categories\"'),('categoryGroups.b95bb343-4e19-404d-bcec-952a2d7ab08e.siteSettings.8d2ceaf6-270f-4376-a57e-b67d74fe3518.hasUrls','false'),('categoryGroups.b95bb343-4e19-404d-bcec-952a2d7ab08e.siteSettings.8d2ceaf6-270f-4376-a57e-b67d74fe3518.template','null'),('categoryGroups.b95bb343-4e19-404d-bcec-952a2d7ab08e.siteSettings.8d2ceaf6-270f-4376-a57e-b67d74fe3518.uriFormat','null'),('categoryGroups.b95bb343-4e19-404d-bcec-952a2d7ab08e.structure.maxLevels','1'),('categoryGroups.b95bb343-4e19-404d-bcec-952a2d7ab08e.structure.uid','\"4840e233-1f3e-4981-8ccb-e85548acf8c9\"'),('dateModified','1585837253'),('email.fromEmail','\"$SYSTEM_EMAIL\"'),('email.fromName','\"$SENDER_NAME\"'),('email.replyToEmail','\"$REPLY_TO_EMAIL\"'),('email.template','null'),('email.transportSettings.encryptionMethod','\"tls\"'),('email.transportSettings.host','\"$GMAIL_HOSTNAME\"'),('email.transportSettings.password','\"$GMAIL_PASSWORD\"'),('email.transportSettings.port','\"$GMAIL_PORT\"'),('email.transportSettings.timeout','\"10\"'),('email.transportSettings.useAuthentication','\"1\"'),('email.transportSettings.username','\"$GMAIL_USERNAME\"'),('email.transportType','\"craft\\\\mail\\\\transportadapters\\\\Smtp\"'),('fieldGroups.225c7f29-a1ba-4281-a207-621cab6d37b7.name','\"Common\"'),('fieldGroups.451b931d-873f-460e-8d38-e836680cfe09.name','\"Organization\"'),('fieldGroups.9b600c44-8637-4f65-897a-d3dfa375f14b.name','\"Form\"'),('fieldGroups.c4451265-86dd-4e29-8607-338f8dff61d4.name','\"Global\"'),('fields.076e5aa3-2dc5-45c2-9f27-22086feb220d.contentColumnType','\"string\"'),('fields.076e5aa3-2dc5-45c2-9f27-22086feb220d.fieldGroup','\"451b931d-873f-460e-8d38-e836680cfe09\"'),('fields.076e5aa3-2dc5-45c2-9f27-22086feb220d.handle','\"termsAndConditionsPage\"'),('fields.076e5aa3-2dc5-45c2-9f27-22086feb220d.instructions','\"\"'),('fields.076e5aa3-2dc5-45c2-9f27-22086feb220d.name','\"Terms and Conditions Page\"'),('fields.076e5aa3-2dc5-45c2-9f27-22086feb220d.searchable','false'),('fields.076e5aa3-2dc5-45c2-9f27-22086feb220d.settings.limit','\"1\"'),('fields.076e5aa3-2dc5-45c2-9f27-22086feb220d.settings.localizeRelations','false'),('fields.076e5aa3-2dc5-45c2-9f27-22086feb220d.settings.selectionLabel','\"Link Terms and Conditions Page\"'),('fields.076e5aa3-2dc5-45c2-9f27-22086feb220d.settings.source','null'),('fields.076e5aa3-2dc5-45c2-9f27-22086feb220d.settings.sources.0','\"section:cefc4625-a115-4b71-b22d-5f6784b3aada\"'),('fields.076e5aa3-2dc5-45c2-9f27-22086feb220d.settings.targetSiteId','null'),('fields.076e5aa3-2dc5-45c2-9f27-22086feb220d.settings.validateRelatedElements','\"1\"'),('fields.076e5aa3-2dc5-45c2-9f27-22086feb220d.settings.viewMode','null'),('fields.076e5aa3-2dc5-45c2-9f27-22086feb220d.translationKeyFormat','null'),('fields.076e5aa3-2dc5-45c2-9f27-22086feb220d.translationMethod','\"site\"'),('fields.076e5aa3-2dc5-45c2-9f27-22086feb220d.type','\"craft\\\\fields\\\\Entries\"'),('fields.0b71f571-ae1d-4b03-85f6-b6bb4acbb430.contentColumnType','\"string(255)\"'),('fields.0b71f571-ae1d-4b03-85f6-b6bb4acbb430.fieldGroup','\"451b931d-873f-460e-8d38-e836680cfe09\"'),('fields.0b71f571-ae1d-4b03-85f6-b6bb4acbb430.handle','\"facebookUrl\"'),('fields.0b71f571-ae1d-4b03-85f6-b6bb4acbb430.instructions','\"\"'),('fields.0b71f571-ae1d-4b03-85f6-b6bb4acbb430.name','\"Facebook URL\"'),('fields.0b71f571-ae1d-4b03-85f6-b6bb4acbb430.searchable','false'),('fields.0b71f571-ae1d-4b03-85f6-b6bb4acbb430.settings.maxLength','\"255\"'),('fields.0b71f571-ae1d-4b03-85f6-b6bb4acbb430.settings.placeholder','\"\"'),('fields.0b71f571-ae1d-4b03-85f6-b6bb4acbb430.translationKeyFormat','null'),('fields.0b71f571-ae1d-4b03-85f6-b6bb4acbb430.translationMethod','\"none\"'),('fields.0b71f571-ae1d-4b03-85f6-b6bb4acbb430.type','\"craft\\\\fields\\\\Url\"'),('fields.0f860c17-f79b-48b7-8d1f-15243ef39303.contentColumnType','\"string(255)\"'),('fields.0f860c17-f79b-48b7-8d1f-15243ef39303.fieldGroup','\"451b931d-873f-460e-8d38-e836680cfe09\"'),('fields.0f860c17-f79b-48b7-8d1f-15243ef39303.handle','\"linkedinUrl\"'),('fields.0f860c17-f79b-48b7-8d1f-15243ef39303.instructions','\"\"'),('fields.0f860c17-f79b-48b7-8d1f-15243ef39303.name','\"LinkedIn URL\"'),('fields.0f860c17-f79b-48b7-8d1f-15243ef39303.searchable','false'),('fields.0f860c17-f79b-48b7-8d1f-15243ef39303.settings.maxLength','\"255\"'),('fields.0f860c17-f79b-48b7-8d1f-15243ef39303.settings.placeholder','\"\"'),('fields.0f860c17-f79b-48b7-8d1f-15243ef39303.translationKeyFormat','null'),('fields.0f860c17-f79b-48b7-8d1f-15243ef39303.translationMethod','\"none\"'),('fields.0f860c17-f79b-48b7-8d1f-15243ef39303.type','\"craft\\\\fields\\\\Url\"'),('fields.1eb0ac2f-150c-4071-b0a0-cdbc98ace82e.contentColumnType','\"string\"'),('fields.1eb0ac2f-150c-4071-b0a0-cdbc98ace82e.fieldGroup','\"225c7f29-a1ba-4281-a207-621cab6d37b7\"'),('fields.1eb0ac2f-150c-4071-b0a0-cdbc98ace82e.handle','\"contentBuilder\"'),('fields.1eb0ac2f-150c-4071-b0a0-cdbc98ace82e.instructions','\"\"'),('fields.1eb0ac2f-150c-4071-b0a0-cdbc98ace82e.name','\"Content Builder\"'),('fields.1eb0ac2f-150c-4071-b0a0-cdbc98ace82e.searchable','true'),('fields.1eb0ac2f-150c-4071-b0a0-cdbc98ace82e.settings.contentTable','\"{{%matrixcontent_contentbuilder}}\"'),('fields.1eb0ac2f-150c-4071-b0a0-cdbc98ace82e.settings.maxBlocks','\"\"'),('fields.1eb0ac2f-150c-4071-b0a0-cdbc98ace82e.settings.minBlocks','\"1\"'),('fields.1eb0ac2f-150c-4071-b0a0-cdbc98ace82e.settings.propagationMethod','\"all\"'),('fields.1eb0ac2f-150c-4071-b0a0-cdbc98ace82e.translationKeyFormat','null'),('fields.1eb0ac2f-150c-4071-b0a0-cdbc98ace82e.translationMethod','\"site\"'),('fields.1eb0ac2f-150c-4071-b0a0-cdbc98ace82e.type','\"craft\\\\fields\\\\Matrix\"'),('fields.26b75c67-742d-41d4-94c0-cbbf13985a33.contentColumnType','\"string(255)\"'),('fields.26b75c67-742d-41d4-94c0-cbbf13985a33.fieldGroup','\"451b931d-873f-460e-8d38-e836680cfe09\"'),('fields.26b75c67-742d-41d4-94c0-cbbf13985a33.handle','\"youtubeUrl\"'),('fields.26b75c67-742d-41d4-94c0-cbbf13985a33.instructions','\"\"'),('fields.26b75c67-742d-41d4-94c0-cbbf13985a33.name','\"YouTube URL\"'),('fields.26b75c67-742d-41d4-94c0-cbbf13985a33.searchable','false'),('fields.26b75c67-742d-41d4-94c0-cbbf13985a33.settings.maxLength','\"255\"'),('fields.26b75c67-742d-41d4-94c0-cbbf13985a33.settings.placeholder','\"\"'),('fields.26b75c67-742d-41d4-94c0-cbbf13985a33.translationKeyFormat','null'),('fields.26b75c67-742d-41d4-94c0-cbbf13985a33.translationMethod','\"none\"'),('fields.26b75c67-742d-41d4-94c0-cbbf13985a33.type','\"craft\\\\fields\\\\Url\"'),('fields.27eb5f6d-5e7b-4401-a20a-5259596e045a.contentColumnType','\"text\"'),('fields.27eb5f6d-5e7b-4401-a20a-5259596e045a.fieldGroup','\"225c7f29-a1ba-4281-a207-621cab6d37b7\"'),('fields.27eb5f6d-5e7b-4401-a20a-5259596e045a.handle','\"navigationLink\"'),('fields.27eb5f6d-5e7b-4401-a20a-5259596e045a.instructions','\"\"'),('fields.27eb5f6d-5e7b-4401-a20a-5259596e045a.name','\"Navigation Link\"'),('fields.27eb5f6d-5e7b-4401-a20a-5259596e045a.searchable','false'),('fields.27eb5f6d-5e7b-4401-a20a-5259596e045a.settings.allowCustomText','\"\"'),('fields.27eb5f6d-5e7b-4401-a20a-5259596e045a.settings.allowedLinkNames.3','\"entry\"'),('fields.27eb5f6d-5e7b-4401-a20a-5259596e045a.settings.allowedLinkNames.6','\"custom\"'),('fields.27eb5f6d-5e7b-4401-a20a-5259596e045a.settings.allowedLinkNames.7','\"email\"'),('fields.27eb5f6d-5e7b-4401-a20a-5259596e045a.settings.allowedLinkNames.8','\"tel\"'),('fields.27eb5f6d-5e7b-4401-a20a-5259596e045a.settings.allowTarget','\"\"'),('fields.27eb5f6d-5e7b-4401-a20a-5259596e045a.settings.autoNoReferrer','\"\"'),('fields.27eb5f6d-5e7b-4401-a20a-5259596e045a.settings.defaultLinkName','\"entry\"'),('fields.27eb5f6d-5e7b-4401-a20a-5259596e045a.settings.defaultText','\"\"'),('fields.27eb5f6d-5e7b-4401-a20a-5259596e045a.settings.enableAriaLabel','\"\"'),('fields.27eb5f6d-5e7b-4401-a20a-5259596e045a.settings.enableTitle','\"\"'),('fields.27eb5f6d-5e7b-4401-a20a-5259596e045a.settings.typeSettings.__assoc__.0.0','\"asset\"'),('fields.27eb5f6d-5e7b-4401-a20a-5259596e045a.settings.typeSettings.__assoc__.0.1.__assoc__.0.0','\"sources\"'),('fields.27eb5f6d-5e7b-4401-a20a-5259596e045a.settings.typeSettings.__assoc__.0.1.__assoc__.0.1','\"*\"'),('fields.27eb5f6d-5e7b-4401-a20a-5259596e045a.settings.typeSettings.__assoc__.0.1.__assoc__.1.0','\"allowCustomQuery\"'),('fields.27eb5f6d-5e7b-4401-a20a-5259596e045a.settings.typeSettings.__assoc__.0.1.__assoc__.1.1','\"\"'),('fields.27eb5f6d-5e7b-4401-a20a-5259596e045a.settings.typeSettings.__assoc__.1.0','\"category\"'),('fields.27eb5f6d-5e7b-4401-a20a-5259596e045a.settings.typeSettings.__assoc__.1.1.__assoc__.0.0','\"sources\"'),('fields.27eb5f6d-5e7b-4401-a20a-5259596e045a.settings.typeSettings.__assoc__.1.1.__assoc__.0.1','\"*\"'),('fields.27eb5f6d-5e7b-4401-a20a-5259596e045a.settings.typeSettings.__assoc__.1.1.__assoc__.1.0','\"allowCustomQuery\"'),('fields.27eb5f6d-5e7b-4401-a20a-5259596e045a.settings.typeSettings.__assoc__.1.1.__assoc__.1.1','\"\"'),('fields.27eb5f6d-5e7b-4401-a20a-5259596e045a.settings.typeSettings.__assoc__.2.0','\"entry\"'),('fields.27eb5f6d-5e7b-4401-a20a-5259596e045a.settings.typeSettings.__assoc__.2.1.__assoc__.0.0','\"sources\"'),('fields.27eb5f6d-5e7b-4401-a20a-5259596e045a.settings.typeSettings.__assoc__.2.1.__assoc__.0.1.0','\"singles\"'),('fields.27eb5f6d-5e7b-4401-a20a-5259596e045a.settings.typeSettings.__assoc__.2.1.__assoc__.0.1.1','\"section:2f1f0ea0-4b22-4e9d-bb51-9e1e32a94cba\"'),('fields.27eb5f6d-5e7b-4401-a20a-5259596e045a.settings.typeSettings.__assoc__.2.1.__assoc__.0.1.2','\"section:cefc4625-a115-4b71-b22d-5f6784b3aada\"'),('fields.27eb5f6d-5e7b-4401-a20a-5259596e045a.settings.typeSettings.__assoc__.2.1.__assoc__.1.0','\"allowCustomQuery\"'),('fields.27eb5f6d-5e7b-4401-a20a-5259596e045a.settings.typeSettings.__assoc__.2.1.__assoc__.1.1','\"\"'),('fields.27eb5f6d-5e7b-4401-a20a-5259596e045a.settings.typeSettings.__assoc__.3.0','\"site\"'),('fields.27eb5f6d-5e7b-4401-a20a-5259596e045a.settings.typeSettings.__assoc__.3.1.__assoc__.0.0','\"sites\"'),('fields.27eb5f6d-5e7b-4401-a20a-5259596e045a.settings.typeSettings.__assoc__.3.1.__assoc__.0.1','\"*\"'),('fields.27eb5f6d-5e7b-4401-a20a-5259596e045a.settings.typeSettings.__assoc__.4.0','\"user\"'),('fields.27eb5f6d-5e7b-4401-a20a-5259596e045a.settings.typeSettings.__assoc__.4.1.__assoc__.0.0','\"sources\"'),('fields.27eb5f6d-5e7b-4401-a20a-5259596e045a.settings.typeSettings.__assoc__.4.1.__assoc__.0.1','\"*\"'),('fields.27eb5f6d-5e7b-4401-a20a-5259596e045a.settings.typeSettings.__assoc__.4.1.__assoc__.1.0','\"allowCustomQuery\"'),('fields.27eb5f6d-5e7b-4401-a20a-5259596e045a.settings.typeSettings.__assoc__.4.1.__assoc__.1.1','\"\"'),('fields.27eb5f6d-5e7b-4401-a20a-5259596e045a.settings.typeSettings.__assoc__.5.0','\"custom\"'),('fields.27eb5f6d-5e7b-4401-a20a-5259596e045a.settings.typeSettings.__assoc__.5.1.__assoc__.0.0','\"disableValidation\"'),('fields.27eb5f6d-5e7b-4401-a20a-5259596e045a.settings.typeSettings.__assoc__.5.1.__assoc__.0.1','\"\"'),('fields.27eb5f6d-5e7b-4401-a20a-5259596e045a.settings.typeSettings.__assoc__.5.1.__assoc__.1.0','\"allowAliases\"'),('fields.27eb5f6d-5e7b-4401-a20a-5259596e045a.settings.typeSettings.__assoc__.5.1.__assoc__.1.1','\"\"'),('fields.27eb5f6d-5e7b-4401-a20a-5259596e045a.settings.typeSettings.__assoc__.6.0','\"email\"'),('fields.27eb5f6d-5e7b-4401-a20a-5259596e045a.settings.typeSettings.__assoc__.6.1.__assoc__.0.0','\"disableValidation\"'),('fields.27eb5f6d-5e7b-4401-a20a-5259596e045a.settings.typeSettings.__assoc__.6.1.__assoc__.0.1','\"\"'),('fields.27eb5f6d-5e7b-4401-a20a-5259596e045a.settings.typeSettings.__assoc__.6.1.__assoc__.1.0','\"allowAliases\"'),('fields.27eb5f6d-5e7b-4401-a20a-5259596e045a.settings.typeSettings.__assoc__.6.1.__assoc__.1.1','\"\"'),('fields.27eb5f6d-5e7b-4401-a20a-5259596e045a.settings.typeSettings.__assoc__.7.0','\"tel\"'),('fields.27eb5f6d-5e7b-4401-a20a-5259596e045a.settings.typeSettings.__assoc__.7.1.__assoc__.0.0','\"disableValidation\"'),('fields.27eb5f6d-5e7b-4401-a20a-5259596e045a.settings.typeSettings.__assoc__.7.1.__assoc__.0.1','\"\"'),('fields.27eb5f6d-5e7b-4401-a20a-5259596e045a.settings.typeSettings.__assoc__.7.1.__assoc__.1.0','\"allowAliases\"'),('fields.27eb5f6d-5e7b-4401-a20a-5259596e045a.settings.typeSettings.__assoc__.7.1.__assoc__.1.1','\"\"'),('fields.27eb5f6d-5e7b-4401-a20a-5259596e045a.settings.typeSettings.__assoc__.8.0','\"url\"'),('fields.27eb5f6d-5e7b-4401-a20a-5259596e045a.settings.typeSettings.__assoc__.8.1.__assoc__.0.0','\"disableValidation\"'),('fields.27eb5f6d-5e7b-4401-a20a-5259596e045a.settings.typeSettings.__assoc__.8.1.__assoc__.0.1','\"\"'),('fields.27eb5f6d-5e7b-4401-a20a-5259596e045a.settings.typeSettings.__assoc__.8.1.__assoc__.1.0','\"allowAliases\"'),('fields.27eb5f6d-5e7b-4401-a20a-5259596e045a.settings.typeSettings.__assoc__.8.1.__assoc__.1.1','\"\"'),('fields.27eb5f6d-5e7b-4401-a20a-5259596e045a.translationKeyFormat','null'),('fields.27eb5f6d-5e7b-4401-a20a-5259596e045a.translationMethod','\"none\"'),('fields.27eb5f6d-5e7b-4401-a20a-5259596e045a.type','\"typedlinkfield\\\\fields\\\\LinkField\"'),('fields.2e2cf186-585b-46ee-a435-b3a1737847ca.contentColumnType','\"text\"'),('fields.2e2cf186-585b-46ee-a435-b3a1737847ca.fieldGroup','\"c4451265-86dd-4e29-8607-338f8dff61d4\"'),('fields.2e2cf186-585b-46ee-a435-b3a1737847ca.handle','\"text1\"'),('fields.2e2cf186-585b-46ee-a435-b3a1737847ca.instructions','\"\"'),('fields.2e2cf186-585b-46ee-a435-b3a1737847ca.name','\"Text 1\"'),('fields.2e2cf186-585b-46ee-a435-b3a1737847ca.searchable','true'),('fields.2e2cf186-585b-46ee-a435-b3a1737847ca.settings.byteLimit','null'),('fields.2e2cf186-585b-46ee-a435-b3a1737847ca.settings.charLimit','null'),('fields.2e2cf186-585b-46ee-a435-b3a1737847ca.settings.code','\"\"'),('fields.2e2cf186-585b-46ee-a435-b3a1737847ca.settings.columnType','null'),('fields.2e2cf186-585b-46ee-a435-b3a1737847ca.settings.initialRows','\"4\"'),('fields.2e2cf186-585b-46ee-a435-b3a1737847ca.settings.multiline','\"\"'),('fields.2e2cf186-585b-46ee-a435-b3a1737847ca.settings.placeholder','\"\"'),('fields.2e2cf186-585b-46ee-a435-b3a1737847ca.translationKeyFormat','null'),('fields.2e2cf186-585b-46ee-a435-b3a1737847ca.translationMethod','\"none\"'),('fields.2e2cf186-585b-46ee-a435-b3a1737847ca.type','\"craft\\\\fields\\\\PlainText\"'),('fields.30cd9bf0-cc40-4149-ab16-af53a8c72449.contentColumnType','\"string(255)\"'),('fields.30cd9bf0-cc40-4149-ab16-af53a8c72449.fieldGroup','\"451b931d-873f-460e-8d38-e836680cfe09\"'),('fields.30cd9bf0-cc40-4149-ab16-af53a8c72449.handle','\"tumblrUrl\"'),('fields.30cd9bf0-cc40-4149-ab16-af53a8c72449.instructions','\"\"'),('fields.30cd9bf0-cc40-4149-ab16-af53a8c72449.name','\"Tumblr URL\"'),('fields.30cd9bf0-cc40-4149-ab16-af53a8c72449.searchable','false'),('fields.30cd9bf0-cc40-4149-ab16-af53a8c72449.settings.maxLength','\"255\"'),('fields.30cd9bf0-cc40-4149-ab16-af53a8c72449.settings.placeholder','\"\"'),('fields.30cd9bf0-cc40-4149-ab16-af53a8c72449.translationKeyFormat','null'),('fields.30cd9bf0-cc40-4149-ab16-af53a8c72449.translationMethod','\"none\"'),('fields.30cd9bf0-cc40-4149-ab16-af53a8c72449.type','\"craft\\\\fields\\\\Url\"'),('fields.4e119a0c-5a69-4b77-9f74-ca2f857374ff.contentColumnType','\"text\"'),('fields.4e119a0c-5a69-4b77-9f74-ca2f857374ff.fieldGroup','\"451b931d-873f-460e-8d38-e836680cfe09\"'),('fields.4e119a0c-5a69-4b77-9f74-ca2f857374ff.handle','\"organizationName\"'),('fields.4e119a0c-5a69-4b77-9f74-ca2f857374ff.instructions','\"\"'),('fields.4e119a0c-5a69-4b77-9f74-ca2f857374ff.name','\"Organization Name\"'),('fields.4e119a0c-5a69-4b77-9f74-ca2f857374ff.searchable','false'),('fields.4e119a0c-5a69-4b77-9f74-ca2f857374ff.settings.byteLimit','null'),('fields.4e119a0c-5a69-4b77-9f74-ca2f857374ff.settings.charLimit','null'),('fields.4e119a0c-5a69-4b77-9f74-ca2f857374ff.settings.code','\"\"'),('fields.4e119a0c-5a69-4b77-9f74-ca2f857374ff.settings.columnType','null'),('fields.4e119a0c-5a69-4b77-9f74-ca2f857374ff.settings.initialRows','\"4\"'),('fields.4e119a0c-5a69-4b77-9f74-ca2f857374ff.settings.multiline','\"\"'),('fields.4e119a0c-5a69-4b77-9f74-ca2f857374ff.settings.placeholder','\"\"'),('fields.4e119a0c-5a69-4b77-9f74-ca2f857374ff.translationKeyFormat','null'),('fields.4e119a0c-5a69-4b77-9f74-ca2f857374ff.translationMethod','\"none\"'),('fields.4e119a0c-5a69-4b77-9f74-ca2f857374ff.type','\"craft\\\\fields\\\\PlainText\"'),('fields.52566efb-1a8e-4da5-af1d-a3e038558780.contentColumnType','\"text\"'),('fields.52566efb-1a8e-4da5-af1d-a3e038558780.fieldGroup','\"9b600c44-8637-4f65-897a-d3dfa375f14b\"'),('fields.52566efb-1a8e-4da5-af1d-a3e038558780.handle','\"submissionData\"'),('fields.52566efb-1a8e-4da5-af1d-a3e038558780.instructions','\"\"'),('fields.52566efb-1a8e-4da5-af1d-a3e038558780.name','\"Submission Data\"'),('fields.52566efb-1a8e-4da5-af1d-a3e038558780.searchable','true'),('fields.52566efb-1a8e-4da5-af1d-a3e038558780.settings.availableTransforms','\"*\"'),('fields.52566efb-1a8e-4da5-af1d-a3e038558780.settings.availableVolumes','\"\"'),('fields.52566efb-1a8e-4da5-af1d-a3e038558780.settings.cleanupHtml','true'),('fields.52566efb-1a8e-4da5-af1d-a3e038558780.settings.columnType','\"text\"'),('fields.52566efb-1a8e-4da5-af1d-a3e038558780.settings.purifierConfig','\"\"'),('fields.52566efb-1a8e-4da5-af1d-a3e038558780.settings.purifyHtml','\"1\"'),('fields.52566efb-1a8e-4da5-af1d-a3e038558780.settings.redactorConfig','\"NoOp.json\"'),('fields.52566efb-1a8e-4da5-af1d-a3e038558780.settings.removeEmptyTags','\"1\"'),('fields.52566efb-1a8e-4da5-af1d-a3e038558780.settings.removeInlineStyles','\"1\"'),('fields.52566efb-1a8e-4da5-af1d-a3e038558780.settings.removeNbsp','\"1\"'),('fields.52566efb-1a8e-4da5-af1d-a3e038558780.settings.showUnpermittedFiles','false'),('fields.52566efb-1a8e-4da5-af1d-a3e038558780.settings.showUnpermittedVolumes','false'),('fields.52566efb-1a8e-4da5-af1d-a3e038558780.translationKeyFormat','null'),('fields.52566efb-1a8e-4da5-af1d-a3e038558780.translationMethod','\"none\"'),('fields.52566efb-1a8e-4da5-af1d-a3e038558780.type','\"craft\\\\redactor\\\\Field\"'),('fields.6d0a70db-0951-40b4-9be4-1fa67bc2d9a4.contentColumnType','\"boolean\"'),('fields.6d0a70db-0951-40b4-9be4-1fa67bc2d9a4.fieldGroup','\"225c7f29-a1ba-4281-a207-621cab6d37b7\"'),('fields.6d0a70db-0951-40b4-9be4-1fa67bc2d9a4.handle','\"requireLogin\"'),('fields.6d0a70db-0951-40b4-9be4-1fa67bc2d9a4.instructions','\"When enabled the user will need to be logged in to see this page or any of the child pages.\"'),('fields.6d0a70db-0951-40b4-9be4-1fa67bc2d9a4.name','\"Require Login\"'),('fields.6d0a70db-0951-40b4-9be4-1fa67bc2d9a4.searchable','false'),('fields.6d0a70db-0951-40b4-9be4-1fa67bc2d9a4.settings.default','\"\"'),('fields.6d0a70db-0951-40b4-9be4-1fa67bc2d9a4.translationKeyFormat','null'),('fields.6d0a70db-0951-40b4-9be4-1fa67bc2d9a4.translationMethod','\"none\"'),('fields.6d0a70db-0951-40b4-9be4-1fa67bc2d9a4.type','\"craft\\\\fields\\\\Lightswitch\"'),('fields.7a0e5822-9917-4e3f-9da1-8b3368bbec1f.contentColumnType','\"string(255)\"'),('fields.7a0e5822-9917-4e3f-9da1-8b3368bbec1f.fieldGroup','\"451b931d-873f-460e-8d38-e836680cfe09\"'),('fields.7a0e5822-9917-4e3f-9da1-8b3368bbec1f.handle','\"instagramUrl\"'),('fields.7a0e5822-9917-4e3f-9da1-8b3368bbec1f.instructions','\"\"'),('fields.7a0e5822-9917-4e3f-9da1-8b3368bbec1f.name','\"Instagram URL\"'),('fields.7a0e5822-9917-4e3f-9da1-8b3368bbec1f.searchable','false'),('fields.7a0e5822-9917-4e3f-9da1-8b3368bbec1f.settings.maxLength','\"255\"'),('fields.7a0e5822-9917-4e3f-9da1-8b3368bbec1f.settings.placeholder','\"\"'),('fields.7a0e5822-9917-4e3f-9da1-8b3368bbec1f.translationKeyFormat','null'),('fields.7a0e5822-9917-4e3f-9da1-8b3368bbec1f.translationMethod','\"none\"'),('fields.7a0e5822-9917-4e3f-9da1-8b3368bbec1f.type','\"craft\\\\fields\\\\Url\"'),('fields.81a96522-33ab-4162-a188-88892876a535.contentColumnType','\"string(255)\"'),('fields.81a96522-33ab-4162-a188-88892876a535.fieldGroup','\"451b931d-873f-460e-8d38-e836680cfe09\"'),('fields.81a96522-33ab-4162-a188-88892876a535.handle','\"vimeoUrl\"'),('fields.81a96522-33ab-4162-a188-88892876a535.instructions','\"\"'),('fields.81a96522-33ab-4162-a188-88892876a535.name','\"Vimeo URL\"'),('fields.81a96522-33ab-4162-a188-88892876a535.searchable','false'),('fields.81a96522-33ab-4162-a188-88892876a535.settings.maxLength','\"255\"'),('fields.81a96522-33ab-4162-a188-88892876a535.settings.placeholder','\"\"'),('fields.81a96522-33ab-4162-a188-88892876a535.translationKeyFormat','null'),('fields.81a96522-33ab-4162-a188-88892876a535.translationMethod','\"none\"'),('fields.81a96522-33ab-4162-a188-88892876a535.type','\"craft\\\\fields\\\\Url\"'),('fields.9100be82-1bb3-4d25-b46c-9c05b900ad2b.contentColumnType','\"string\"'),('fields.9100be82-1bb3-4d25-b46c-9c05b900ad2b.fieldGroup','\"451b931d-873f-460e-8d38-e836680cfe09\"'),('fields.9100be82-1bb3-4d25-b46c-9c05b900ad2b.handle','\"privacyPolicyPage\"'),('fields.9100be82-1bb3-4d25-b46c-9c05b900ad2b.instructions','\"\"'),('fields.9100be82-1bb3-4d25-b46c-9c05b900ad2b.name','\"Privacy Policy Page\"'),('fields.9100be82-1bb3-4d25-b46c-9c05b900ad2b.searchable','false'),('fields.9100be82-1bb3-4d25-b46c-9c05b900ad2b.settings.limit','\"1\"'),('fields.9100be82-1bb3-4d25-b46c-9c05b900ad2b.settings.localizeRelations','false'),('fields.9100be82-1bb3-4d25-b46c-9c05b900ad2b.settings.selectionLabel','\"Link Privacy Policy Page\"'),('fields.9100be82-1bb3-4d25-b46c-9c05b900ad2b.settings.source','null'),('fields.9100be82-1bb3-4d25-b46c-9c05b900ad2b.settings.sources.0','\"section:cefc4625-a115-4b71-b22d-5f6784b3aada\"'),('fields.9100be82-1bb3-4d25-b46c-9c05b900ad2b.settings.targetSiteId','null'),('fields.9100be82-1bb3-4d25-b46c-9c05b900ad2b.settings.validateRelatedElements','\"1\"'),('fields.9100be82-1bb3-4d25-b46c-9c05b900ad2b.settings.viewMode','null'),('fields.9100be82-1bb3-4d25-b46c-9c05b900ad2b.translationKeyFormat','null'),('fields.9100be82-1bb3-4d25-b46c-9c05b900ad2b.translationMethod','\"site\"'),('fields.9100be82-1bb3-4d25-b46c-9c05b900ad2b.type','\"craft\\\\fields\\\\Entries\"'),('fields.94809dad-5de7-4ca4-a0eb-094efac3cb99.contentColumnType','\"text\"'),('fields.94809dad-5de7-4ca4-a0eb-094efac3cb99.fieldGroup','\"c4451265-86dd-4e29-8607-338f8dff61d4\"'),('fields.94809dad-5de7-4ca4-a0eb-094efac3cb99.handle','\"link1\"'),('fields.94809dad-5de7-4ca4-a0eb-094efac3cb99.instructions','\"\"'),('fields.94809dad-5de7-4ca4-a0eb-094efac3cb99.name','\"Link 1\"'),('fields.94809dad-5de7-4ca4-a0eb-094efac3cb99.searchable','false'),('fields.94809dad-5de7-4ca4-a0eb-094efac3cb99.settings.allowCustomText','\"1\"'),('fields.94809dad-5de7-4ca4-a0eb-094efac3cb99.settings.allowedLinkNames.3','\"entry\"'),('fields.94809dad-5de7-4ca4-a0eb-094efac3cb99.settings.allowedLinkNames.6','\"custom\"'),('fields.94809dad-5de7-4ca4-a0eb-094efac3cb99.settings.allowedLinkNames.7','\"email\"'),('fields.94809dad-5de7-4ca4-a0eb-094efac3cb99.settings.allowedLinkNames.8','\"tel\"'),('fields.94809dad-5de7-4ca4-a0eb-094efac3cb99.settings.allowTarget','\"1\"'),('fields.94809dad-5de7-4ca4-a0eb-094efac3cb99.settings.autoNoReferrer','\"\"'),('fields.94809dad-5de7-4ca4-a0eb-094efac3cb99.settings.defaultLinkName','\"entry\"'),('fields.94809dad-5de7-4ca4-a0eb-094efac3cb99.settings.defaultText','\"\"'),('fields.94809dad-5de7-4ca4-a0eb-094efac3cb99.settings.enableAriaLabel','\"\"'),('fields.94809dad-5de7-4ca4-a0eb-094efac3cb99.settings.enableTitle','\"\"'),('fields.94809dad-5de7-4ca4-a0eb-094efac3cb99.settings.typeSettings.__assoc__.0.0','\"asset\"'),('fields.94809dad-5de7-4ca4-a0eb-094efac3cb99.settings.typeSettings.__assoc__.0.1.__assoc__.0.0','\"sources\"'),('fields.94809dad-5de7-4ca4-a0eb-094efac3cb99.settings.typeSettings.__assoc__.0.1.__assoc__.0.1','\"*\"'),('fields.94809dad-5de7-4ca4-a0eb-094efac3cb99.settings.typeSettings.__assoc__.0.1.__assoc__.1.0','\"allowCustomQuery\"'),('fields.94809dad-5de7-4ca4-a0eb-094efac3cb99.settings.typeSettings.__assoc__.0.1.__assoc__.1.1','\"\"'),('fields.94809dad-5de7-4ca4-a0eb-094efac3cb99.settings.typeSettings.__assoc__.1.0','\"category\"'),('fields.94809dad-5de7-4ca4-a0eb-094efac3cb99.settings.typeSettings.__assoc__.1.1.__assoc__.0.0','\"sources\"'),('fields.94809dad-5de7-4ca4-a0eb-094efac3cb99.settings.typeSettings.__assoc__.1.1.__assoc__.0.1','\"*\"'),('fields.94809dad-5de7-4ca4-a0eb-094efac3cb99.settings.typeSettings.__assoc__.1.1.__assoc__.1.0','\"allowCustomQuery\"'),('fields.94809dad-5de7-4ca4-a0eb-094efac3cb99.settings.typeSettings.__assoc__.1.1.__assoc__.1.1','\"\"'),('fields.94809dad-5de7-4ca4-a0eb-094efac3cb99.settings.typeSettings.__assoc__.2.0','\"entry\"'),('fields.94809dad-5de7-4ca4-a0eb-094efac3cb99.settings.typeSettings.__assoc__.2.1.__assoc__.0.0','\"sources\"'),('fields.94809dad-5de7-4ca4-a0eb-094efac3cb99.settings.typeSettings.__assoc__.2.1.__assoc__.0.1.0','\"singles\"'),('fields.94809dad-5de7-4ca4-a0eb-094efac3cb99.settings.typeSettings.__assoc__.2.1.__assoc__.0.1.1','\"section:2f1f0ea0-4b22-4e9d-bb51-9e1e32a94cba\"'),('fields.94809dad-5de7-4ca4-a0eb-094efac3cb99.settings.typeSettings.__assoc__.2.1.__assoc__.0.1.2','\"section:cefc4625-a115-4b71-b22d-5f6784b3aada\"'),('fields.94809dad-5de7-4ca4-a0eb-094efac3cb99.settings.typeSettings.__assoc__.2.1.__assoc__.1.0','\"allowCustomQuery\"'),('fields.94809dad-5de7-4ca4-a0eb-094efac3cb99.settings.typeSettings.__assoc__.2.1.__assoc__.1.1','\"\"'),('fields.94809dad-5de7-4ca4-a0eb-094efac3cb99.settings.typeSettings.__assoc__.3.0','\"site\"'),('fields.94809dad-5de7-4ca4-a0eb-094efac3cb99.settings.typeSettings.__assoc__.3.1.__assoc__.0.0','\"sites\"'),('fields.94809dad-5de7-4ca4-a0eb-094efac3cb99.settings.typeSettings.__assoc__.3.1.__assoc__.0.1','\"*\"'),('fields.94809dad-5de7-4ca4-a0eb-094efac3cb99.settings.typeSettings.__assoc__.4.0','\"user\"'),('fields.94809dad-5de7-4ca4-a0eb-094efac3cb99.settings.typeSettings.__assoc__.4.1.__assoc__.0.0','\"sources\"'),('fields.94809dad-5de7-4ca4-a0eb-094efac3cb99.settings.typeSettings.__assoc__.4.1.__assoc__.0.1','\"*\"'),('fields.94809dad-5de7-4ca4-a0eb-094efac3cb99.settings.typeSettings.__assoc__.4.1.__assoc__.1.0','\"allowCustomQuery\"'),('fields.94809dad-5de7-4ca4-a0eb-094efac3cb99.settings.typeSettings.__assoc__.4.1.__assoc__.1.1','\"\"'),('fields.94809dad-5de7-4ca4-a0eb-094efac3cb99.settings.typeSettings.__assoc__.5.0','\"custom\"'),('fields.94809dad-5de7-4ca4-a0eb-094efac3cb99.settings.typeSettings.__assoc__.5.1.__assoc__.0.0','\"disableValidation\"'),('fields.94809dad-5de7-4ca4-a0eb-094efac3cb99.settings.typeSettings.__assoc__.5.1.__assoc__.0.1','\"\"'),('fields.94809dad-5de7-4ca4-a0eb-094efac3cb99.settings.typeSettings.__assoc__.5.1.__assoc__.1.0','\"allowAliases\"'),('fields.94809dad-5de7-4ca4-a0eb-094efac3cb99.settings.typeSettings.__assoc__.5.1.__assoc__.1.1','\"\"'),('fields.94809dad-5de7-4ca4-a0eb-094efac3cb99.settings.typeSettings.__assoc__.6.0','\"email\"'),('fields.94809dad-5de7-4ca4-a0eb-094efac3cb99.settings.typeSettings.__assoc__.6.1.__assoc__.0.0','\"disableValidation\"'),('fields.94809dad-5de7-4ca4-a0eb-094efac3cb99.settings.typeSettings.__assoc__.6.1.__assoc__.0.1','\"\"'),('fields.94809dad-5de7-4ca4-a0eb-094efac3cb99.settings.typeSettings.__assoc__.6.1.__assoc__.1.0','\"allowAliases\"'),('fields.94809dad-5de7-4ca4-a0eb-094efac3cb99.settings.typeSettings.__assoc__.6.1.__assoc__.1.1','\"\"'),('fields.94809dad-5de7-4ca4-a0eb-094efac3cb99.settings.typeSettings.__assoc__.7.0','\"tel\"'),('fields.94809dad-5de7-4ca4-a0eb-094efac3cb99.settings.typeSettings.__assoc__.7.1.__assoc__.0.0','\"disableValidation\"'),('fields.94809dad-5de7-4ca4-a0eb-094efac3cb99.settings.typeSettings.__assoc__.7.1.__assoc__.0.1','\"\"'),('fields.94809dad-5de7-4ca4-a0eb-094efac3cb99.settings.typeSettings.__assoc__.7.1.__assoc__.1.0','\"allowAliases\"'),('fields.94809dad-5de7-4ca4-a0eb-094efac3cb99.settings.typeSettings.__assoc__.7.1.__assoc__.1.1','\"\"'),('fields.94809dad-5de7-4ca4-a0eb-094efac3cb99.settings.typeSettings.__assoc__.8.0','\"url\"'),('fields.94809dad-5de7-4ca4-a0eb-094efac3cb99.settings.typeSettings.__assoc__.8.1.__assoc__.0.0','\"disableValidation\"'),('fields.94809dad-5de7-4ca4-a0eb-094efac3cb99.settings.typeSettings.__assoc__.8.1.__assoc__.0.1','\"\"'),('fields.94809dad-5de7-4ca4-a0eb-094efac3cb99.settings.typeSettings.__assoc__.8.1.__assoc__.1.0','\"allowAliases\"'),('fields.94809dad-5de7-4ca4-a0eb-094efac3cb99.settings.typeSettings.__assoc__.8.1.__assoc__.1.1','\"\"'),('fields.94809dad-5de7-4ca4-a0eb-094efac3cb99.translationKeyFormat','null'),('fields.94809dad-5de7-4ca4-a0eb-094efac3cb99.translationMethod','\"none\"'),('fields.94809dad-5de7-4ca4-a0eb-094efac3cb99.type','\"typedlinkfield\\\\fields\\\\LinkField\"'),('fields.9c8011f9-3ae4-45a4-b562-5e7beee514d2.contentColumnType','\"string(255)\"'),('fields.9c8011f9-3ae4-45a4-b562-5e7beee514d2.fieldGroup','\"451b931d-873f-460e-8d38-e836680cfe09\"'),('fields.9c8011f9-3ae4-45a4-b562-5e7beee514d2.handle','\"snapchatUrl\"'),('fields.9c8011f9-3ae4-45a4-b562-5e7beee514d2.instructions','\"\"'),('fields.9c8011f9-3ae4-45a4-b562-5e7beee514d2.name','\"Snapchat URL\"'),('fields.9c8011f9-3ae4-45a4-b562-5e7beee514d2.searchable','false'),('fields.9c8011f9-3ae4-45a4-b562-5e7beee514d2.settings.maxLength','\"255\"'),('fields.9c8011f9-3ae4-45a4-b562-5e7beee514d2.settings.placeholder','\"\"'),('fields.9c8011f9-3ae4-45a4-b562-5e7beee514d2.translationKeyFormat','null'),('fields.9c8011f9-3ae4-45a4-b562-5e7beee514d2.translationMethod','\"none\"'),('fields.9c8011f9-3ae4-45a4-b562-5e7beee514d2.type','\"craft\\\\fields\\\\Url\"'),('fields.9cfc6137-662b-4553-8ae8-9d1176fdddcb.contentColumnType','\"string(255)\"'),('fields.9cfc6137-662b-4553-8ae8-9d1176fdddcb.fieldGroup','\"451b931d-873f-460e-8d38-e836680cfe09\"'),('fields.9cfc6137-662b-4553-8ae8-9d1176fdddcb.handle','\"pinterestUrl\"'),('fields.9cfc6137-662b-4553-8ae8-9d1176fdddcb.instructions','\"\"'),('fields.9cfc6137-662b-4553-8ae8-9d1176fdddcb.name','\"Pinterest URL\"'),('fields.9cfc6137-662b-4553-8ae8-9d1176fdddcb.searchable','false'),('fields.9cfc6137-662b-4553-8ae8-9d1176fdddcb.settings.maxLength','\"255\"'),('fields.9cfc6137-662b-4553-8ae8-9d1176fdddcb.settings.placeholder','\"\"'),('fields.9cfc6137-662b-4553-8ae8-9d1176fdddcb.translationKeyFormat','null'),('fields.9cfc6137-662b-4553-8ae8-9d1176fdddcb.translationMethod','\"none\"'),('fields.9cfc6137-662b-4553-8ae8-9d1176fdddcb.type','\"craft\\\\fields\\\\Url\"'),('fields.ae9afa56-8cc0-4317-8b83-794e77f73e68.contentColumnType','\"text\"'),('fields.ae9afa56-8cc0-4317-8b83-794e77f73e68.fieldGroup','\"c4451265-86dd-4e29-8607-338f8dff61d4\"'),('fields.ae9afa56-8cc0-4317-8b83-794e77f73e68.handle','\"text2\"'),('fields.ae9afa56-8cc0-4317-8b83-794e77f73e68.instructions','\"\"'),('fields.ae9afa56-8cc0-4317-8b83-794e77f73e68.name','\"Text 2\"'),('fields.ae9afa56-8cc0-4317-8b83-794e77f73e68.searchable','true'),('fields.ae9afa56-8cc0-4317-8b83-794e77f73e68.settings.byteLimit','null'),('fields.ae9afa56-8cc0-4317-8b83-794e77f73e68.settings.charLimit','null'),('fields.ae9afa56-8cc0-4317-8b83-794e77f73e68.settings.code','\"\"'),('fields.ae9afa56-8cc0-4317-8b83-794e77f73e68.settings.columnType','null'),('fields.ae9afa56-8cc0-4317-8b83-794e77f73e68.settings.initialRows','\"4\"'),('fields.ae9afa56-8cc0-4317-8b83-794e77f73e68.settings.multiline','\"\"'),('fields.ae9afa56-8cc0-4317-8b83-794e77f73e68.settings.placeholder','\"\"'),('fields.ae9afa56-8cc0-4317-8b83-794e77f73e68.translationKeyFormat','null'),('fields.ae9afa56-8cc0-4317-8b83-794e77f73e68.translationMethod','\"none\"'),('fields.ae9afa56-8cc0-4317-8b83-794e77f73e68.type','\"craft\\\\fields\\\\PlainText\"'),('fields.c3700058-6021-4036-bc94-eb253d6cdb04.contentColumnType','\"string\"'),('fields.c3700058-6021-4036-bc94-eb253d6cdb04.fieldGroup','\"225c7f29-a1ba-4281-a207-621cab6d37b7\"'),('fields.c3700058-6021-4036-bc94-eb253d6cdb04.handle','\"relatedArticles\"'),('fields.c3700058-6021-4036-bc94-eb253d6cdb04.instructions','\"\"'),('fields.c3700058-6021-4036-bc94-eb253d6cdb04.name','\"Related Articles\"'),('fields.c3700058-6021-4036-bc94-eb253d6cdb04.searchable','false'),('fields.c3700058-6021-4036-bc94-eb253d6cdb04.settings.limit','\"3\"'),('fields.c3700058-6021-4036-bc94-eb253d6cdb04.settings.localizeRelations','false'),('fields.c3700058-6021-4036-bc94-eb253d6cdb04.settings.selectionLabel','\"Link Articles\"'),('fields.c3700058-6021-4036-bc94-eb253d6cdb04.settings.source','null'),('fields.c3700058-6021-4036-bc94-eb253d6cdb04.settings.sources.0','\"section:2f1f0ea0-4b22-4e9d-bb51-9e1e32a94cba\"'),('fields.c3700058-6021-4036-bc94-eb253d6cdb04.settings.targetSiteId','null'),('fields.c3700058-6021-4036-bc94-eb253d6cdb04.settings.validateRelatedElements','\"1\"'),('fields.c3700058-6021-4036-bc94-eb253d6cdb04.settings.viewMode','null'),('fields.c3700058-6021-4036-bc94-eb253d6cdb04.translationKeyFormat','null'),('fields.c3700058-6021-4036-bc94-eb253d6cdb04.translationMethod','\"site\"'),('fields.c3700058-6021-4036-bc94-eb253d6cdb04.type','\"craft\\\\fields\\\\Entries\"'),('fields.c6c24fc2-32de-4289-8f1a-b2ee6d7d0d92.contentColumnType','\"string(255)\"'),('fields.c6c24fc2-32de-4289-8f1a-b2ee6d7d0d92.fieldGroup','\"451b931d-873f-460e-8d38-e836680cfe09\"'),('fields.c6c24fc2-32de-4289-8f1a-b2ee6d7d0d92.handle','\"twitterUrl\"'),('fields.c6c24fc2-32de-4289-8f1a-b2ee6d7d0d92.instructions','\"\"'),('fields.c6c24fc2-32de-4289-8f1a-b2ee6d7d0d92.name','\"Twitter URL\"'),('fields.c6c24fc2-32de-4289-8f1a-b2ee6d7d0d92.searchable','false'),('fields.c6c24fc2-32de-4289-8f1a-b2ee6d7d0d92.settings.maxLength','\"255\"'),('fields.c6c24fc2-32de-4289-8f1a-b2ee6d7d0d92.settings.placeholder','\"\"'),('fields.c6c24fc2-32de-4289-8f1a-b2ee6d7d0d92.translationKeyFormat','null'),('fields.c6c24fc2-32de-4289-8f1a-b2ee6d7d0d92.translationMethod','\"none\"'),('fields.c6c24fc2-32de-4289-8f1a-b2ee6d7d0d92.type','\"craft\\\\fields\\\\Url\"'),('fields.e35ca729-8355-4faf-ae53-07d599ba0a3a.contentColumnType','\"string\"'),('fields.e35ca729-8355-4faf-ae53-07d599ba0a3a.fieldGroup','\"451b931d-873f-460e-8d38-e836680cfe09\"'),('fields.e35ca729-8355-4faf-ae53-07d599ba0a3a.handle','\"logo\"'),('fields.e35ca729-8355-4faf-ae53-07d599ba0a3a.instructions','\"\"'),('fields.e35ca729-8355-4faf-ae53-07d599ba0a3a.name','\"Logo\"'),('fields.e35ca729-8355-4faf-ae53-07d599ba0a3a.searchable','false'),('fields.e35ca729-8355-4faf-ae53-07d599ba0a3a.settings.allowedKinds.0','\"image\"'),('fields.e35ca729-8355-4faf-ae53-07d599ba0a3a.settings.defaultUploadLocationSource','\"volume:8b0fd7f7-2623-4a21-a578-698d8c0aef75\"'),('fields.e35ca729-8355-4faf-ae53-07d599ba0a3a.settings.defaultUploadLocationSubpath','\"\"'),('fields.e35ca729-8355-4faf-ae53-07d599ba0a3a.settings.limit','\"1\"'),('fields.e35ca729-8355-4faf-ae53-07d599ba0a3a.settings.localizeRelations','false'),('fields.e35ca729-8355-4faf-ae53-07d599ba0a3a.settings.restrictFiles','\"1\"'),('fields.e35ca729-8355-4faf-ae53-07d599ba0a3a.settings.selectionLabel','\"Add Logo\"'),('fields.e35ca729-8355-4faf-ae53-07d599ba0a3a.settings.showUnpermittedFiles','false'),('fields.e35ca729-8355-4faf-ae53-07d599ba0a3a.settings.showUnpermittedVolumes','false'),('fields.e35ca729-8355-4faf-ae53-07d599ba0a3a.settings.singleUploadLocationSource','\"volume:8b0fd7f7-2623-4a21-a578-698d8c0aef75\"'),('fields.e35ca729-8355-4faf-ae53-07d599ba0a3a.settings.singleUploadLocationSubpath','\"\"'),('fields.e35ca729-8355-4faf-ae53-07d599ba0a3a.settings.source','null'),('fields.e35ca729-8355-4faf-ae53-07d599ba0a3a.settings.sources','\"*\"'),('fields.e35ca729-8355-4faf-ae53-07d599ba0a3a.settings.targetSiteId','null'),('fields.e35ca729-8355-4faf-ae53-07d599ba0a3a.settings.useSingleFolder','true'),('fields.e35ca729-8355-4faf-ae53-07d599ba0a3a.settings.validateRelatedElements','\"1\"'),('fields.e35ca729-8355-4faf-ae53-07d599ba0a3a.settings.viewMode','\"large\"'),('fields.e35ca729-8355-4faf-ae53-07d599ba0a3a.translationKeyFormat','null'),('fields.e35ca729-8355-4faf-ae53-07d599ba0a3a.translationMethod','\"site\"'),('fields.e35ca729-8355-4faf-ae53-07d599ba0a3a.type','\"craft\\\\fields\\\\Assets\"'),('fields.e3ddae84-8d6f-4b5c-b636-2eaaddaa0a0f.contentColumnType','\"text\"'),('fields.e3ddae84-8d6f-4b5c-b636-2eaaddaa0a0f.fieldGroup','\"225c7f29-a1ba-4281-a207-621cab6d37b7\"'),('fields.e3ddae84-8d6f-4b5c-b636-2eaaddaa0a0f.handle','\"alternateDescription\"'),('fields.e3ddae84-8d6f-4b5c-b636-2eaaddaa0a0f.instructions','\"Provide a brief description of the image or icon. This description is not visible to users and will be read to users with vision impairments or disabilities if they are utilizing screen reading technology. This field is required in order to be in compliance with the Americans with Disabilities Act.\"'),('fields.e3ddae84-8d6f-4b5c-b636-2eaaddaa0a0f.name','\"Alternate Description\"'),('fields.e3ddae84-8d6f-4b5c-b636-2eaaddaa0a0f.searchable','true'),('fields.e3ddae84-8d6f-4b5c-b636-2eaaddaa0a0f.settings.byteLimit','null'),('fields.e3ddae84-8d6f-4b5c-b636-2eaaddaa0a0f.settings.charLimit','null'),('fields.e3ddae84-8d6f-4b5c-b636-2eaaddaa0a0f.settings.code','\"\"'),('fields.e3ddae84-8d6f-4b5c-b636-2eaaddaa0a0f.settings.columnType','null'),('fields.e3ddae84-8d6f-4b5c-b636-2eaaddaa0a0f.settings.initialRows','\"4\"'),('fields.e3ddae84-8d6f-4b5c-b636-2eaaddaa0a0f.settings.multiline','\"\"'),('fields.e3ddae84-8d6f-4b5c-b636-2eaaddaa0a0f.settings.placeholder','\"\"'),('fields.e3ddae84-8d6f-4b5c-b636-2eaaddaa0a0f.translationKeyFormat','null'),('fields.e3ddae84-8d6f-4b5c-b636-2eaaddaa0a0f.translationMethod','\"none\"'),('fields.e3ddae84-8d6f-4b5c-b636-2eaaddaa0a0f.type','\"craft\\\\fields\\\\PlainText\"'),('fields.e43c44da-7b7a-4acb-a650-a9759477d295.contentColumnType','\"string\"'),('fields.e43c44da-7b7a-4acb-a650-a9759477d295.fieldGroup','\"225c7f29-a1ba-4281-a207-621cab6d37b7\"'),('fields.e43c44da-7b7a-4acb-a650-a9759477d295.handle','\"categories\"'),('fields.e43c44da-7b7a-4acb-a650-a9759477d295.instructions','\"\"'),('fields.e43c44da-7b7a-4acb-a650-a9759477d295.name','\"Categories\"'),('fields.e43c44da-7b7a-4acb-a650-a9759477d295.searchable','true'),('fields.e43c44da-7b7a-4acb-a650-a9759477d295.settings.allowLimit','false'),('fields.e43c44da-7b7a-4acb-a650-a9759477d295.settings.allowMultipleSources','false'),('fields.e43c44da-7b7a-4acb-a650-a9759477d295.settings.branchLimit','\"\"'),('fields.e43c44da-7b7a-4acb-a650-a9759477d295.settings.limit','null'),('fields.e43c44da-7b7a-4acb-a650-a9759477d295.settings.localizeRelations','false'),('fields.e43c44da-7b7a-4acb-a650-a9759477d295.settings.selectionLabel','\"Add a Category\"'),('fields.e43c44da-7b7a-4acb-a650-a9759477d295.settings.source','\"group:b95bb343-4e19-404d-bcec-952a2d7ab08e\"'),('fields.e43c44da-7b7a-4acb-a650-a9759477d295.settings.sources','\"*\"'),('fields.e43c44da-7b7a-4acb-a650-a9759477d295.settings.targetSiteId','null'),('fields.e43c44da-7b7a-4acb-a650-a9759477d295.settings.validateRelatedElements','\"1\"'),('fields.e43c44da-7b7a-4acb-a650-a9759477d295.settings.viewMode','null'),('fields.e43c44da-7b7a-4acb-a650-a9759477d295.translationKeyFormat','null'),('fields.e43c44da-7b7a-4acb-a650-a9759477d295.translationMethod','\"site\"'),('fields.e43c44da-7b7a-4acb-a650-a9759477d295.type','\"craft\\\\fields\\\\Categories\"'),('fields.f34e1148-6584-4d08-a0e3-3d253ef838b8.contentColumnType','\"text\"'),('fields.f34e1148-6584-4d08-a0e3-3d253ef838b8.fieldGroup','\"451b931d-873f-460e-8d38-e836680cfe09\"'),('fields.f34e1148-6584-4d08-a0e3-3d253ef838b8.handle','\"seo\"'),('fields.f34e1148-6584-4d08-a0e3-3d253ef838b8.instructions','\"\"'),('fields.f34e1148-6584-4d08-a0e3-3d253ef838b8.name','\"SEO\"'),('fields.f34e1148-6584-4d08-a0e3-3d253ef838b8.searchable','false'),('fields.f34e1148-6584-4d08-a0e3-3d253ef838b8.settings.description','\"\"'),('fields.f34e1148-6584-4d08-a0e3-3d253ef838b8.settings.hideSocial','\"\"'),('fields.f34e1148-6584-4d08-a0e3-3d253ef838b8.settings.robots.0','\"\"'),('fields.f34e1148-6584-4d08-a0e3-3d253ef838b8.settings.robots.1','\"\"'),('fields.f34e1148-6584-4d08-a0e3-3d253ef838b8.settings.robots.2','\"\"'),('fields.f34e1148-6584-4d08-a0e3-3d253ef838b8.settings.robots.3','\"\"'),('fields.f34e1148-6584-4d08-a0e3-3d253ef838b8.settings.robots.4','\"\"'),('fields.f34e1148-6584-4d08-a0e3-3d253ef838b8.settings.robots.5','\"\"'),('fields.f34e1148-6584-4d08-a0e3-3d253ef838b8.settings.socialImage','\"\"'),('fields.f34e1148-6584-4d08-a0e3-3d253ef838b8.settings.suffixAsPrefix','null'),('fields.f34e1148-6584-4d08-a0e3-3d253ef838b8.settings.title.0.__assoc__.0.0','\"key\"'),('fields.f34e1148-6584-4d08-a0e3-3d253ef838b8.settings.title.0.__assoc__.0.1','\"1\"'),('fields.f34e1148-6584-4d08-a0e3-3d253ef838b8.settings.title.0.__assoc__.1.0','\"locked\"'),('fields.f34e1148-6584-4d08-a0e3-3d253ef838b8.settings.title.0.__assoc__.1.1','\"0\"'),('fields.f34e1148-6584-4d08-a0e3-3d253ef838b8.settings.title.0.__assoc__.2.0','\"template\"'),('fields.f34e1148-6584-4d08-a0e3-3d253ef838b8.settings.title.0.__assoc__.2.1','\"{title}\"'),('fields.f34e1148-6584-4d08-a0e3-3d253ef838b8.settings.title.1.__assoc__.0.0','\"key\"'),('fields.f34e1148-6584-4d08-a0e3-3d253ef838b8.settings.title.1.__assoc__.0.1','\"2\"'),('fields.f34e1148-6584-4d08-a0e3-3d253ef838b8.settings.title.1.__assoc__.1.0','\"locked\"'),('fields.f34e1148-6584-4d08-a0e3-3d253ef838b8.settings.title.1.__assoc__.1.1','\"1\"'),('fields.f34e1148-6584-4d08-a0e3-3d253ef838b8.settings.title.1.__assoc__.2.0','\"template\"'),('fields.f34e1148-6584-4d08-a0e3-3d253ef838b8.settings.title.1.__assoc__.2.1','\" - {{ siteName }}\"'),('fields.f34e1148-6584-4d08-a0e3-3d253ef838b8.settings.titleSuffix','null'),('fields.f34e1148-6584-4d08-a0e3-3d253ef838b8.translationKeyFormat','null'),('fields.f34e1148-6584-4d08-a0e3-3d253ef838b8.translationMethod','\"none\"'),('fields.f34e1148-6584-4d08-a0e3-3d253ef838b8.type','\"ether\\\\seo\\\\fields\\\\SeoField\"'),('fields.f697001b-d1ba-48d7-92ee-0eb172e00ac1.contentColumnType','\"text\"'),('fields.f697001b-d1ba-48d7-92ee-0eb172e00ac1.fieldGroup','\"c4451265-86dd-4e29-8607-338f8dff61d4\"'),('fields.f697001b-d1ba-48d7-92ee-0eb172e00ac1.handle','\"simpleCopy1\"'),('fields.f697001b-d1ba-48d7-92ee-0eb172e00ac1.instructions','\"\"'),('fields.f697001b-d1ba-48d7-92ee-0eb172e00ac1.name','\"Simple Copy 1\"'),('fields.f697001b-d1ba-48d7-92ee-0eb172e00ac1.searchable','true'),('fields.f697001b-d1ba-48d7-92ee-0eb172e00ac1.settings.availableTransforms','\"*\"'),('fields.f697001b-d1ba-48d7-92ee-0eb172e00ac1.settings.availableVolumes','\"\"'),('fields.f697001b-d1ba-48d7-92ee-0eb172e00ac1.settings.cleanupHtml','true'),('fields.f697001b-d1ba-48d7-92ee-0eb172e00ac1.settings.columnType','\"text\"'),('fields.f697001b-d1ba-48d7-92ee-0eb172e00ac1.settings.purifierConfig','\"\"'),('fields.f697001b-d1ba-48d7-92ee-0eb172e00ac1.settings.purifyHtml','\"1\"'),('fields.f697001b-d1ba-48d7-92ee-0eb172e00ac1.settings.redactorConfig','\"Simple.json\"'),('fields.f697001b-d1ba-48d7-92ee-0eb172e00ac1.settings.removeEmptyTags','\"1\"'),('fields.f697001b-d1ba-48d7-92ee-0eb172e00ac1.settings.removeInlineStyles','\"1\"'),('fields.f697001b-d1ba-48d7-92ee-0eb172e00ac1.settings.removeNbsp','\"1\"'),('fields.f697001b-d1ba-48d7-92ee-0eb172e00ac1.settings.showUnpermittedFiles','false'),('fields.f697001b-d1ba-48d7-92ee-0eb172e00ac1.settings.showUnpermittedVolumes','false'),('fields.f697001b-d1ba-48d7-92ee-0eb172e00ac1.translationKeyFormat','null'),('fields.f697001b-d1ba-48d7-92ee-0eb172e00ac1.translationMethod','\"none\"'),('fields.f697001b-d1ba-48d7-92ee-0eb172e00ac1.type','\"craft\\\\redactor\\\\Field\"'),('fields.f945ce9d-f3ac-4903-94eb-4c89c31411bf.contentColumnType','\"string\"'),('fields.f945ce9d-f3ac-4903-94eb-4c89c31411bf.fieldGroup','\"c4451265-86dd-4e29-8607-338f8dff61d4\"'),('fields.f945ce9d-f3ac-4903-94eb-4c89c31411bf.handle','\"singleImage1\"'),('fields.f945ce9d-f3ac-4903-94eb-4c89c31411bf.instructions','\"\"'),('fields.f945ce9d-f3ac-4903-94eb-4c89c31411bf.name','\"Single Image 1\"'),('fields.f945ce9d-f3ac-4903-94eb-4c89c31411bf.searchable','false'),('fields.f945ce9d-f3ac-4903-94eb-4c89c31411bf.settings.allowedKinds','null'),('fields.f945ce9d-f3ac-4903-94eb-4c89c31411bf.settings.defaultUploadLocationSource','\"volume:8b0fd7f7-2623-4a21-a578-698d8c0aef75\"'),('fields.f945ce9d-f3ac-4903-94eb-4c89c31411bf.settings.defaultUploadLocationSubpath','\"\"'),('fields.f945ce9d-f3ac-4903-94eb-4c89c31411bf.settings.limit','\"1\"'),('fields.f945ce9d-f3ac-4903-94eb-4c89c31411bf.settings.localizeRelations','false'),('fields.f945ce9d-f3ac-4903-94eb-4c89c31411bf.settings.restrictFiles','\"\"'),('fields.f945ce9d-f3ac-4903-94eb-4c89c31411bf.settings.selectionLabel','\"Add an Image\"'),('fields.f945ce9d-f3ac-4903-94eb-4c89c31411bf.settings.showUnpermittedFiles','false'),('fields.f945ce9d-f3ac-4903-94eb-4c89c31411bf.settings.showUnpermittedVolumes','false'),('fields.f945ce9d-f3ac-4903-94eb-4c89c31411bf.settings.singleUploadLocationSource','\"volume:8b0fd7f7-2623-4a21-a578-698d8c0aef75\"'),('fields.f945ce9d-f3ac-4903-94eb-4c89c31411bf.settings.singleUploadLocationSubpath','\"\"'),('fields.f945ce9d-f3ac-4903-94eb-4c89c31411bf.settings.source','null'),('fields.f945ce9d-f3ac-4903-94eb-4c89c31411bf.settings.sources','\"*\"'),('fields.f945ce9d-f3ac-4903-94eb-4c89c31411bf.settings.targetSiteId','null'),('fields.f945ce9d-f3ac-4903-94eb-4c89c31411bf.settings.useSingleFolder','true'),('fields.f945ce9d-f3ac-4903-94eb-4c89c31411bf.settings.validateRelatedElements','\"1\"'),('fields.f945ce9d-f3ac-4903-94eb-4c89c31411bf.settings.viewMode','\"large\"'),('fields.f945ce9d-f3ac-4903-94eb-4c89c31411bf.translationKeyFormat','null'),('fields.f945ce9d-f3ac-4903-94eb-4c89c31411bf.translationMethod','\"site\"'),('fields.f945ce9d-f3ac-4903-94eb-4c89c31411bf.type','\"craft\\\\fields\\\\Assets\"'),('globalSets.ce426575-18ab-4772-b21d-b81789822fcb.fieldLayouts.a621d199-8f4b-4fd4-b954-c816aa1839d2.tabs.0.fields.2e2cf186-585b-46ee-a435-b3a1737847ca.required','false'),('globalSets.ce426575-18ab-4772-b21d-b81789822fcb.fieldLayouts.a621d199-8f4b-4fd4-b954-c816aa1839d2.tabs.0.fields.2e2cf186-585b-46ee-a435-b3a1737847ca.sortOrder','1'),('globalSets.ce426575-18ab-4772-b21d-b81789822fcb.fieldLayouts.a621d199-8f4b-4fd4-b954-c816aa1839d2.tabs.0.name','\"Tab 1\"'),('globalSets.ce426575-18ab-4772-b21d-b81789822fcb.fieldLayouts.a621d199-8f4b-4fd4-b954-c816aa1839d2.tabs.0.sortOrder','1'),('globalSets.ce426575-18ab-4772-b21d-b81789822fcb.handle','\"notifications\"'),('globalSets.ce426575-18ab-4772-b21d-b81789822fcb.name','\"Notifications\"'),('globalSets.e6cff758-195e-48a1-9a9e-27b1681b6874.fieldLayouts.ae4dd40b-e640-4115-b9c9-44a3e2ecd79b.tabs.0.fields.076e5aa3-2dc5-45c2-9f27-22086feb220d.required','false'),('globalSets.e6cff758-195e-48a1-9a9e-27b1681b6874.fieldLayouts.ae4dd40b-e640-4115-b9c9-44a3e2ecd79b.tabs.0.fields.076e5aa3-2dc5-45c2-9f27-22086feb220d.sortOrder','4'),('globalSets.e6cff758-195e-48a1-9a9e-27b1681b6874.fieldLayouts.ae4dd40b-e640-4115-b9c9-44a3e2ecd79b.tabs.0.fields.4e119a0c-5a69-4b77-9f74-ca2f857374ff.required','true'),('globalSets.e6cff758-195e-48a1-9a9e-27b1681b6874.fieldLayouts.ae4dd40b-e640-4115-b9c9-44a3e2ecd79b.tabs.0.fields.4e119a0c-5a69-4b77-9f74-ca2f857374ff.sortOrder','2'),('globalSets.e6cff758-195e-48a1-9a9e-27b1681b6874.fieldLayouts.ae4dd40b-e640-4115-b9c9-44a3e2ecd79b.tabs.0.fields.9100be82-1bb3-4d25-b46c-9c05b900ad2b.required','false'),('globalSets.e6cff758-195e-48a1-9a9e-27b1681b6874.fieldLayouts.ae4dd40b-e640-4115-b9c9-44a3e2ecd79b.tabs.0.fields.9100be82-1bb3-4d25-b46c-9c05b900ad2b.sortOrder','5'),('globalSets.e6cff758-195e-48a1-9a9e-27b1681b6874.fieldLayouts.ae4dd40b-e640-4115-b9c9-44a3e2ecd79b.tabs.0.fields.e35ca729-8355-4faf-ae53-07d599ba0a3a.required','true'),('globalSets.e6cff758-195e-48a1-9a9e-27b1681b6874.fieldLayouts.ae4dd40b-e640-4115-b9c9-44a3e2ecd79b.tabs.0.fields.e35ca729-8355-4faf-ae53-07d599ba0a3a.sortOrder','1'),('globalSets.e6cff758-195e-48a1-9a9e-27b1681b6874.fieldLayouts.ae4dd40b-e640-4115-b9c9-44a3e2ecd79b.tabs.0.fields.f697001b-d1ba-48d7-92ee-0eb172e00ac1.required','false'),('globalSets.e6cff758-195e-48a1-9a9e-27b1681b6874.fieldLayouts.ae4dd40b-e640-4115-b9c9-44a3e2ecd79b.tabs.0.fields.f697001b-d1ba-48d7-92ee-0eb172e00ac1.sortOrder','3'),('globalSets.e6cff758-195e-48a1-9a9e-27b1681b6874.fieldLayouts.ae4dd40b-e640-4115-b9c9-44a3e2ecd79b.tabs.0.name','\"Details\"'),('globalSets.e6cff758-195e-48a1-9a9e-27b1681b6874.fieldLayouts.ae4dd40b-e640-4115-b9c9-44a3e2ecd79b.tabs.0.sortOrder','1'),('globalSets.e6cff758-195e-48a1-9a9e-27b1681b6874.fieldLayouts.ae4dd40b-e640-4115-b9c9-44a3e2ecd79b.tabs.1.fields.0b71f571-ae1d-4b03-85f6-b6bb4acbb430.required','false'),('globalSets.e6cff758-195e-48a1-9a9e-27b1681b6874.fieldLayouts.ae4dd40b-e640-4115-b9c9-44a3e2ecd79b.tabs.1.fields.0b71f571-ae1d-4b03-85f6-b6bb4acbb430.sortOrder','1'),('globalSets.e6cff758-195e-48a1-9a9e-27b1681b6874.fieldLayouts.ae4dd40b-e640-4115-b9c9-44a3e2ecd79b.tabs.1.fields.0f860c17-f79b-48b7-8d1f-15243ef39303.required','false'),('globalSets.e6cff758-195e-48a1-9a9e-27b1681b6874.fieldLayouts.ae4dd40b-e640-4115-b9c9-44a3e2ecd79b.tabs.1.fields.0f860c17-f79b-48b7-8d1f-15243ef39303.sortOrder','3'),('globalSets.e6cff758-195e-48a1-9a9e-27b1681b6874.fieldLayouts.ae4dd40b-e640-4115-b9c9-44a3e2ecd79b.tabs.1.fields.26b75c67-742d-41d4-94c0-cbbf13985a33.required','false'),('globalSets.e6cff758-195e-48a1-9a9e-27b1681b6874.fieldLayouts.ae4dd40b-e640-4115-b9c9-44a3e2ecd79b.tabs.1.fields.26b75c67-742d-41d4-94c0-cbbf13985a33.sortOrder','4'),('globalSets.e6cff758-195e-48a1-9a9e-27b1681b6874.fieldLayouts.ae4dd40b-e640-4115-b9c9-44a3e2ecd79b.tabs.1.fields.30cd9bf0-cc40-4149-ab16-af53a8c72449.required','false'),('globalSets.e6cff758-195e-48a1-9a9e-27b1681b6874.fieldLayouts.ae4dd40b-e640-4115-b9c9-44a3e2ecd79b.tabs.1.fields.30cd9bf0-cc40-4149-ab16-af53a8c72449.sortOrder','8'),('globalSets.e6cff758-195e-48a1-9a9e-27b1681b6874.fieldLayouts.ae4dd40b-e640-4115-b9c9-44a3e2ecd79b.tabs.1.fields.7a0e5822-9917-4e3f-9da1-8b3368bbec1f.required','false'),('globalSets.e6cff758-195e-48a1-9a9e-27b1681b6874.fieldLayouts.ae4dd40b-e640-4115-b9c9-44a3e2ecd79b.tabs.1.fields.7a0e5822-9917-4e3f-9da1-8b3368bbec1f.sortOrder','5'),('globalSets.e6cff758-195e-48a1-9a9e-27b1681b6874.fieldLayouts.ae4dd40b-e640-4115-b9c9-44a3e2ecd79b.tabs.1.fields.81a96522-33ab-4162-a188-88892876a535.required','false'),('globalSets.e6cff758-195e-48a1-9a9e-27b1681b6874.fieldLayouts.ae4dd40b-e640-4115-b9c9-44a3e2ecd79b.tabs.1.fields.81a96522-33ab-4162-a188-88892876a535.sortOrder','9'),('globalSets.e6cff758-195e-48a1-9a9e-27b1681b6874.fieldLayouts.ae4dd40b-e640-4115-b9c9-44a3e2ecd79b.tabs.1.fields.9c8011f9-3ae4-45a4-b562-5e7beee514d2.required','false'),('globalSets.e6cff758-195e-48a1-9a9e-27b1681b6874.fieldLayouts.ae4dd40b-e640-4115-b9c9-44a3e2ecd79b.tabs.1.fields.9c8011f9-3ae4-45a4-b562-5e7beee514d2.sortOrder','7'),('globalSets.e6cff758-195e-48a1-9a9e-27b1681b6874.fieldLayouts.ae4dd40b-e640-4115-b9c9-44a3e2ecd79b.tabs.1.fields.9cfc6137-662b-4553-8ae8-9d1176fdddcb.required','false'),('globalSets.e6cff758-195e-48a1-9a9e-27b1681b6874.fieldLayouts.ae4dd40b-e640-4115-b9c9-44a3e2ecd79b.tabs.1.fields.9cfc6137-662b-4553-8ae8-9d1176fdddcb.sortOrder','6'),('globalSets.e6cff758-195e-48a1-9a9e-27b1681b6874.fieldLayouts.ae4dd40b-e640-4115-b9c9-44a3e2ecd79b.tabs.1.fields.c6c24fc2-32de-4289-8f1a-b2ee6d7d0d92.required','false'),('globalSets.e6cff758-195e-48a1-9a9e-27b1681b6874.fieldLayouts.ae4dd40b-e640-4115-b9c9-44a3e2ecd79b.tabs.1.fields.c6c24fc2-32de-4289-8f1a-b2ee6d7d0d92.sortOrder','2'),('globalSets.e6cff758-195e-48a1-9a9e-27b1681b6874.fieldLayouts.ae4dd40b-e640-4115-b9c9-44a3e2ecd79b.tabs.1.name','\"Social Media\"'),('globalSets.e6cff758-195e-48a1-9a9e-27b1681b6874.fieldLayouts.ae4dd40b-e640-4115-b9c9-44a3e2ecd79b.tabs.1.sortOrder','2'),('globalSets.e6cff758-195e-48a1-9a9e-27b1681b6874.handle','\"organizationSettings\"'),('globalSets.e6cff758-195e-48a1-9a9e-27b1681b6874.name','\"Organization Settings\"'),('matrixBlockTypes.03663379-40c4-4699-994b-9893b5a7d3a6.field','\"1eb0ac2f-150c-4071-b0a0-cdbc98ace82e\"'),('matrixBlockTypes.03663379-40c4-4699-994b-9893b5a7d3a6.fieldLayouts.19515e65-e73c-4825-8de6-5ad9c100ecde.tabs.0.fields.13076857-9d13-487b-99e9-284c9b084157.required','false'),('matrixBlockTypes.03663379-40c4-4699-994b-9893b5a7d3a6.fieldLayouts.19515e65-e73c-4825-8de6-5ad9c100ecde.tabs.0.fields.13076857-9d13-487b-99e9-284c9b084157.sortOrder','5'),('matrixBlockTypes.03663379-40c4-4699-994b-9893b5a7d3a6.fieldLayouts.19515e65-e73c-4825-8de6-5ad9c100ecde.tabs.0.fields.329db0af-cfda-438a-a8a0-aed3ff3313a8.required','false'),('matrixBlockTypes.03663379-40c4-4699-994b-9893b5a7d3a6.fieldLayouts.19515e65-e73c-4825-8de6-5ad9c100ecde.tabs.0.fields.329db0af-cfda-438a-a8a0-aed3ff3313a8.sortOrder','4'),('matrixBlockTypes.03663379-40c4-4699-994b-9893b5a7d3a6.fieldLayouts.19515e65-e73c-4825-8de6-5ad9c100ecde.tabs.0.fields.69261eb7-e62a-420c-92a7-4761b132995d.required','false'),('matrixBlockTypes.03663379-40c4-4699-994b-9893b5a7d3a6.fieldLayouts.19515e65-e73c-4825-8de6-5ad9c100ecde.tabs.0.fields.69261eb7-e62a-420c-92a7-4761b132995d.sortOrder','1'),('matrixBlockTypes.03663379-40c4-4699-994b-9893b5a7d3a6.fieldLayouts.19515e65-e73c-4825-8de6-5ad9c100ecde.tabs.0.fields.bf1fc6ec-b372-4a28-be13-72424071f4d8.required','false'),('matrixBlockTypes.03663379-40c4-4699-994b-9893b5a7d3a6.fieldLayouts.19515e65-e73c-4825-8de6-5ad9c100ecde.tabs.0.fields.bf1fc6ec-b372-4a28-be13-72424071f4d8.sortOrder','3'),('matrixBlockTypes.03663379-40c4-4699-994b-9893b5a7d3a6.fieldLayouts.19515e65-e73c-4825-8de6-5ad9c100ecde.tabs.0.fields.d4e23e98-4af3-44d4-b91c-748d6eaf4272.required','false'),('matrixBlockTypes.03663379-40c4-4699-994b-9893b5a7d3a6.fieldLayouts.19515e65-e73c-4825-8de6-5ad9c100ecde.tabs.0.fields.d4e23e98-4af3-44d4-b91c-748d6eaf4272.sortOrder','2'),('matrixBlockTypes.03663379-40c4-4699-994b-9893b5a7d3a6.fieldLayouts.19515e65-e73c-4825-8de6-5ad9c100ecde.tabs.0.name','\"Content\"'),('matrixBlockTypes.03663379-40c4-4699-994b-9893b5a7d3a6.fieldLayouts.19515e65-e73c-4825-8de6-5ad9c100ecde.tabs.0.sortOrder','1'),('matrixBlockTypes.03663379-40c4-4699-994b-9893b5a7d3a6.fields.13076857-9d13-487b-99e9-284c9b084157.contentColumnType','\"string\"'),('matrixBlockTypes.03663379-40c4-4699-994b-9893b5a7d3a6.fields.13076857-9d13-487b-99e9-284c9b084157.fieldGroup','null'),('matrixBlockTypes.03663379-40c4-4699-994b-9893b5a7d3a6.fields.13076857-9d13-487b-99e9-284c9b084157.handle','\"backgroundImage\"'),('matrixBlockTypes.03663379-40c4-4699-994b-9893b5a7d3a6.fields.13076857-9d13-487b-99e9-284c9b084157.instructions','\"If a background image is provided the background color will not be used.\"'),('matrixBlockTypes.03663379-40c4-4699-994b-9893b5a7d3a6.fields.13076857-9d13-487b-99e9-284c9b084157.name','\"Background Image\"'),('matrixBlockTypes.03663379-40c4-4699-994b-9893b5a7d3a6.fields.13076857-9d13-487b-99e9-284c9b084157.searchable','true'),('matrixBlockTypes.03663379-40c4-4699-994b-9893b5a7d3a6.fields.13076857-9d13-487b-99e9-284c9b084157.settings.allowedKinds.0','\"image\"'),('matrixBlockTypes.03663379-40c4-4699-994b-9893b5a7d3a6.fields.13076857-9d13-487b-99e9-284c9b084157.settings.defaultUploadLocationSource','\"volume:8b0fd7f7-2623-4a21-a578-698d8c0aef75\"'),('matrixBlockTypes.03663379-40c4-4699-994b-9893b5a7d3a6.fields.13076857-9d13-487b-99e9-284c9b084157.settings.defaultUploadLocationSubpath','\"\"'),('matrixBlockTypes.03663379-40c4-4699-994b-9893b5a7d3a6.fields.13076857-9d13-487b-99e9-284c9b084157.settings.limit','\"1\"'),('matrixBlockTypes.03663379-40c4-4699-994b-9893b5a7d3a6.fields.13076857-9d13-487b-99e9-284c9b084157.settings.localizeRelations','false'),('matrixBlockTypes.03663379-40c4-4699-994b-9893b5a7d3a6.fields.13076857-9d13-487b-99e9-284c9b084157.settings.restrictFiles','\"1\"'),('matrixBlockTypes.03663379-40c4-4699-994b-9893b5a7d3a6.fields.13076857-9d13-487b-99e9-284c9b084157.settings.selectionLabel','\"Set a Background Image\"'),('matrixBlockTypes.03663379-40c4-4699-994b-9893b5a7d3a6.fields.13076857-9d13-487b-99e9-284c9b084157.settings.showUnpermittedFiles','false'),('matrixBlockTypes.03663379-40c4-4699-994b-9893b5a7d3a6.fields.13076857-9d13-487b-99e9-284c9b084157.settings.showUnpermittedVolumes','false'),('matrixBlockTypes.03663379-40c4-4699-994b-9893b5a7d3a6.fields.13076857-9d13-487b-99e9-284c9b084157.settings.singleUploadLocationSource','\"volume:8b0fd7f7-2623-4a21-a578-698d8c0aef75\"'),('matrixBlockTypes.03663379-40c4-4699-994b-9893b5a7d3a6.fields.13076857-9d13-487b-99e9-284c9b084157.settings.singleUploadLocationSubpath','\"\"'),('matrixBlockTypes.03663379-40c4-4699-994b-9893b5a7d3a6.fields.13076857-9d13-487b-99e9-284c9b084157.settings.source','null'),('matrixBlockTypes.03663379-40c4-4699-994b-9893b5a7d3a6.fields.13076857-9d13-487b-99e9-284c9b084157.settings.sources','\"*\"'),('matrixBlockTypes.03663379-40c4-4699-994b-9893b5a7d3a6.fields.13076857-9d13-487b-99e9-284c9b084157.settings.targetSiteId','null'),('matrixBlockTypes.03663379-40c4-4699-994b-9893b5a7d3a6.fields.13076857-9d13-487b-99e9-284c9b084157.settings.useSingleFolder','true'),('matrixBlockTypes.03663379-40c4-4699-994b-9893b5a7d3a6.fields.13076857-9d13-487b-99e9-284c9b084157.settings.validateRelatedElements','\"1\"'),('matrixBlockTypes.03663379-40c4-4699-994b-9893b5a7d3a6.fields.13076857-9d13-487b-99e9-284c9b084157.settings.viewMode','\"large\"'),('matrixBlockTypes.03663379-40c4-4699-994b-9893b5a7d3a6.fields.13076857-9d13-487b-99e9-284c9b084157.translationKeyFormat','null'),('matrixBlockTypes.03663379-40c4-4699-994b-9893b5a7d3a6.fields.13076857-9d13-487b-99e9-284c9b084157.translationMethod','\"site\"'),('matrixBlockTypes.03663379-40c4-4699-994b-9893b5a7d3a6.fields.13076857-9d13-487b-99e9-284c9b084157.type','\"craft\\\\fields\\\\Assets\"'),('matrixBlockTypes.03663379-40c4-4699-994b-9893b5a7d3a6.fields.329db0af-cfda-438a-a8a0-aed3ff3313a8.contentColumnType','\"string\"'),('matrixBlockTypes.03663379-40c4-4699-994b-9893b5a7d3a6.fields.329db0af-cfda-438a-a8a0-aed3ff3313a8.fieldGroup','null'),('matrixBlockTypes.03663379-40c4-4699-994b-9893b5a7d3a6.fields.329db0af-cfda-438a-a8a0-aed3ff3313a8.handle','\"backgroundColor\"'),('matrixBlockTypes.03663379-40c4-4699-994b-9893b5a7d3a6.fields.329db0af-cfda-438a-a8a0-aed3ff3313a8.instructions','\"\"'),('matrixBlockTypes.03663379-40c4-4699-994b-9893b5a7d3a6.fields.329db0af-cfda-438a-a8a0-aed3ff3313a8.name','\"Background Color\"'),('matrixBlockTypes.03663379-40c4-4699-994b-9893b5a7d3a6.fields.329db0af-cfda-438a-a8a0-aed3ff3313a8.searchable','true'),('matrixBlockTypes.03663379-40c4-4699-994b-9893b5a7d3a6.fields.329db0af-cfda-438a-a8a0-aed3ff3313a8.settings.optgroups','true'),('matrixBlockTypes.03663379-40c4-4699-994b-9893b5a7d3a6.fields.329db0af-cfda-438a-a8a0-aed3ff3313a8.settings.options.0.__assoc__.0.0','\"label\"'),('matrixBlockTypes.03663379-40c4-4699-994b-9893b5a7d3a6.fields.329db0af-cfda-438a-a8a0-aed3ff3313a8.settings.options.0.__assoc__.0.1','\"Color\"'),('matrixBlockTypes.03663379-40c4-4699-994b-9893b5a7d3a6.fields.329db0af-cfda-438a-a8a0-aed3ff3313a8.settings.options.0.__assoc__.1.0','\"value\"'),('matrixBlockTypes.03663379-40c4-4699-994b-9893b5a7d3a6.fields.329db0af-cfda-438a-a8a0-aed3ff3313a8.settings.options.0.__assoc__.1.1','\"color\"'),('matrixBlockTypes.03663379-40c4-4699-994b-9893b5a7d3a6.fields.329db0af-cfda-438a-a8a0-aed3ff3313a8.settings.options.0.__assoc__.2.0','\"default\"'),('matrixBlockTypes.03663379-40c4-4699-994b-9893b5a7d3a6.fields.329db0af-cfda-438a-a8a0-aed3ff3313a8.settings.options.0.__assoc__.2.1','\"1\"'),('matrixBlockTypes.03663379-40c4-4699-994b-9893b5a7d3a6.fields.329db0af-cfda-438a-a8a0-aed3ff3313a8.settings.options.1.__assoc__.0.0','\"label\"'),('matrixBlockTypes.03663379-40c4-4699-994b-9893b5a7d3a6.fields.329db0af-cfda-438a-a8a0-aed3ff3313a8.settings.options.1.__assoc__.0.1','\"Light\"'),('matrixBlockTypes.03663379-40c4-4699-994b-9893b5a7d3a6.fields.329db0af-cfda-438a-a8a0-aed3ff3313a8.settings.options.1.__assoc__.1.0','\"value\"'),('matrixBlockTypes.03663379-40c4-4699-994b-9893b5a7d3a6.fields.329db0af-cfda-438a-a8a0-aed3ff3313a8.settings.options.1.__assoc__.1.1','\"light\"'),('matrixBlockTypes.03663379-40c4-4699-994b-9893b5a7d3a6.fields.329db0af-cfda-438a-a8a0-aed3ff3313a8.settings.options.1.__assoc__.2.0','\"default\"'),('matrixBlockTypes.03663379-40c4-4699-994b-9893b5a7d3a6.fields.329db0af-cfda-438a-a8a0-aed3ff3313a8.settings.options.1.__assoc__.2.1','\"\"'),('matrixBlockTypes.03663379-40c4-4699-994b-9893b5a7d3a6.fields.329db0af-cfda-438a-a8a0-aed3ff3313a8.settings.options.2.__assoc__.0.0','\"label\"'),('matrixBlockTypes.03663379-40c4-4699-994b-9893b5a7d3a6.fields.329db0af-cfda-438a-a8a0-aed3ff3313a8.settings.options.2.__assoc__.0.1','\"Dark\"'),('matrixBlockTypes.03663379-40c4-4699-994b-9893b5a7d3a6.fields.329db0af-cfda-438a-a8a0-aed3ff3313a8.settings.options.2.__assoc__.1.0','\"value\"'),('matrixBlockTypes.03663379-40c4-4699-994b-9893b5a7d3a6.fields.329db0af-cfda-438a-a8a0-aed3ff3313a8.settings.options.2.__assoc__.1.1','\"dark\"'),('matrixBlockTypes.03663379-40c4-4699-994b-9893b5a7d3a6.fields.329db0af-cfda-438a-a8a0-aed3ff3313a8.settings.options.2.__assoc__.2.0','\"default\"'),('matrixBlockTypes.03663379-40c4-4699-994b-9893b5a7d3a6.fields.329db0af-cfda-438a-a8a0-aed3ff3313a8.settings.options.2.__assoc__.2.1','\"\"'),('matrixBlockTypes.03663379-40c4-4699-994b-9893b5a7d3a6.fields.329db0af-cfda-438a-a8a0-aed3ff3313a8.translationKeyFormat','null'),('matrixBlockTypes.03663379-40c4-4699-994b-9893b5a7d3a6.fields.329db0af-cfda-438a-a8a0-aed3ff3313a8.translationMethod','\"none\"'),('matrixBlockTypes.03663379-40c4-4699-994b-9893b5a7d3a6.fields.329db0af-cfda-438a-a8a0-aed3ff3313a8.type','\"craft\\\\fields\\\\Dropdown\"'),('matrixBlockTypes.03663379-40c4-4699-994b-9893b5a7d3a6.fields.69261eb7-e62a-420c-92a7-4761b132995d.contentColumnType','\"text\"'),('matrixBlockTypes.03663379-40c4-4699-994b-9893b5a7d3a6.fields.69261eb7-e62a-420c-92a7-4761b132995d.fieldGroup','null'),('matrixBlockTypes.03663379-40c4-4699-994b-9893b5a7d3a6.fields.69261eb7-e62a-420c-92a7-4761b132995d.handle','\"heading\"'),('matrixBlockTypes.03663379-40c4-4699-994b-9893b5a7d3a6.fields.69261eb7-e62a-420c-92a7-4761b132995d.instructions','\"\"'),('matrixBlockTypes.03663379-40c4-4699-994b-9893b5a7d3a6.fields.69261eb7-e62a-420c-92a7-4761b132995d.name','\"Heading\"'),('matrixBlockTypes.03663379-40c4-4699-994b-9893b5a7d3a6.fields.69261eb7-e62a-420c-92a7-4761b132995d.searchable','true'),('matrixBlockTypes.03663379-40c4-4699-994b-9893b5a7d3a6.fields.69261eb7-e62a-420c-92a7-4761b132995d.settings.byteLimit','null'),('matrixBlockTypes.03663379-40c4-4699-994b-9893b5a7d3a6.fields.69261eb7-e62a-420c-92a7-4761b132995d.settings.charLimit','null'),('matrixBlockTypes.03663379-40c4-4699-994b-9893b5a7d3a6.fields.69261eb7-e62a-420c-92a7-4761b132995d.settings.code','\"\"'),('matrixBlockTypes.03663379-40c4-4699-994b-9893b5a7d3a6.fields.69261eb7-e62a-420c-92a7-4761b132995d.settings.columnType','null'),('matrixBlockTypes.03663379-40c4-4699-994b-9893b5a7d3a6.fields.69261eb7-e62a-420c-92a7-4761b132995d.settings.initialRows','\"4\"'),('matrixBlockTypes.03663379-40c4-4699-994b-9893b5a7d3a6.fields.69261eb7-e62a-420c-92a7-4761b132995d.settings.multiline','\"\"'),('matrixBlockTypes.03663379-40c4-4699-994b-9893b5a7d3a6.fields.69261eb7-e62a-420c-92a7-4761b132995d.settings.placeholder','\"\"'),('matrixBlockTypes.03663379-40c4-4699-994b-9893b5a7d3a6.fields.69261eb7-e62a-420c-92a7-4761b132995d.translationKeyFormat','null'),('matrixBlockTypes.03663379-40c4-4699-994b-9893b5a7d3a6.fields.69261eb7-e62a-420c-92a7-4761b132995d.translationMethod','\"none\"'),('matrixBlockTypes.03663379-40c4-4699-994b-9893b5a7d3a6.fields.69261eb7-e62a-420c-92a7-4761b132995d.type','\"craft\\\\fields\\\\PlainText\"'),('matrixBlockTypes.03663379-40c4-4699-994b-9893b5a7d3a6.fields.bf1fc6ec-b372-4a28-be13-72424071f4d8.contentColumnType','\"text\"'),('matrixBlockTypes.03663379-40c4-4699-994b-9893b5a7d3a6.fields.bf1fc6ec-b372-4a28-be13-72424071f4d8.fieldGroup','null'),('matrixBlockTypes.03663379-40c4-4699-994b-9893b5a7d3a6.fields.bf1fc6ec-b372-4a28-be13-72424071f4d8.handle','\"callToActionButton\"'),('matrixBlockTypes.03663379-40c4-4699-994b-9893b5a7d3a6.fields.bf1fc6ec-b372-4a28-be13-72424071f4d8.instructions','\"\"'),('matrixBlockTypes.03663379-40c4-4699-994b-9893b5a7d3a6.fields.bf1fc6ec-b372-4a28-be13-72424071f4d8.name','\"Call to Action Button\"'),('matrixBlockTypes.03663379-40c4-4699-994b-9893b5a7d3a6.fields.bf1fc6ec-b372-4a28-be13-72424071f4d8.searchable','false'),('matrixBlockTypes.03663379-40c4-4699-994b-9893b5a7d3a6.fields.bf1fc6ec-b372-4a28-be13-72424071f4d8.settings.allowCustomText','\"1\"'),('matrixBlockTypes.03663379-40c4-4699-994b-9893b5a7d3a6.fields.bf1fc6ec-b372-4a28-be13-72424071f4d8.settings.allowedLinkNames.3','\"entry\"'),('matrixBlockTypes.03663379-40c4-4699-994b-9893b5a7d3a6.fields.bf1fc6ec-b372-4a28-be13-72424071f4d8.settings.allowedLinkNames.6','\"custom\"'),('matrixBlockTypes.03663379-40c4-4699-994b-9893b5a7d3a6.fields.bf1fc6ec-b372-4a28-be13-72424071f4d8.settings.allowedLinkNames.7','\"email\"'),('matrixBlockTypes.03663379-40c4-4699-994b-9893b5a7d3a6.fields.bf1fc6ec-b372-4a28-be13-72424071f4d8.settings.allowedLinkNames.8','\"tel\"'),('matrixBlockTypes.03663379-40c4-4699-994b-9893b5a7d3a6.fields.bf1fc6ec-b372-4a28-be13-72424071f4d8.settings.allowTarget','\"1\"'),('matrixBlockTypes.03663379-40c4-4699-994b-9893b5a7d3a6.fields.bf1fc6ec-b372-4a28-be13-72424071f4d8.settings.autoNoReferrer','\"\"'),('matrixBlockTypes.03663379-40c4-4699-994b-9893b5a7d3a6.fields.bf1fc6ec-b372-4a28-be13-72424071f4d8.settings.defaultLinkName','\"entry\"'),('matrixBlockTypes.03663379-40c4-4699-994b-9893b5a7d3a6.fields.bf1fc6ec-b372-4a28-be13-72424071f4d8.settings.defaultText','\"\"'),('matrixBlockTypes.03663379-40c4-4699-994b-9893b5a7d3a6.fields.bf1fc6ec-b372-4a28-be13-72424071f4d8.settings.enableAriaLabel','\"\"'),('matrixBlockTypes.03663379-40c4-4699-994b-9893b5a7d3a6.fields.bf1fc6ec-b372-4a28-be13-72424071f4d8.settings.enableTitle','\"\"'),('matrixBlockTypes.03663379-40c4-4699-994b-9893b5a7d3a6.fields.bf1fc6ec-b372-4a28-be13-72424071f4d8.settings.typeSettings.__assoc__.0.0','\"asset\"'),('matrixBlockTypes.03663379-40c4-4699-994b-9893b5a7d3a6.fields.bf1fc6ec-b372-4a28-be13-72424071f4d8.settings.typeSettings.__assoc__.0.1.__assoc__.0.0','\"sources\"'),('matrixBlockTypes.03663379-40c4-4699-994b-9893b5a7d3a6.fields.bf1fc6ec-b372-4a28-be13-72424071f4d8.settings.typeSettings.__assoc__.0.1.__assoc__.0.1','\"*\"'),('matrixBlockTypes.03663379-40c4-4699-994b-9893b5a7d3a6.fields.bf1fc6ec-b372-4a28-be13-72424071f4d8.settings.typeSettings.__assoc__.0.1.__assoc__.1.0','\"allowCustomQuery\"'),('matrixBlockTypes.03663379-40c4-4699-994b-9893b5a7d3a6.fields.bf1fc6ec-b372-4a28-be13-72424071f4d8.settings.typeSettings.__assoc__.0.1.__assoc__.1.1','\"\"'),('matrixBlockTypes.03663379-40c4-4699-994b-9893b5a7d3a6.fields.bf1fc6ec-b372-4a28-be13-72424071f4d8.settings.typeSettings.__assoc__.1.0','\"category\"'),('matrixBlockTypes.03663379-40c4-4699-994b-9893b5a7d3a6.fields.bf1fc6ec-b372-4a28-be13-72424071f4d8.settings.typeSettings.__assoc__.1.1.__assoc__.0.0','\"sources\"'),('matrixBlockTypes.03663379-40c4-4699-994b-9893b5a7d3a6.fields.bf1fc6ec-b372-4a28-be13-72424071f4d8.settings.typeSettings.__assoc__.1.1.__assoc__.0.1','\"*\"'),('matrixBlockTypes.03663379-40c4-4699-994b-9893b5a7d3a6.fields.bf1fc6ec-b372-4a28-be13-72424071f4d8.settings.typeSettings.__assoc__.1.1.__assoc__.1.0','\"allowCustomQuery\"'),('matrixBlockTypes.03663379-40c4-4699-994b-9893b5a7d3a6.fields.bf1fc6ec-b372-4a28-be13-72424071f4d8.settings.typeSettings.__assoc__.1.1.__assoc__.1.1','\"\"'),('matrixBlockTypes.03663379-40c4-4699-994b-9893b5a7d3a6.fields.bf1fc6ec-b372-4a28-be13-72424071f4d8.settings.typeSettings.__assoc__.2.0','\"entry\"'),('matrixBlockTypes.03663379-40c4-4699-994b-9893b5a7d3a6.fields.bf1fc6ec-b372-4a28-be13-72424071f4d8.settings.typeSettings.__assoc__.2.1.__assoc__.0.0','\"sources\"'),('matrixBlockTypes.03663379-40c4-4699-994b-9893b5a7d3a6.fields.bf1fc6ec-b372-4a28-be13-72424071f4d8.settings.typeSettings.__assoc__.2.1.__assoc__.0.1.0','\"singles\"'),('matrixBlockTypes.03663379-40c4-4699-994b-9893b5a7d3a6.fields.bf1fc6ec-b372-4a28-be13-72424071f4d8.settings.typeSettings.__assoc__.2.1.__assoc__.0.1.1','\"section:2f1f0ea0-4b22-4e9d-bb51-9e1e32a94cba\"'),('matrixBlockTypes.03663379-40c4-4699-994b-9893b5a7d3a6.fields.bf1fc6ec-b372-4a28-be13-72424071f4d8.settings.typeSettings.__assoc__.2.1.__assoc__.0.1.2','\"section:cefc4625-a115-4b71-b22d-5f6784b3aada\"'),('matrixBlockTypes.03663379-40c4-4699-994b-9893b5a7d3a6.fields.bf1fc6ec-b372-4a28-be13-72424071f4d8.settings.typeSettings.__assoc__.2.1.__assoc__.1.0','\"allowCustomQuery\"'),('matrixBlockTypes.03663379-40c4-4699-994b-9893b5a7d3a6.fields.bf1fc6ec-b372-4a28-be13-72424071f4d8.settings.typeSettings.__assoc__.2.1.__assoc__.1.1','\"\"'),('matrixBlockTypes.03663379-40c4-4699-994b-9893b5a7d3a6.fields.bf1fc6ec-b372-4a28-be13-72424071f4d8.settings.typeSettings.__assoc__.3.0','\"site\"'),('matrixBlockTypes.03663379-40c4-4699-994b-9893b5a7d3a6.fields.bf1fc6ec-b372-4a28-be13-72424071f4d8.settings.typeSettings.__assoc__.3.1.__assoc__.0.0','\"sites\"'),('matrixBlockTypes.03663379-40c4-4699-994b-9893b5a7d3a6.fields.bf1fc6ec-b372-4a28-be13-72424071f4d8.settings.typeSettings.__assoc__.3.1.__assoc__.0.1','\"*\"'),('matrixBlockTypes.03663379-40c4-4699-994b-9893b5a7d3a6.fields.bf1fc6ec-b372-4a28-be13-72424071f4d8.settings.typeSettings.__assoc__.4.0','\"user\"'),('matrixBlockTypes.03663379-40c4-4699-994b-9893b5a7d3a6.fields.bf1fc6ec-b372-4a28-be13-72424071f4d8.settings.typeSettings.__assoc__.4.1.__assoc__.0.0','\"sources\"'),('matrixBlockTypes.03663379-40c4-4699-994b-9893b5a7d3a6.fields.bf1fc6ec-b372-4a28-be13-72424071f4d8.settings.typeSettings.__assoc__.4.1.__assoc__.0.1','\"*\"'),('matrixBlockTypes.03663379-40c4-4699-994b-9893b5a7d3a6.fields.bf1fc6ec-b372-4a28-be13-72424071f4d8.settings.typeSettings.__assoc__.4.1.__assoc__.1.0','\"allowCustomQuery\"'),('matrixBlockTypes.03663379-40c4-4699-994b-9893b5a7d3a6.fields.bf1fc6ec-b372-4a28-be13-72424071f4d8.settings.typeSettings.__assoc__.4.1.__assoc__.1.1','\"\"'),('matrixBlockTypes.03663379-40c4-4699-994b-9893b5a7d3a6.fields.bf1fc6ec-b372-4a28-be13-72424071f4d8.settings.typeSettings.__assoc__.5.0','\"custom\"'),('matrixBlockTypes.03663379-40c4-4699-994b-9893b5a7d3a6.fields.bf1fc6ec-b372-4a28-be13-72424071f4d8.settings.typeSettings.__assoc__.5.1.__assoc__.0.0','\"disableValidation\"'),('matrixBlockTypes.03663379-40c4-4699-994b-9893b5a7d3a6.fields.bf1fc6ec-b372-4a28-be13-72424071f4d8.settings.typeSettings.__assoc__.5.1.__assoc__.0.1','\"\"'),('matrixBlockTypes.03663379-40c4-4699-994b-9893b5a7d3a6.fields.bf1fc6ec-b372-4a28-be13-72424071f4d8.settings.typeSettings.__assoc__.5.1.__assoc__.1.0','\"allowAliases\"'),('matrixBlockTypes.03663379-40c4-4699-994b-9893b5a7d3a6.fields.bf1fc6ec-b372-4a28-be13-72424071f4d8.settings.typeSettings.__assoc__.5.1.__assoc__.1.1','\"\"'),('matrixBlockTypes.03663379-40c4-4699-994b-9893b5a7d3a6.fields.bf1fc6ec-b372-4a28-be13-72424071f4d8.settings.typeSettings.__assoc__.6.0','\"email\"'),('matrixBlockTypes.03663379-40c4-4699-994b-9893b5a7d3a6.fields.bf1fc6ec-b372-4a28-be13-72424071f4d8.settings.typeSettings.__assoc__.6.1.__assoc__.0.0','\"disableValidation\"'),('matrixBlockTypes.03663379-40c4-4699-994b-9893b5a7d3a6.fields.bf1fc6ec-b372-4a28-be13-72424071f4d8.settings.typeSettings.__assoc__.6.1.__assoc__.0.1','\"\"'),('matrixBlockTypes.03663379-40c4-4699-994b-9893b5a7d3a6.fields.bf1fc6ec-b372-4a28-be13-72424071f4d8.settings.typeSettings.__assoc__.6.1.__assoc__.1.0','\"allowAliases\"'),('matrixBlockTypes.03663379-40c4-4699-994b-9893b5a7d3a6.fields.bf1fc6ec-b372-4a28-be13-72424071f4d8.settings.typeSettings.__assoc__.6.1.__assoc__.1.1','\"\"'),('matrixBlockTypes.03663379-40c4-4699-994b-9893b5a7d3a6.fields.bf1fc6ec-b372-4a28-be13-72424071f4d8.settings.typeSettings.__assoc__.7.0','\"tel\"'),('matrixBlockTypes.03663379-40c4-4699-994b-9893b5a7d3a6.fields.bf1fc6ec-b372-4a28-be13-72424071f4d8.settings.typeSettings.__assoc__.7.1.__assoc__.0.0','\"disableValidation\"'),('matrixBlockTypes.03663379-40c4-4699-994b-9893b5a7d3a6.fields.bf1fc6ec-b372-4a28-be13-72424071f4d8.settings.typeSettings.__assoc__.7.1.__assoc__.0.1','\"\"'),('matrixBlockTypes.03663379-40c4-4699-994b-9893b5a7d3a6.fields.bf1fc6ec-b372-4a28-be13-72424071f4d8.settings.typeSettings.__assoc__.7.1.__assoc__.1.0','\"allowAliases\"'),('matrixBlockTypes.03663379-40c4-4699-994b-9893b5a7d3a6.fields.bf1fc6ec-b372-4a28-be13-72424071f4d8.settings.typeSettings.__assoc__.7.1.__assoc__.1.1','\"\"'),('matrixBlockTypes.03663379-40c4-4699-994b-9893b5a7d3a6.fields.bf1fc6ec-b372-4a28-be13-72424071f4d8.settings.typeSettings.__assoc__.8.0','\"url\"'),('matrixBlockTypes.03663379-40c4-4699-994b-9893b5a7d3a6.fields.bf1fc6ec-b372-4a28-be13-72424071f4d8.settings.typeSettings.__assoc__.8.1.__assoc__.0.0','\"disableValidation\"'),('matrixBlockTypes.03663379-40c4-4699-994b-9893b5a7d3a6.fields.bf1fc6ec-b372-4a28-be13-72424071f4d8.settings.typeSettings.__assoc__.8.1.__assoc__.0.1','\"\"'),('matrixBlockTypes.03663379-40c4-4699-994b-9893b5a7d3a6.fields.bf1fc6ec-b372-4a28-be13-72424071f4d8.settings.typeSettings.__assoc__.8.1.__assoc__.1.0','\"allowAliases\"'),('matrixBlockTypes.03663379-40c4-4699-994b-9893b5a7d3a6.fields.bf1fc6ec-b372-4a28-be13-72424071f4d8.settings.typeSettings.__assoc__.8.1.__assoc__.1.1','\"\"'),('matrixBlockTypes.03663379-40c4-4699-994b-9893b5a7d3a6.fields.bf1fc6ec-b372-4a28-be13-72424071f4d8.translationKeyFormat','null'),('matrixBlockTypes.03663379-40c4-4699-994b-9893b5a7d3a6.fields.bf1fc6ec-b372-4a28-be13-72424071f4d8.translationMethod','\"none\"'),('matrixBlockTypes.03663379-40c4-4699-994b-9893b5a7d3a6.fields.bf1fc6ec-b372-4a28-be13-72424071f4d8.type','\"typedlinkfield\\\\fields\\\\LinkField\"'),('matrixBlockTypes.03663379-40c4-4699-994b-9893b5a7d3a6.fields.d4e23e98-4af3-44d4-b91c-748d6eaf4272.contentColumnType','\"text\"'),('matrixBlockTypes.03663379-40c4-4699-994b-9893b5a7d3a6.fields.d4e23e98-4af3-44d4-b91c-748d6eaf4272.fieldGroup','null'),('matrixBlockTypes.03663379-40c4-4699-994b-9893b5a7d3a6.fields.d4e23e98-4af3-44d4-b91c-748d6eaf4272.handle','\"copy\"'),('matrixBlockTypes.03663379-40c4-4699-994b-9893b5a7d3a6.fields.d4e23e98-4af3-44d4-b91c-748d6eaf4272.instructions','\"\"'),('matrixBlockTypes.03663379-40c4-4699-994b-9893b5a7d3a6.fields.d4e23e98-4af3-44d4-b91c-748d6eaf4272.name','\"Copy\"'),('matrixBlockTypes.03663379-40c4-4699-994b-9893b5a7d3a6.fields.d4e23e98-4af3-44d4-b91c-748d6eaf4272.searchable','true'),('matrixBlockTypes.03663379-40c4-4699-994b-9893b5a7d3a6.fields.d4e23e98-4af3-44d4-b91c-748d6eaf4272.settings.availableTransforms','\"*\"'),('matrixBlockTypes.03663379-40c4-4699-994b-9893b5a7d3a6.fields.d4e23e98-4af3-44d4-b91c-748d6eaf4272.settings.availableVolumes','\"\"'),('matrixBlockTypes.03663379-40c4-4699-994b-9893b5a7d3a6.fields.d4e23e98-4af3-44d4-b91c-748d6eaf4272.settings.cleanupHtml','true'),('matrixBlockTypes.03663379-40c4-4699-994b-9893b5a7d3a6.fields.d4e23e98-4af3-44d4-b91c-748d6eaf4272.settings.columnType','\"text\"'),('matrixBlockTypes.03663379-40c4-4699-994b-9893b5a7d3a6.fields.d4e23e98-4af3-44d4-b91c-748d6eaf4272.settings.purifierConfig','\"\"'),('matrixBlockTypes.03663379-40c4-4699-994b-9893b5a7d3a6.fields.d4e23e98-4af3-44d4-b91c-748d6eaf4272.settings.purifyHtml','\"1\"'),('matrixBlockTypes.03663379-40c4-4699-994b-9893b5a7d3a6.fields.d4e23e98-4af3-44d4-b91c-748d6eaf4272.settings.redactorConfig','\"Standard.json\"'),('matrixBlockTypes.03663379-40c4-4699-994b-9893b5a7d3a6.fields.d4e23e98-4af3-44d4-b91c-748d6eaf4272.settings.removeEmptyTags','\"1\"'),('matrixBlockTypes.03663379-40c4-4699-994b-9893b5a7d3a6.fields.d4e23e98-4af3-44d4-b91c-748d6eaf4272.settings.removeInlineStyles','\"1\"'),('matrixBlockTypes.03663379-40c4-4699-994b-9893b5a7d3a6.fields.d4e23e98-4af3-44d4-b91c-748d6eaf4272.settings.removeNbsp','\"1\"'),('matrixBlockTypes.03663379-40c4-4699-994b-9893b5a7d3a6.fields.d4e23e98-4af3-44d4-b91c-748d6eaf4272.settings.showUnpermittedFiles','false'),('matrixBlockTypes.03663379-40c4-4699-994b-9893b5a7d3a6.fields.d4e23e98-4af3-44d4-b91c-748d6eaf4272.settings.showUnpermittedVolumes','false'),('matrixBlockTypes.03663379-40c4-4699-994b-9893b5a7d3a6.fields.d4e23e98-4af3-44d4-b91c-748d6eaf4272.translationKeyFormat','null'),('matrixBlockTypes.03663379-40c4-4699-994b-9893b5a7d3a6.fields.d4e23e98-4af3-44d4-b91c-748d6eaf4272.translationMethod','\"none\"'),('matrixBlockTypes.03663379-40c4-4699-994b-9893b5a7d3a6.fields.d4e23e98-4af3-44d4-b91c-748d6eaf4272.type','\"craft\\\\redactor\\\\Field\"'),('matrixBlockTypes.03663379-40c4-4699-994b-9893b5a7d3a6.handle','\"callToActionBanner\"'),('matrixBlockTypes.03663379-40c4-4699-994b-9893b5a7d3a6.name','\"Call to Action Banner\"'),('matrixBlockTypes.03663379-40c4-4699-994b-9893b5a7d3a6.sortOrder','8'),('matrixBlockTypes.480566ae-7b2c-4ec5-9b70-14589ee29ae7.field','\"1eb0ac2f-150c-4071-b0a0-cdbc98ace82e\"'),('matrixBlockTypes.480566ae-7b2c-4ec5-9b70-14589ee29ae7.fieldLayouts.908905a7-ddf3-4cc9-92f9-3968fa704dfc.tabs.0.fields.308c03a6-af97-4fe6-b8b5-3c94791f071d.required','false'),('matrixBlockTypes.480566ae-7b2c-4ec5-9b70-14589ee29ae7.fieldLayouts.908905a7-ddf3-4cc9-92f9-3968fa704dfc.tabs.0.fields.308c03a6-af97-4fe6-b8b5-3c94791f071d.sortOrder','2'),('matrixBlockTypes.480566ae-7b2c-4ec5-9b70-14589ee29ae7.fieldLayouts.908905a7-ddf3-4cc9-92f9-3968fa704dfc.tabs.0.fields.72e1ae43-c9f1-4b48-866b-aeb1d8484094.required','false'),('matrixBlockTypes.480566ae-7b2c-4ec5-9b70-14589ee29ae7.fieldLayouts.908905a7-ddf3-4cc9-92f9-3968fa704dfc.tabs.0.fields.72e1ae43-c9f1-4b48-866b-aeb1d8484094.sortOrder','3'),('matrixBlockTypes.480566ae-7b2c-4ec5-9b70-14589ee29ae7.fieldLayouts.908905a7-ddf3-4cc9-92f9-3968fa704dfc.tabs.0.fields.72e98f82-20a6-4bec-ba92-3b6f627ada71.required','false'),('matrixBlockTypes.480566ae-7b2c-4ec5-9b70-14589ee29ae7.fieldLayouts.908905a7-ddf3-4cc9-92f9-3968fa704dfc.tabs.0.fields.72e98f82-20a6-4bec-ba92-3b6f627ada71.sortOrder','5'),('matrixBlockTypes.480566ae-7b2c-4ec5-9b70-14589ee29ae7.fieldLayouts.908905a7-ddf3-4cc9-92f9-3968fa704dfc.tabs.0.fields.78b0ed64-9c03-4678-83ec-a7a99d8f00f1.required','false'),('matrixBlockTypes.480566ae-7b2c-4ec5-9b70-14589ee29ae7.fieldLayouts.908905a7-ddf3-4cc9-92f9-3968fa704dfc.tabs.0.fields.78b0ed64-9c03-4678-83ec-a7a99d8f00f1.sortOrder','4'),('matrixBlockTypes.480566ae-7b2c-4ec5-9b70-14589ee29ae7.fieldLayouts.908905a7-ddf3-4cc9-92f9-3968fa704dfc.tabs.0.fields.b31561a2-5d04-451e-bec3-203a9a0b62f8.required','false'),('matrixBlockTypes.480566ae-7b2c-4ec5-9b70-14589ee29ae7.fieldLayouts.908905a7-ddf3-4cc9-92f9-3968fa704dfc.tabs.0.fields.b31561a2-5d04-451e-bec3-203a9a0b62f8.sortOrder','6'),('matrixBlockTypes.480566ae-7b2c-4ec5-9b70-14589ee29ae7.fieldLayouts.908905a7-ddf3-4cc9-92f9-3968fa704dfc.tabs.0.fields.f70fbec7-aef2-4e23-b1a9-daea2438b02b.required','false'),('matrixBlockTypes.480566ae-7b2c-4ec5-9b70-14589ee29ae7.fieldLayouts.908905a7-ddf3-4cc9-92f9-3968fa704dfc.tabs.0.fields.f70fbec7-aef2-4e23-b1a9-daea2438b02b.sortOrder','1'),('matrixBlockTypes.480566ae-7b2c-4ec5-9b70-14589ee29ae7.fieldLayouts.908905a7-ddf3-4cc9-92f9-3968fa704dfc.tabs.0.name','\"Content\"'),('matrixBlockTypes.480566ae-7b2c-4ec5-9b70-14589ee29ae7.fieldLayouts.908905a7-ddf3-4cc9-92f9-3968fa704dfc.tabs.0.sortOrder','1'),('matrixBlockTypes.480566ae-7b2c-4ec5-9b70-14589ee29ae7.fields.308c03a6-af97-4fe6-b8b5-3c94791f071d.contentColumnType','\"string\"'),('matrixBlockTypes.480566ae-7b2c-4ec5-9b70-14589ee29ae7.fields.308c03a6-af97-4fe6-b8b5-3c94791f071d.fieldGroup','null'),('matrixBlockTypes.480566ae-7b2c-4ec5-9b70-14589ee29ae7.fields.308c03a6-af97-4fe6-b8b5-3c94791f071d.handle','\"backgroundImage\"'),('matrixBlockTypes.480566ae-7b2c-4ec5-9b70-14589ee29ae7.fields.308c03a6-af97-4fe6-b8b5-3c94791f071d.instructions','\"This image will replace the selected background color.\"'),('matrixBlockTypes.480566ae-7b2c-4ec5-9b70-14589ee29ae7.fields.308c03a6-af97-4fe6-b8b5-3c94791f071d.name','\"Background Image\"'),('matrixBlockTypes.480566ae-7b2c-4ec5-9b70-14589ee29ae7.fields.308c03a6-af97-4fe6-b8b5-3c94791f071d.searchable','false'),('matrixBlockTypes.480566ae-7b2c-4ec5-9b70-14589ee29ae7.fields.308c03a6-af97-4fe6-b8b5-3c94791f071d.settings.allowedKinds.0','\"image\"'),('matrixBlockTypes.480566ae-7b2c-4ec5-9b70-14589ee29ae7.fields.308c03a6-af97-4fe6-b8b5-3c94791f071d.settings.defaultUploadLocationSource','\"volume:8b0fd7f7-2623-4a21-a578-698d8c0aef75\"'),('matrixBlockTypes.480566ae-7b2c-4ec5-9b70-14589ee29ae7.fields.308c03a6-af97-4fe6-b8b5-3c94791f071d.settings.defaultUploadLocationSubpath','\"\"'),('matrixBlockTypes.480566ae-7b2c-4ec5-9b70-14589ee29ae7.fields.308c03a6-af97-4fe6-b8b5-3c94791f071d.settings.limit','\"1\"'),('matrixBlockTypes.480566ae-7b2c-4ec5-9b70-14589ee29ae7.fields.308c03a6-af97-4fe6-b8b5-3c94791f071d.settings.localizeRelations','false'),('matrixBlockTypes.480566ae-7b2c-4ec5-9b70-14589ee29ae7.fields.308c03a6-af97-4fe6-b8b5-3c94791f071d.settings.restrictFiles','\"1\"'),('matrixBlockTypes.480566ae-7b2c-4ec5-9b70-14589ee29ae7.fields.308c03a6-af97-4fe6-b8b5-3c94791f071d.settings.selectionLabel','\"Add a Background Image\"'),('matrixBlockTypes.480566ae-7b2c-4ec5-9b70-14589ee29ae7.fields.308c03a6-af97-4fe6-b8b5-3c94791f071d.settings.showUnpermittedFiles','false'),('matrixBlockTypes.480566ae-7b2c-4ec5-9b70-14589ee29ae7.fields.308c03a6-af97-4fe6-b8b5-3c94791f071d.settings.showUnpermittedVolumes','false'),('matrixBlockTypes.480566ae-7b2c-4ec5-9b70-14589ee29ae7.fields.308c03a6-af97-4fe6-b8b5-3c94791f071d.settings.singleUploadLocationSource','\"volume:8b0fd7f7-2623-4a21-a578-698d8c0aef75\"'),('matrixBlockTypes.480566ae-7b2c-4ec5-9b70-14589ee29ae7.fields.308c03a6-af97-4fe6-b8b5-3c94791f071d.settings.singleUploadLocationSubpath','\"\"'),('matrixBlockTypes.480566ae-7b2c-4ec5-9b70-14589ee29ae7.fields.308c03a6-af97-4fe6-b8b5-3c94791f071d.settings.source','null'),('matrixBlockTypes.480566ae-7b2c-4ec5-9b70-14589ee29ae7.fields.308c03a6-af97-4fe6-b8b5-3c94791f071d.settings.sources','\"*\"'),('matrixBlockTypes.480566ae-7b2c-4ec5-9b70-14589ee29ae7.fields.308c03a6-af97-4fe6-b8b5-3c94791f071d.settings.targetSiteId','null'),('matrixBlockTypes.480566ae-7b2c-4ec5-9b70-14589ee29ae7.fields.308c03a6-af97-4fe6-b8b5-3c94791f071d.settings.useSingleFolder','true'),('matrixBlockTypes.480566ae-7b2c-4ec5-9b70-14589ee29ae7.fields.308c03a6-af97-4fe6-b8b5-3c94791f071d.settings.validateRelatedElements','\"1\"'),('matrixBlockTypes.480566ae-7b2c-4ec5-9b70-14589ee29ae7.fields.308c03a6-af97-4fe6-b8b5-3c94791f071d.settings.viewMode','\"large\"'),('matrixBlockTypes.480566ae-7b2c-4ec5-9b70-14589ee29ae7.fields.308c03a6-af97-4fe6-b8b5-3c94791f071d.translationKeyFormat','null'),('matrixBlockTypes.480566ae-7b2c-4ec5-9b70-14589ee29ae7.fields.308c03a6-af97-4fe6-b8b5-3c94791f071d.translationMethod','\"site\"'),('matrixBlockTypes.480566ae-7b2c-4ec5-9b70-14589ee29ae7.fields.308c03a6-af97-4fe6-b8b5-3c94791f071d.type','\"craft\\\\fields\\\\Assets\"'),('matrixBlockTypes.480566ae-7b2c-4ec5-9b70-14589ee29ae7.fields.72e1ae43-c9f1-4b48-866b-aeb1d8484094.contentColumnType','\"text\"'),('matrixBlockTypes.480566ae-7b2c-4ec5-9b70-14589ee29ae7.fields.72e1ae43-c9f1-4b48-866b-aeb1d8484094.fieldGroup','null'),('matrixBlockTypes.480566ae-7b2c-4ec5-9b70-14589ee29ae7.fields.72e1ae43-c9f1-4b48-866b-aeb1d8484094.handle','\"heading\"'),('matrixBlockTypes.480566ae-7b2c-4ec5-9b70-14589ee29ae7.fields.72e1ae43-c9f1-4b48-866b-aeb1d8484094.instructions','\"\"'),('matrixBlockTypes.480566ae-7b2c-4ec5-9b70-14589ee29ae7.fields.72e1ae43-c9f1-4b48-866b-aeb1d8484094.name','\"Heading\"'),('matrixBlockTypes.480566ae-7b2c-4ec5-9b70-14589ee29ae7.fields.72e1ae43-c9f1-4b48-866b-aeb1d8484094.searchable','true'),('matrixBlockTypes.480566ae-7b2c-4ec5-9b70-14589ee29ae7.fields.72e1ae43-c9f1-4b48-866b-aeb1d8484094.settings.byteLimit','null'),('matrixBlockTypes.480566ae-7b2c-4ec5-9b70-14589ee29ae7.fields.72e1ae43-c9f1-4b48-866b-aeb1d8484094.settings.charLimit','null'),('matrixBlockTypes.480566ae-7b2c-4ec5-9b70-14589ee29ae7.fields.72e1ae43-c9f1-4b48-866b-aeb1d8484094.settings.code','\"\"'),('matrixBlockTypes.480566ae-7b2c-4ec5-9b70-14589ee29ae7.fields.72e1ae43-c9f1-4b48-866b-aeb1d8484094.settings.columnType','null'),('matrixBlockTypes.480566ae-7b2c-4ec5-9b70-14589ee29ae7.fields.72e1ae43-c9f1-4b48-866b-aeb1d8484094.settings.initialRows','\"4\"'),('matrixBlockTypes.480566ae-7b2c-4ec5-9b70-14589ee29ae7.fields.72e1ae43-c9f1-4b48-866b-aeb1d8484094.settings.multiline','\"\"'),('matrixBlockTypes.480566ae-7b2c-4ec5-9b70-14589ee29ae7.fields.72e1ae43-c9f1-4b48-866b-aeb1d8484094.settings.placeholder','\"\"'),('matrixBlockTypes.480566ae-7b2c-4ec5-9b70-14589ee29ae7.fields.72e1ae43-c9f1-4b48-866b-aeb1d8484094.translationKeyFormat','null'),('matrixBlockTypes.480566ae-7b2c-4ec5-9b70-14589ee29ae7.fields.72e1ae43-c9f1-4b48-866b-aeb1d8484094.translationMethod','\"none\"'),('matrixBlockTypes.480566ae-7b2c-4ec5-9b70-14589ee29ae7.fields.72e1ae43-c9f1-4b48-866b-aeb1d8484094.type','\"craft\\\\fields\\\\PlainText\"'),('matrixBlockTypes.480566ae-7b2c-4ec5-9b70-14589ee29ae7.fields.72e98f82-20a6-4bec-ba92-3b6f627ada71.contentColumnType','\"text\"'),('matrixBlockTypes.480566ae-7b2c-4ec5-9b70-14589ee29ae7.fields.72e98f82-20a6-4bec-ba92-3b6f627ada71.fieldGroup','null'),('matrixBlockTypes.480566ae-7b2c-4ec5-9b70-14589ee29ae7.fields.72e98f82-20a6-4bec-ba92-3b6f627ada71.handle','\"callToAction\"'),('matrixBlockTypes.480566ae-7b2c-4ec5-9b70-14589ee29ae7.fields.72e98f82-20a6-4bec-ba92-3b6f627ada71.instructions','\"\"'),('matrixBlockTypes.480566ae-7b2c-4ec5-9b70-14589ee29ae7.fields.72e98f82-20a6-4bec-ba92-3b6f627ada71.name','\"Call to Action\"'),('matrixBlockTypes.480566ae-7b2c-4ec5-9b70-14589ee29ae7.fields.72e98f82-20a6-4bec-ba92-3b6f627ada71.searchable','false'),('matrixBlockTypes.480566ae-7b2c-4ec5-9b70-14589ee29ae7.fields.72e98f82-20a6-4bec-ba92-3b6f627ada71.settings.allowCustomText','\"1\"'),('matrixBlockTypes.480566ae-7b2c-4ec5-9b70-14589ee29ae7.fields.72e98f82-20a6-4bec-ba92-3b6f627ada71.settings.allowedLinkNames.3','\"entry\"'),('matrixBlockTypes.480566ae-7b2c-4ec5-9b70-14589ee29ae7.fields.72e98f82-20a6-4bec-ba92-3b6f627ada71.settings.allowedLinkNames.6','\"custom\"'),('matrixBlockTypes.480566ae-7b2c-4ec5-9b70-14589ee29ae7.fields.72e98f82-20a6-4bec-ba92-3b6f627ada71.settings.allowedLinkNames.7','\"email\"'),('matrixBlockTypes.480566ae-7b2c-4ec5-9b70-14589ee29ae7.fields.72e98f82-20a6-4bec-ba92-3b6f627ada71.settings.allowedLinkNames.8','\"tel\"'),('matrixBlockTypes.480566ae-7b2c-4ec5-9b70-14589ee29ae7.fields.72e98f82-20a6-4bec-ba92-3b6f627ada71.settings.allowTarget','\"\"'),('matrixBlockTypes.480566ae-7b2c-4ec5-9b70-14589ee29ae7.fields.72e98f82-20a6-4bec-ba92-3b6f627ada71.settings.autoNoReferrer','\"\"'),('matrixBlockTypes.480566ae-7b2c-4ec5-9b70-14589ee29ae7.fields.72e98f82-20a6-4bec-ba92-3b6f627ada71.settings.defaultLinkName','\"entry\"'),('matrixBlockTypes.480566ae-7b2c-4ec5-9b70-14589ee29ae7.fields.72e98f82-20a6-4bec-ba92-3b6f627ada71.settings.defaultText','\"\"'),('matrixBlockTypes.480566ae-7b2c-4ec5-9b70-14589ee29ae7.fields.72e98f82-20a6-4bec-ba92-3b6f627ada71.settings.enableAriaLabel','\"\"'),('matrixBlockTypes.480566ae-7b2c-4ec5-9b70-14589ee29ae7.fields.72e98f82-20a6-4bec-ba92-3b6f627ada71.settings.enableTitle','\"\"'),('matrixBlockTypes.480566ae-7b2c-4ec5-9b70-14589ee29ae7.fields.72e98f82-20a6-4bec-ba92-3b6f627ada71.settings.typeSettings.__assoc__.0.0','\"asset\"'),('matrixBlockTypes.480566ae-7b2c-4ec5-9b70-14589ee29ae7.fields.72e98f82-20a6-4bec-ba92-3b6f627ada71.settings.typeSettings.__assoc__.0.1.__assoc__.0.0','\"sources\"'),('matrixBlockTypes.480566ae-7b2c-4ec5-9b70-14589ee29ae7.fields.72e98f82-20a6-4bec-ba92-3b6f627ada71.settings.typeSettings.__assoc__.0.1.__assoc__.0.1','\"*\"'),('matrixBlockTypes.480566ae-7b2c-4ec5-9b70-14589ee29ae7.fields.72e98f82-20a6-4bec-ba92-3b6f627ada71.settings.typeSettings.__assoc__.0.1.__assoc__.1.0','\"allowCustomQuery\"'),('matrixBlockTypes.480566ae-7b2c-4ec5-9b70-14589ee29ae7.fields.72e98f82-20a6-4bec-ba92-3b6f627ada71.settings.typeSettings.__assoc__.0.1.__assoc__.1.1','\"\"'),('matrixBlockTypes.480566ae-7b2c-4ec5-9b70-14589ee29ae7.fields.72e98f82-20a6-4bec-ba92-3b6f627ada71.settings.typeSettings.__assoc__.1.0','\"category\"'),('matrixBlockTypes.480566ae-7b2c-4ec5-9b70-14589ee29ae7.fields.72e98f82-20a6-4bec-ba92-3b6f627ada71.settings.typeSettings.__assoc__.1.1.__assoc__.0.0','\"sources\"'),('matrixBlockTypes.480566ae-7b2c-4ec5-9b70-14589ee29ae7.fields.72e98f82-20a6-4bec-ba92-3b6f627ada71.settings.typeSettings.__assoc__.1.1.__assoc__.0.1','\"*\"'),('matrixBlockTypes.480566ae-7b2c-4ec5-9b70-14589ee29ae7.fields.72e98f82-20a6-4bec-ba92-3b6f627ada71.settings.typeSettings.__assoc__.1.1.__assoc__.1.0','\"allowCustomQuery\"'),('matrixBlockTypes.480566ae-7b2c-4ec5-9b70-14589ee29ae7.fields.72e98f82-20a6-4bec-ba92-3b6f627ada71.settings.typeSettings.__assoc__.1.1.__assoc__.1.1','\"\"'),('matrixBlockTypes.480566ae-7b2c-4ec5-9b70-14589ee29ae7.fields.72e98f82-20a6-4bec-ba92-3b6f627ada71.settings.typeSettings.__assoc__.2.0','\"entry\"'),('matrixBlockTypes.480566ae-7b2c-4ec5-9b70-14589ee29ae7.fields.72e98f82-20a6-4bec-ba92-3b6f627ada71.settings.typeSettings.__assoc__.2.1.__assoc__.0.0','\"sources\"'),('matrixBlockTypes.480566ae-7b2c-4ec5-9b70-14589ee29ae7.fields.72e98f82-20a6-4bec-ba92-3b6f627ada71.settings.typeSettings.__assoc__.2.1.__assoc__.0.1.0','\"singles\"'),('matrixBlockTypes.480566ae-7b2c-4ec5-9b70-14589ee29ae7.fields.72e98f82-20a6-4bec-ba92-3b6f627ada71.settings.typeSettings.__assoc__.2.1.__assoc__.0.1.1','\"section:2f1f0ea0-4b22-4e9d-bb51-9e1e32a94cba\"'),('matrixBlockTypes.480566ae-7b2c-4ec5-9b70-14589ee29ae7.fields.72e98f82-20a6-4bec-ba92-3b6f627ada71.settings.typeSettings.__assoc__.2.1.__assoc__.0.1.2','\"section:cefc4625-a115-4b71-b22d-5f6784b3aada\"'),('matrixBlockTypes.480566ae-7b2c-4ec5-9b70-14589ee29ae7.fields.72e98f82-20a6-4bec-ba92-3b6f627ada71.settings.typeSettings.__assoc__.2.1.__assoc__.1.0','\"allowCustomQuery\"'),('matrixBlockTypes.480566ae-7b2c-4ec5-9b70-14589ee29ae7.fields.72e98f82-20a6-4bec-ba92-3b6f627ada71.settings.typeSettings.__assoc__.2.1.__assoc__.1.1','\"\"'),('matrixBlockTypes.480566ae-7b2c-4ec5-9b70-14589ee29ae7.fields.72e98f82-20a6-4bec-ba92-3b6f627ada71.settings.typeSettings.__assoc__.3.0','\"site\"'),('matrixBlockTypes.480566ae-7b2c-4ec5-9b70-14589ee29ae7.fields.72e98f82-20a6-4bec-ba92-3b6f627ada71.settings.typeSettings.__assoc__.3.1.__assoc__.0.0','\"sites\"'),('matrixBlockTypes.480566ae-7b2c-4ec5-9b70-14589ee29ae7.fields.72e98f82-20a6-4bec-ba92-3b6f627ada71.settings.typeSettings.__assoc__.3.1.__assoc__.0.1','\"*\"'),('matrixBlockTypes.480566ae-7b2c-4ec5-9b70-14589ee29ae7.fields.72e98f82-20a6-4bec-ba92-3b6f627ada71.settings.typeSettings.__assoc__.4.0','\"user\"'),('matrixBlockTypes.480566ae-7b2c-4ec5-9b70-14589ee29ae7.fields.72e98f82-20a6-4bec-ba92-3b6f627ada71.settings.typeSettings.__assoc__.4.1.__assoc__.0.0','\"sources\"'),('matrixBlockTypes.480566ae-7b2c-4ec5-9b70-14589ee29ae7.fields.72e98f82-20a6-4bec-ba92-3b6f627ada71.settings.typeSettings.__assoc__.4.1.__assoc__.0.1','\"*\"'),('matrixBlockTypes.480566ae-7b2c-4ec5-9b70-14589ee29ae7.fields.72e98f82-20a6-4bec-ba92-3b6f627ada71.settings.typeSettings.__assoc__.4.1.__assoc__.1.0','\"allowCustomQuery\"'),('matrixBlockTypes.480566ae-7b2c-4ec5-9b70-14589ee29ae7.fields.72e98f82-20a6-4bec-ba92-3b6f627ada71.settings.typeSettings.__assoc__.4.1.__assoc__.1.1','\"\"'),('matrixBlockTypes.480566ae-7b2c-4ec5-9b70-14589ee29ae7.fields.72e98f82-20a6-4bec-ba92-3b6f627ada71.settings.typeSettings.__assoc__.5.0','\"custom\"'),('matrixBlockTypes.480566ae-7b2c-4ec5-9b70-14589ee29ae7.fields.72e98f82-20a6-4bec-ba92-3b6f627ada71.settings.typeSettings.__assoc__.5.1.__assoc__.0.0','\"disableValidation\"'),('matrixBlockTypes.480566ae-7b2c-4ec5-9b70-14589ee29ae7.fields.72e98f82-20a6-4bec-ba92-3b6f627ada71.settings.typeSettings.__assoc__.5.1.__assoc__.0.1','\"\"'),('matrixBlockTypes.480566ae-7b2c-4ec5-9b70-14589ee29ae7.fields.72e98f82-20a6-4bec-ba92-3b6f627ada71.settings.typeSettings.__assoc__.5.1.__assoc__.1.0','\"allowAliases\"'),('matrixBlockTypes.480566ae-7b2c-4ec5-9b70-14589ee29ae7.fields.72e98f82-20a6-4bec-ba92-3b6f627ada71.settings.typeSettings.__assoc__.5.1.__assoc__.1.1','\"\"'),('matrixBlockTypes.480566ae-7b2c-4ec5-9b70-14589ee29ae7.fields.72e98f82-20a6-4bec-ba92-3b6f627ada71.settings.typeSettings.__assoc__.6.0','\"email\"'),('matrixBlockTypes.480566ae-7b2c-4ec5-9b70-14589ee29ae7.fields.72e98f82-20a6-4bec-ba92-3b6f627ada71.settings.typeSettings.__assoc__.6.1.__assoc__.0.0','\"disableValidation\"'),('matrixBlockTypes.480566ae-7b2c-4ec5-9b70-14589ee29ae7.fields.72e98f82-20a6-4bec-ba92-3b6f627ada71.settings.typeSettings.__assoc__.6.1.__assoc__.0.1','\"\"'),('matrixBlockTypes.480566ae-7b2c-4ec5-9b70-14589ee29ae7.fields.72e98f82-20a6-4bec-ba92-3b6f627ada71.settings.typeSettings.__assoc__.6.1.__assoc__.1.0','\"allowAliases\"'),('matrixBlockTypes.480566ae-7b2c-4ec5-9b70-14589ee29ae7.fields.72e98f82-20a6-4bec-ba92-3b6f627ada71.settings.typeSettings.__assoc__.6.1.__assoc__.1.1','\"\"'),('matrixBlockTypes.480566ae-7b2c-4ec5-9b70-14589ee29ae7.fields.72e98f82-20a6-4bec-ba92-3b6f627ada71.settings.typeSettings.__assoc__.7.0','\"tel\"'),('matrixBlockTypes.480566ae-7b2c-4ec5-9b70-14589ee29ae7.fields.72e98f82-20a6-4bec-ba92-3b6f627ada71.settings.typeSettings.__assoc__.7.1.__assoc__.0.0','\"disableValidation\"'),('matrixBlockTypes.480566ae-7b2c-4ec5-9b70-14589ee29ae7.fields.72e98f82-20a6-4bec-ba92-3b6f627ada71.settings.typeSettings.__assoc__.7.1.__assoc__.0.1','\"\"'),('matrixBlockTypes.480566ae-7b2c-4ec5-9b70-14589ee29ae7.fields.72e98f82-20a6-4bec-ba92-3b6f627ada71.settings.typeSettings.__assoc__.7.1.__assoc__.1.0','\"allowAliases\"'),('matrixBlockTypes.480566ae-7b2c-4ec5-9b70-14589ee29ae7.fields.72e98f82-20a6-4bec-ba92-3b6f627ada71.settings.typeSettings.__assoc__.7.1.__assoc__.1.1','\"\"'),('matrixBlockTypes.480566ae-7b2c-4ec5-9b70-14589ee29ae7.fields.72e98f82-20a6-4bec-ba92-3b6f627ada71.settings.typeSettings.__assoc__.8.0','\"url\"'),('matrixBlockTypes.480566ae-7b2c-4ec5-9b70-14589ee29ae7.fields.72e98f82-20a6-4bec-ba92-3b6f627ada71.settings.typeSettings.__assoc__.8.1.__assoc__.0.0','\"disableValidation\"'),('matrixBlockTypes.480566ae-7b2c-4ec5-9b70-14589ee29ae7.fields.72e98f82-20a6-4bec-ba92-3b6f627ada71.settings.typeSettings.__assoc__.8.1.__assoc__.0.1','\"\"'),('matrixBlockTypes.480566ae-7b2c-4ec5-9b70-14589ee29ae7.fields.72e98f82-20a6-4bec-ba92-3b6f627ada71.settings.typeSettings.__assoc__.8.1.__assoc__.1.0','\"allowAliases\"'),('matrixBlockTypes.480566ae-7b2c-4ec5-9b70-14589ee29ae7.fields.72e98f82-20a6-4bec-ba92-3b6f627ada71.settings.typeSettings.__assoc__.8.1.__assoc__.1.1','\"\"'),('matrixBlockTypes.480566ae-7b2c-4ec5-9b70-14589ee29ae7.fields.72e98f82-20a6-4bec-ba92-3b6f627ada71.translationKeyFormat','null'),('matrixBlockTypes.480566ae-7b2c-4ec5-9b70-14589ee29ae7.fields.72e98f82-20a6-4bec-ba92-3b6f627ada71.translationMethod','\"none\"'),('matrixBlockTypes.480566ae-7b2c-4ec5-9b70-14589ee29ae7.fields.72e98f82-20a6-4bec-ba92-3b6f627ada71.type','\"typedlinkfield\\\\fields\\\\LinkField\"'),('matrixBlockTypes.480566ae-7b2c-4ec5-9b70-14589ee29ae7.fields.78b0ed64-9c03-4678-83ec-a7a99d8f00f1.contentColumnType','\"text\"'),('matrixBlockTypes.480566ae-7b2c-4ec5-9b70-14589ee29ae7.fields.78b0ed64-9c03-4678-83ec-a7a99d8f00f1.fieldGroup','null'),('matrixBlockTypes.480566ae-7b2c-4ec5-9b70-14589ee29ae7.fields.78b0ed64-9c03-4678-83ec-a7a99d8f00f1.handle','\"copy\"'),('matrixBlockTypes.480566ae-7b2c-4ec5-9b70-14589ee29ae7.fields.78b0ed64-9c03-4678-83ec-a7a99d8f00f1.instructions','\"\"'),('matrixBlockTypes.480566ae-7b2c-4ec5-9b70-14589ee29ae7.fields.78b0ed64-9c03-4678-83ec-a7a99d8f00f1.name','\"Copy\"'),('matrixBlockTypes.480566ae-7b2c-4ec5-9b70-14589ee29ae7.fields.78b0ed64-9c03-4678-83ec-a7a99d8f00f1.searchable','true'),('matrixBlockTypes.480566ae-7b2c-4ec5-9b70-14589ee29ae7.fields.78b0ed64-9c03-4678-83ec-a7a99d8f00f1.settings.availableTransforms','\"*\"'),('matrixBlockTypes.480566ae-7b2c-4ec5-9b70-14589ee29ae7.fields.78b0ed64-9c03-4678-83ec-a7a99d8f00f1.settings.availableVolumes','\"\"'),('matrixBlockTypes.480566ae-7b2c-4ec5-9b70-14589ee29ae7.fields.78b0ed64-9c03-4678-83ec-a7a99d8f00f1.settings.cleanupHtml','true'),('matrixBlockTypes.480566ae-7b2c-4ec5-9b70-14589ee29ae7.fields.78b0ed64-9c03-4678-83ec-a7a99d8f00f1.settings.columnType','\"text\"'),('matrixBlockTypes.480566ae-7b2c-4ec5-9b70-14589ee29ae7.fields.78b0ed64-9c03-4678-83ec-a7a99d8f00f1.settings.purifierConfig','\"\"'),('matrixBlockTypes.480566ae-7b2c-4ec5-9b70-14589ee29ae7.fields.78b0ed64-9c03-4678-83ec-a7a99d8f00f1.settings.purifyHtml','\"1\"'),('matrixBlockTypes.480566ae-7b2c-4ec5-9b70-14589ee29ae7.fields.78b0ed64-9c03-4678-83ec-a7a99d8f00f1.settings.redactorConfig','\"Simple.json\"'),('matrixBlockTypes.480566ae-7b2c-4ec5-9b70-14589ee29ae7.fields.78b0ed64-9c03-4678-83ec-a7a99d8f00f1.settings.removeEmptyTags','\"1\"'),('matrixBlockTypes.480566ae-7b2c-4ec5-9b70-14589ee29ae7.fields.78b0ed64-9c03-4678-83ec-a7a99d8f00f1.settings.removeInlineStyles','\"1\"'),('matrixBlockTypes.480566ae-7b2c-4ec5-9b70-14589ee29ae7.fields.78b0ed64-9c03-4678-83ec-a7a99d8f00f1.settings.removeNbsp','\"1\"'),('matrixBlockTypes.480566ae-7b2c-4ec5-9b70-14589ee29ae7.fields.78b0ed64-9c03-4678-83ec-a7a99d8f00f1.settings.showUnpermittedFiles','false'),('matrixBlockTypes.480566ae-7b2c-4ec5-9b70-14589ee29ae7.fields.78b0ed64-9c03-4678-83ec-a7a99d8f00f1.settings.showUnpermittedVolumes','false'),('matrixBlockTypes.480566ae-7b2c-4ec5-9b70-14589ee29ae7.fields.78b0ed64-9c03-4678-83ec-a7a99d8f00f1.translationKeyFormat','null'),('matrixBlockTypes.480566ae-7b2c-4ec5-9b70-14589ee29ae7.fields.78b0ed64-9c03-4678-83ec-a7a99d8f00f1.translationMethod','\"none\"'),('matrixBlockTypes.480566ae-7b2c-4ec5-9b70-14589ee29ae7.fields.78b0ed64-9c03-4678-83ec-a7a99d8f00f1.type','\"craft\\\\redactor\\\\Field\"'),('matrixBlockTypes.480566ae-7b2c-4ec5-9b70-14589ee29ae7.fields.b31561a2-5d04-451e-bec3-203a9a0b62f8.contentColumnType','\"text\"'),('matrixBlockTypes.480566ae-7b2c-4ec5-9b70-14589ee29ae7.fields.b31561a2-5d04-451e-bec3-203a9a0b62f8.fieldGroup','null'),('matrixBlockTypes.480566ae-7b2c-4ec5-9b70-14589ee29ae7.fields.b31561a2-5d04-451e-bec3-203a9a0b62f8.handle','\"secondaryAction\"'),('matrixBlockTypes.480566ae-7b2c-4ec5-9b70-14589ee29ae7.fields.b31561a2-5d04-451e-bec3-203a9a0b62f8.instructions','\"\"'),('matrixBlockTypes.480566ae-7b2c-4ec5-9b70-14589ee29ae7.fields.b31561a2-5d04-451e-bec3-203a9a0b62f8.name','\"Secondary Action\"'),('matrixBlockTypes.480566ae-7b2c-4ec5-9b70-14589ee29ae7.fields.b31561a2-5d04-451e-bec3-203a9a0b62f8.searchable','false'),('matrixBlockTypes.480566ae-7b2c-4ec5-9b70-14589ee29ae7.fields.b31561a2-5d04-451e-bec3-203a9a0b62f8.settings.allowCustomText','\"1\"'),('matrixBlockTypes.480566ae-7b2c-4ec5-9b70-14589ee29ae7.fields.b31561a2-5d04-451e-bec3-203a9a0b62f8.settings.allowedLinkNames.3','\"entry\"'),('matrixBlockTypes.480566ae-7b2c-4ec5-9b70-14589ee29ae7.fields.b31561a2-5d04-451e-bec3-203a9a0b62f8.settings.allowedLinkNames.6','\"custom\"'),('matrixBlockTypes.480566ae-7b2c-4ec5-9b70-14589ee29ae7.fields.b31561a2-5d04-451e-bec3-203a9a0b62f8.settings.allowedLinkNames.7','\"email\"'),('matrixBlockTypes.480566ae-7b2c-4ec5-9b70-14589ee29ae7.fields.b31561a2-5d04-451e-bec3-203a9a0b62f8.settings.allowedLinkNames.8','\"tel\"'),('matrixBlockTypes.480566ae-7b2c-4ec5-9b70-14589ee29ae7.fields.b31561a2-5d04-451e-bec3-203a9a0b62f8.settings.allowTarget','\"\"'),('matrixBlockTypes.480566ae-7b2c-4ec5-9b70-14589ee29ae7.fields.b31561a2-5d04-451e-bec3-203a9a0b62f8.settings.autoNoReferrer','\"\"'),('matrixBlockTypes.480566ae-7b2c-4ec5-9b70-14589ee29ae7.fields.b31561a2-5d04-451e-bec3-203a9a0b62f8.settings.defaultLinkName','\"entry\"'),('matrixBlockTypes.480566ae-7b2c-4ec5-9b70-14589ee29ae7.fields.b31561a2-5d04-451e-bec3-203a9a0b62f8.settings.defaultText','\"\"'),('matrixBlockTypes.480566ae-7b2c-4ec5-9b70-14589ee29ae7.fields.b31561a2-5d04-451e-bec3-203a9a0b62f8.settings.enableAriaLabel','\"\"'),('matrixBlockTypes.480566ae-7b2c-4ec5-9b70-14589ee29ae7.fields.b31561a2-5d04-451e-bec3-203a9a0b62f8.settings.enableTitle','\"\"'),('matrixBlockTypes.480566ae-7b2c-4ec5-9b70-14589ee29ae7.fields.b31561a2-5d04-451e-bec3-203a9a0b62f8.settings.typeSettings.__assoc__.0.0','\"asset\"'),('matrixBlockTypes.480566ae-7b2c-4ec5-9b70-14589ee29ae7.fields.b31561a2-5d04-451e-bec3-203a9a0b62f8.settings.typeSettings.__assoc__.0.1.__assoc__.0.0','\"sources\"'),('matrixBlockTypes.480566ae-7b2c-4ec5-9b70-14589ee29ae7.fields.b31561a2-5d04-451e-bec3-203a9a0b62f8.settings.typeSettings.__assoc__.0.1.__assoc__.0.1','\"*\"'),('matrixBlockTypes.480566ae-7b2c-4ec5-9b70-14589ee29ae7.fields.b31561a2-5d04-451e-bec3-203a9a0b62f8.settings.typeSettings.__assoc__.0.1.__assoc__.1.0','\"allowCustomQuery\"'),('matrixBlockTypes.480566ae-7b2c-4ec5-9b70-14589ee29ae7.fields.b31561a2-5d04-451e-bec3-203a9a0b62f8.settings.typeSettings.__assoc__.0.1.__assoc__.1.1','\"\"'),('matrixBlockTypes.480566ae-7b2c-4ec5-9b70-14589ee29ae7.fields.b31561a2-5d04-451e-bec3-203a9a0b62f8.settings.typeSettings.__assoc__.1.0','\"category\"'),('matrixBlockTypes.480566ae-7b2c-4ec5-9b70-14589ee29ae7.fields.b31561a2-5d04-451e-bec3-203a9a0b62f8.settings.typeSettings.__assoc__.1.1.__assoc__.0.0','\"sources\"'),('matrixBlockTypes.480566ae-7b2c-4ec5-9b70-14589ee29ae7.fields.b31561a2-5d04-451e-bec3-203a9a0b62f8.settings.typeSettings.__assoc__.1.1.__assoc__.0.1','\"*\"'),('matrixBlockTypes.480566ae-7b2c-4ec5-9b70-14589ee29ae7.fields.b31561a2-5d04-451e-bec3-203a9a0b62f8.settings.typeSettings.__assoc__.1.1.__assoc__.1.0','\"allowCustomQuery\"'),('matrixBlockTypes.480566ae-7b2c-4ec5-9b70-14589ee29ae7.fields.b31561a2-5d04-451e-bec3-203a9a0b62f8.settings.typeSettings.__assoc__.1.1.__assoc__.1.1','\"\"'),('matrixBlockTypes.480566ae-7b2c-4ec5-9b70-14589ee29ae7.fields.b31561a2-5d04-451e-bec3-203a9a0b62f8.settings.typeSettings.__assoc__.2.0','\"entry\"'),('matrixBlockTypes.480566ae-7b2c-4ec5-9b70-14589ee29ae7.fields.b31561a2-5d04-451e-bec3-203a9a0b62f8.settings.typeSettings.__assoc__.2.1.__assoc__.0.0','\"sources\"'),('matrixBlockTypes.480566ae-7b2c-4ec5-9b70-14589ee29ae7.fields.b31561a2-5d04-451e-bec3-203a9a0b62f8.settings.typeSettings.__assoc__.2.1.__assoc__.0.1.0','\"singles\"'),('matrixBlockTypes.480566ae-7b2c-4ec5-9b70-14589ee29ae7.fields.b31561a2-5d04-451e-bec3-203a9a0b62f8.settings.typeSettings.__assoc__.2.1.__assoc__.0.1.1','\"section:2f1f0ea0-4b22-4e9d-bb51-9e1e32a94cba\"'),('matrixBlockTypes.480566ae-7b2c-4ec5-9b70-14589ee29ae7.fields.b31561a2-5d04-451e-bec3-203a9a0b62f8.settings.typeSettings.__assoc__.2.1.__assoc__.0.1.2','\"section:cefc4625-a115-4b71-b22d-5f6784b3aada\"'),('matrixBlockTypes.480566ae-7b2c-4ec5-9b70-14589ee29ae7.fields.b31561a2-5d04-451e-bec3-203a9a0b62f8.settings.typeSettings.__assoc__.2.1.__assoc__.1.0','\"allowCustomQuery\"'),('matrixBlockTypes.480566ae-7b2c-4ec5-9b70-14589ee29ae7.fields.b31561a2-5d04-451e-bec3-203a9a0b62f8.settings.typeSettings.__assoc__.2.1.__assoc__.1.1','\"\"'),('matrixBlockTypes.480566ae-7b2c-4ec5-9b70-14589ee29ae7.fields.b31561a2-5d04-451e-bec3-203a9a0b62f8.settings.typeSettings.__assoc__.3.0','\"site\"'),('matrixBlockTypes.480566ae-7b2c-4ec5-9b70-14589ee29ae7.fields.b31561a2-5d04-451e-bec3-203a9a0b62f8.settings.typeSettings.__assoc__.3.1.__assoc__.0.0','\"sites\"'),('matrixBlockTypes.480566ae-7b2c-4ec5-9b70-14589ee29ae7.fields.b31561a2-5d04-451e-bec3-203a9a0b62f8.settings.typeSettings.__assoc__.3.1.__assoc__.0.1','\"*\"'),('matrixBlockTypes.480566ae-7b2c-4ec5-9b70-14589ee29ae7.fields.b31561a2-5d04-451e-bec3-203a9a0b62f8.settings.typeSettings.__assoc__.4.0','\"user\"'),('matrixBlockTypes.480566ae-7b2c-4ec5-9b70-14589ee29ae7.fields.b31561a2-5d04-451e-bec3-203a9a0b62f8.settings.typeSettings.__assoc__.4.1.__assoc__.0.0','\"sources\"'),('matrixBlockTypes.480566ae-7b2c-4ec5-9b70-14589ee29ae7.fields.b31561a2-5d04-451e-bec3-203a9a0b62f8.settings.typeSettings.__assoc__.4.1.__assoc__.0.1','\"*\"'),('matrixBlockTypes.480566ae-7b2c-4ec5-9b70-14589ee29ae7.fields.b31561a2-5d04-451e-bec3-203a9a0b62f8.settings.typeSettings.__assoc__.4.1.__assoc__.1.0','\"allowCustomQuery\"'),('matrixBlockTypes.480566ae-7b2c-4ec5-9b70-14589ee29ae7.fields.b31561a2-5d04-451e-bec3-203a9a0b62f8.settings.typeSettings.__assoc__.4.1.__assoc__.1.1','\"\"'),('matrixBlockTypes.480566ae-7b2c-4ec5-9b70-14589ee29ae7.fields.b31561a2-5d04-451e-bec3-203a9a0b62f8.settings.typeSettings.__assoc__.5.0','\"custom\"'),('matrixBlockTypes.480566ae-7b2c-4ec5-9b70-14589ee29ae7.fields.b31561a2-5d04-451e-bec3-203a9a0b62f8.settings.typeSettings.__assoc__.5.1.__assoc__.0.0','\"disableValidation\"'),('matrixBlockTypes.480566ae-7b2c-4ec5-9b70-14589ee29ae7.fields.b31561a2-5d04-451e-bec3-203a9a0b62f8.settings.typeSettings.__assoc__.5.1.__assoc__.0.1','\"\"'),('matrixBlockTypes.480566ae-7b2c-4ec5-9b70-14589ee29ae7.fields.b31561a2-5d04-451e-bec3-203a9a0b62f8.settings.typeSettings.__assoc__.5.1.__assoc__.1.0','\"allowAliases\"'),('matrixBlockTypes.480566ae-7b2c-4ec5-9b70-14589ee29ae7.fields.b31561a2-5d04-451e-bec3-203a9a0b62f8.settings.typeSettings.__assoc__.5.1.__assoc__.1.1','\"\"'),('matrixBlockTypes.480566ae-7b2c-4ec5-9b70-14589ee29ae7.fields.b31561a2-5d04-451e-bec3-203a9a0b62f8.settings.typeSettings.__assoc__.6.0','\"email\"'),('matrixBlockTypes.480566ae-7b2c-4ec5-9b70-14589ee29ae7.fields.b31561a2-5d04-451e-bec3-203a9a0b62f8.settings.typeSettings.__assoc__.6.1.__assoc__.0.0','\"disableValidation\"'),('matrixBlockTypes.480566ae-7b2c-4ec5-9b70-14589ee29ae7.fields.b31561a2-5d04-451e-bec3-203a9a0b62f8.settings.typeSettings.__assoc__.6.1.__assoc__.0.1','\"\"'),('matrixBlockTypes.480566ae-7b2c-4ec5-9b70-14589ee29ae7.fields.b31561a2-5d04-451e-bec3-203a9a0b62f8.settings.typeSettings.__assoc__.6.1.__assoc__.1.0','\"allowAliases\"'),('matrixBlockTypes.480566ae-7b2c-4ec5-9b70-14589ee29ae7.fields.b31561a2-5d04-451e-bec3-203a9a0b62f8.settings.typeSettings.__assoc__.6.1.__assoc__.1.1','\"\"'),('matrixBlockTypes.480566ae-7b2c-4ec5-9b70-14589ee29ae7.fields.b31561a2-5d04-451e-bec3-203a9a0b62f8.settings.typeSettings.__assoc__.7.0','\"tel\"'),('matrixBlockTypes.480566ae-7b2c-4ec5-9b70-14589ee29ae7.fields.b31561a2-5d04-451e-bec3-203a9a0b62f8.settings.typeSettings.__assoc__.7.1.__assoc__.0.0','\"disableValidation\"'),('matrixBlockTypes.480566ae-7b2c-4ec5-9b70-14589ee29ae7.fields.b31561a2-5d04-451e-bec3-203a9a0b62f8.settings.typeSettings.__assoc__.7.1.__assoc__.0.1','\"\"'),('matrixBlockTypes.480566ae-7b2c-4ec5-9b70-14589ee29ae7.fields.b31561a2-5d04-451e-bec3-203a9a0b62f8.settings.typeSettings.__assoc__.7.1.__assoc__.1.0','\"allowAliases\"'),('matrixBlockTypes.480566ae-7b2c-4ec5-9b70-14589ee29ae7.fields.b31561a2-5d04-451e-bec3-203a9a0b62f8.settings.typeSettings.__assoc__.7.1.__assoc__.1.1','\"\"'),('matrixBlockTypes.480566ae-7b2c-4ec5-9b70-14589ee29ae7.fields.b31561a2-5d04-451e-bec3-203a9a0b62f8.settings.typeSettings.__assoc__.8.0','\"url\"'),('matrixBlockTypes.480566ae-7b2c-4ec5-9b70-14589ee29ae7.fields.b31561a2-5d04-451e-bec3-203a9a0b62f8.settings.typeSettings.__assoc__.8.1.__assoc__.0.0','\"disableValidation\"'),('matrixBlockTypes.480566ae-7b2c-4ec5-9b70-14589ee29ae7.fields.b31561a2-5d04-451e-bec3-203a9a0b62f8.settings.typeSettings.__assoc__.8.1.__assoc__.0.1','\"\"'),('matrixBlockTypes.480566ae-7b2c-4ec5-9b70-14589ee29ae7.fields.b31561a2-5d04-451e-bec3-203a9a0b62f8.settings.typeSettings.__assoc__.8.1.__assoc__.1.0','\"allowAliases\"'),('matrixBlockTypes.480566ae-7b2c-4ec5-9b70-14589ee29ae7.fields.b31561a2-5d04-451e-bec3-203a9a0b62f8.settings.typeSettings.__assoc__.8.1.__assoc__.1.1','\"\"'),('matrixBlockTypes.480566ae-7b2c-4ec5-9b70-14589ee29ae7.fields.b31561a2-5d04-451e-bec3-203a9a0b62f8.translationKeyFormat','null'),('matrixBlockTypes.480566ae-7b2c-4ec5-9b70-14589ee29ae7.fields.b31561a2-5d04-451e-bec3-203a9a0b62f8.translationMethod','\"none\"'),('matrixBlockTypes.480566ae-7b2c-4ec5-9b70-14589ee29ae7.fields.b31561a2-5d04-451e-bec3-203a9a0b62f8.type','\"typedlinkfield\\\\fields\\\\LinkField\"'),('matrixBlockTypes.480566ae-7b2c-4ec5-9b70-14589ee29ae7.fields.f70fbec7-aef2-4e23-b1a9-daea2438b02b.contentColumnType','\"string\"'),('matrixBlockTypes.480566ae-7b2c-4ec5-9b70-14589ee29ae7.fields.f70fbec7-aef2-4e23-b1a9-daea2438b02b.fieldGroup','null'),('matrixBlockTypes.480566ae-7b2c-4ec5-9b70-14589ee29ae7.fields.f70fbec7-aef2-4e23-b1a9-daea2438b02b.handle','\"backgroundColor\"'),('matrixBlockTypes.480566ae-7b2c-4ec5-9b70-14589ee29ae7.fields.f70fbec7-aef2-4e23-b1a9-daea2438b02b.instructions','\"\"'),('matrixBlockTypes.480566ae-7b2c-4ec5-9b70-14589ee29ae7.fields.f70fbec7-aef2-4e23-b1a9-daea2438b02b.name','\"Background Color\"'),('matrixBlockTypes.480566ae-7b2c-4ec5-9b70-14589ee29ae7.fields.f70fbec7-aef2-4e23-b1a9-daea2438b02b.searchable','false'),('matrixBlockTypes.480566ae-7b2c-4ec5-9b70-14589ee29ae7.fields.f70fbec7-aef2-4e23-b1a9-daea2438b02b.settings.optgroups','true'),('matrixBlockTypes.480566ae-7b2c-4ec5-9b70-14589ee29ae7.fields.f70fbec7-aef2-4e23-b1a9-daea2438b02b.settings.options.0.__assoc__.0.0','\"label\"'),('matrixBlockTypes.480566ae-7b2c-4ec5-9b70-14589ee29ae7.fields.f70fbec7-aef2-4e23-b1a9-daea2438b02b.settings.options.0.__assoc__.0.1','\"Light\"'),('matrixBlockTypes.480566ae-7b2c-4ec5-9b70-14589ee29ae7.fields.f70fbec7-aef2-4e23-b1a9-daea2438b02b.settings.options.0.__assoc__.1.0','\"value\"'),('matrixBlockTypes.480566ae-7b2c-4ec5-9b70-14589ee29ae7.fields.f70fbec7-aef2-4e23-b1a9-daea2438b02b.settings.options.0.__assoc__.1.1','\"light\"'),('matrixBlockTypes.480566ae-7b2c-4ec5-9b70-14589ee29ae7.fields.f70fbec7-aef2-4e23-b1a9-daea2438b02b.settings.options.0.__assoc__.2.0','\"default\"'),('matrixBlockTypes.480566ae-7b2c-4ec5-9b70-14589ee29ae7.fields.f70fbec7-aef2-4e23-b1a9-daea2438b02b.settings.options.0.__assoc__.2.1','\"1\"'),('matrixBlockTypes.480566ae-7b2c-4ec5-9b70-14589ee29ae7.fields.f70fbec7-aef2-4e23-b1a9-daea2438b02b.settings.options.1.__assoc__.0.0','\"label\"'),('matrixBlockTypes.480566ae-7b2c-4ec5-9b70-14589ee29ae7.fields.f70fbec7-aef2-4e23-b1a9-daea2438b02b.settings.options.1.__assoc__.0.1','\"Dark\"'),('matrixBlockTypes.480566ae-7b2c-4ec5-9b70-14589ee29ae7.fields.f70fbec7-aef2-4e23-b1a9-daea2438b02b.settings.options.1.__assoc__.1.0','\"value\"'),('matrixBlockTypes.480566ae-7b2c-4ec5-9b70-14589ee29ae7.fields.f70fbec7-aef2-4e23-b1a9-daea2438b02b.settings.options.1.__assoc__.1.1','\"dark\"'),('matrixBlockTypes.480566ae-7b2c-4ec5-9b70-14589ee29ae7.fields.f70fbec7-aef2-4e23-b1a9-daea2438b02b.settings.options.1.__assoc__.2.0','\"default\"'),('matrixBlockTypes.480566ae-7b2c-4ec5-9b70-14589ee29ae7.fields.f70fbec7-aef2-4e23-b1a9-daea2438b02b.settings.options.1.__assoc__.2.1','\"\"'),('matrixBlockTypes.480566ae-7b2c-4ec5-9b70-14589ee29ae7.fields.f70fbec7-aef2-4e23-b1a9-daea2438b02b.settings.options.2.__assoc__.0.0','\"label\"'),('matrixBlockTypes.480566ae-7b2c-4ec5-9b70-14589ee29ae7.fields.f70fbec7-aef2-4e23-b1a9-daea2438b02b.settings.options.2.__assoc__.0.1','\"Color\"'),('matrixBlockTypes.480566ae-7b2c-4ec5-9b70-14589ee29ae7.fields.f70fbec7-aef2-4e23-b1a9-daea2438b02b.settings.options.2.__assoc__.1.0','\"value\"'),('matrixBlockTypes.480566ae-7b2c-4ec5-9b70-14589ee29ae7.fields.f70fbec7-aef2-4e23-b1a9-daea2438b02b.settings.options.2.__assoc__.1.1','\"color\"'),('matrixBlockTypes.480566ae-7b2c-4ec5-9b70-14589ee29ae7.fields.f70fbec7-aef2-4e23-b1a9-daea2438b02b.settings.options.2.__assoc__.2.0','\"default\"'),('matrixBlockTypes.480566ae-7b2c-4ec5-9b70-14589ee29ae7.fields.f70fbec7-aef2-4e23-b1a9-daea2438b02b.settings.options.2.__assoc__.2.1','\"\"'),('matrixBlockTypes.480566ae-7b2c-4ec5-9b70-14589ee29ae7.fields.f70fbec7-aef2-4e23-b1a9-daea2438b02b.translationKeyFormat','null'),('matrixBlockTypes.480566ae-7b2c-4ec5-9b70-14589ee29ae7.fields.f70fbec7-aef2-4e23-b1a9-daea2438b02b.translationMethod','\"none\"'),('matrixBlockTypes.480566ae-7b2c-4ec5-9b70-14589ee29ae7.fields.f70fbec7-aef2-4e23-b1a9-daea2438b02b.type','\"craft\\\\fields\\\\Dropdown\"'),('matrixBlockTypes.480566ae-7b2c-4ec5-9b70-14589ee29ae7.handle','\"standardHero\"'),('matrixBlockTypes.480566ae-7b2c-4ec5-9b70-14589ee29ae7.name','\"Standard Hero\"'),('matrixBlockTypes.480566ae-7b2c-4ec5-9b70-14589ee29ae7.sortOrder','10'),('matrixBlockTypes.4ae8cf38-ab28-47c7-ad0b-b4dacfdab48f.field','\"1eb0ac2f-150c-4071-b0a0-cdbc98ace82e\"'),('matrixBlockTypes.4ae8cf38-ab28-47c7-ad0b-b4dacfdab48f.fieldLayouts.a8782727-ee5c-40f4-bbdf-2d5f8eef01ee.tabs.0.fields.2329cff0-226e-4404-94bc-1eafd6fef322.required','true'),('matrixBlockTypes.4ae8cf38-ab28-47c7-ad0b-b4dacfdab48f.fieldLayouts.a8782727-ee5c-40f4-bbdf-2d5f8eef01ee.tabs.0.fields.2329cff0-226e-4404-94bc-1eafd6fef322.sortOrder','1'),('matrixBlockTypes.4ae8cf38-ab28-47c7-ad0b-b4dacfdab48f.fieldLayouts.a8782727-ee5c-40f4-bbdf-2d5f8eef01ee.tabs.0.name','\"Content\"'),('matrixBlockTypes.4ae8cf38-ab28-47c7-ad0b-b4dacfdab48f.fieldLayouts.a8782727-ee5c-40f4-bbdf-2d5f8eef01ee.tabs.0.sortOrder','1'),('matrixBlockTypes.4ae8cf38-ab28-47c7-ad0b-b4dacfdab48f.fields.2329cff0-226e-4404-94bc-1eafd6fef322.contentColumnType','\"string\"'),('matrixBlockTypes.4ae8cf38-ab28-47c7-ad0b-b4dacfdab48f.fields.2329cff0-226e-4404-94bc-1eafd6fef322.fieldGroup','null'),('matrixBlockTypes.4ae8cf38-ab28-47c7-ad0b-b4dacfdab48f.fields.2329cff0-226e-4404-94bc-1eafd6fef322.handle','\"testimonials\"'),('matrixBlockTypes.4ae8cf38-ab28-47c7-ad0b-b4dacfdab48f.fields.2329cff0-226e-4404-94bc-1eafd6fef322.instructions','\"\"'),('matrixBlockTypes.4ae8cf38-ab28-47c7-ad0b-b4dacfdab48f.fields.2329cff0-226e-4404-94bc-1eafd6fef322.name','\"Testimonials\"'),('matrixBlockTypes.4ae8cf38-ab28-47c7-ad0b-b4dacfdab48f.fields.2329cff0-226e-4404-94bc-1eafd6fef322.searchable','false'),('matrixBlockTypes.4ae8cf38-ab28-47c7-ad0b-b4dacfdab48f.fields.2329cff0-226e-4404-94bc-1eafd6fef322.settings.limit','\"\"'),('matrixBlockTypes.4ae8cf38-ab28-47c7-ad0b-b4dacfdab48f.fields.2329cff0-226e-4404-94bc-1eafd6fef322.settings.localizeRelations','false'),('matrixBlockTypes.4ae8cf38-ab28-47c7-ad0b-b4dacfdab48f.fields.2329cff0-226e-4404-94bc-1eafd6fef322.settings.selectionLabel','\"Add Testimonials\"'),('matrixBlockTypes.4ae8cf38-ab28-47c7-ad0b-b4dacfdab48f.fields.2329cff0-226e-4404-94bc-1eafd6fef322.settings.source','null'),('matrixBlockTypes.4ae8cf38-ab28-47c7-ad0b-b4dacfdab48f.fields.2329cff0-226e-4404-94bc-1eafd6fef322.settings.sources.0','\"section:3ac720f7-dbfb-440a-ba4d-ab09c7aa583c\"'),('matrixBlockTypes.4ae8cf38-ab28-47c7-ad0b-b4dacfdab48f.fields.2329cff0-226e-4404-94bc-1eafd6fef322.settings.targetSiteId','null'),('matrixBlockTypes.4ae8cf38-ab28-47c7-ad0b-b4dacfdab48f.fields.2329cff0-226e-4404-94bc-1eafd6fef322.settings.validateRelatedElements','\"1\"'),('matrixBlockTypes.4ae8cf38-ab28-47c7-ad0b-b4dacfdab48f.fields.2329cff0-226e-4404-94bc-1eafd6fef322.settings.viewMode','null'),('matrixBlockTypes.4ae8cf38-ab28-47c7-ad0b-b4dacfdab48f.fields.2329cff0-226e-4404-94bc-1eafd6fef322.translationKeyFormat','null'),('matrixBlockTypes.4ae8cf38-ab28-47c7-ad0b-b4dacfdab48f.fields.2329cff0-226e-4404-94bc-1eafd6fef322.translationMethod','\"site\"'),('matrixBlockTypes.4ae8cf38-ab28-47c7-ad0b-b4dacfdab48f.fields.2329cff0-226e-4404-94bc-1eafd6fef322.type','\"craft\\\\fields\\\\Entries\"'),('matrixBlockTypes.4ae8cf38-ab28-47c7-ad0b-b4dacfdab48f.handle','\"testimonials\"'),('matrixBlockTypes.4ae8cf38-ab28-47c7-ad0b-b4dacfdab48f.name','\"Testimonials\"'),('matrixBlockTypes.4ae8cf38-ab28-47c7-ad0b-b4dacfdab48f.sortOrder','5'),('matrixBlockTypes.81e7e279-b0c6-4b60-b709-d323e7a4b6a8.field','\"1eb0ac2f-150c-4071-b0a0-cdbc98ace82e\"'),('matrixBlockTypes.81e7e279-b0c6-4b60-b709-d323e7a4b6a8.fieldLayouts.d00d8afc-3e42-41dc-b8ea-91ca30334ba7.tabs.0.fields.d08b6d22-f84b-486c-9a56-33d72aa11ecc.required','false'),('matrixBlockTypes.81e7e279-b0c6-4b60-b709-d323e7a4b6a8.fieldLayouts.d00d8afc-3e42-41dc-b8ea-91ca30334ba7.tabs.0.fields.d08b6d22-f84b-486c-9a56-33d72aa11ecc.sortOrder','2'),('matrixBlockTypes.81e7e279-b0c6-4b60-b709-d323e7a4b6a8.fieldLayouts.d00d8afc-3e42-41dc-b8ea-91ca30334ba7.tabs.0.fields.e5a6e8ac-dc76-4be8-91f7-4b0f2ebd6aae.required','true'),('matrixBlockTypes.81e7e279-b0c6-4b60-b709-d323e7a4b6a8.fieldLayouts.d00d8afc-3e42-41dc-b8ea-91ca30334ba7.tabs.0.fields.e5a6e8ac-dc76-4be8-91f7-4b0f2ebd6aae.sortOrder','1'),('matrixBlockTypes.81e7e279-b0c6-4b60-b709-d323e7a4b6a8.fieldLayouts.d00d8afc-3e42-41dc-b8ea-91ca30334ba7.tabs.0.name','\"Content\"'),('matrixBlockTypes.81e7e279-b0c6-4b60-b709-d323e7a4b6a8.fieldLayouts.d00d8afc-3e42-41dc-b8ea-91ca30334ba7.tabs.0.sortOrder','1'),('matrixBlockTypes.81e7e279-b0c6-4b60-b709-d323e7a4b6a8.fields.d08b6d22-f84b-486c-9a56-33d72aa11ecc.contentColumnType','\"text\"'),('matrixBlockTypes.81e7e279-b0c6-4b60-b709-d323e7a4b6a8.fields.d08b6d22-f84b-486c-9a56-33d72aa11ecc.fieldGroup','null'),('matrixBlockTypes.81e7e279-b0c6-4b60-b709-d323e7a4b6a8.fields.d08b6d22-f84b-486c-9a56-33d72aa11ecc.handle','\"briefCopy\"'),('matrixBlockTypes.81e7e279-b0c6-4b60-b709-d323e7a4b6a8.fields.d08b6d22-f84b-486c-9a56-33d72aa11ecc.instructions','\"This text will be placed below the image. Typically used to cite the image or add supplementary text.\"'),('matrixBlockTypes.81e7e279-b0c6-4b60-b709-d323e7a4b6a8.fields.d08b6d22-f84b-486c-9a56-33d72aa11ecc.name','\"Brief Copy\"'),('matrixBlockTypes.81e7e279-b0c6-4b60-b709-d323e7a4b6a8.fields.d08b6d22-f84b-486c-9a56-33d72aa11ecc.searchable','true'),('matrixBlockTypes.81e7e279-b0c6-4b60-b709-d323e7a4b6a8.fields.d08b6d22-f84b-486c-9a56-33d72aa11ecc.settings.byteLimit','null'),('matrixBlockTypes.81e7e279-b0c6-4b60-b709-d323e7a4b6a8.fields.d08b6d22-f84b-486c-9a56-33d72aa11ecc.settings.charLimit','null'),('matrixBlockTypes.81e7e279-b0c6-4b60-b709-d323e7a4b6a8.fields.d08b6d22-f84b-486c-9a56-33d72aa11ecc.settings.code','\"\"'),('matrixBlockTypes.81e7e279-b0c6-4b60-b709-d323e7a4b6a8.fields.d08b6d22-f84b-486c-9a56-33d72aa11ecc.settings.columnType','null'),('matrixBlockTypes.81e7e279-b0c6-4b60-b709-d323e7a4b6a8.fields.d08b6d22-f84b-486c-9a56-33d72aa11ecc.settings.initialRows','\"4\"'),('matrixBlockTypes.81e7e279-b0c6-4b60-b709-d323e7a4b6a8.fields.d08b6d22-f84b-486c-9a56-33d72aa11ecc.settings.multiline','\"\"'),('matrixBlockTypes.81e7e279-b0c6-4b60-b709-d323e7a4b6a8.fields.d08b6d22-f84b-486c-9a56-33d72aa11ecc.settings.placeholder','\"\"'),('matrixBlockTypes.81e7e279-b0c6-4b60-b709-d323e7a4b6a8.fields.d08b6d22-f84b-486c-9a56-33d72aa11ecc.translationKeyFormat','null'),('matrixBlockTypes.81e7e279-b0c6-4b60-b709-d323e7a4b6a8.fields.d08b6d22-f84b-486c-9a56-33d72aa11ecc.translationMethod','\"none\"'),('matrixBlockTypes.81e7e279-b0c6-4b60-b709-d323e7a4b6a8.fields.d08b6d22-f84b-486c-9a56-33d72aa11ecc.type','\"craft\\\\fields\\\\PlainText\"'),('matrixBlockTypes.81e7e279-b0c6-4b60-b709-d323e7a4b6a8.fields.e5a6e8ac-dc76-4be8-91f7-4b0f2ebd6aae.contentColumnType','\"string\"'),('matrixBlockTypes.81e7e279-b0c6-4b60-b709-d323e7a4b6a8.fields.e5a6e8ac-dc76-4be8-91f7-4b0f2ebd6aae.fieldGroup','null'),('matrixBlockTypes.81e7e279-b0c6-4b60-b709-d323e7a4b6a8.fields.e5a6e8ac-dc76-4be8-91f7-4b0f2ebd6aae.handle','\"image\"'),('matrixBlockTypes.81e7e279-b0c6-4b60-b709-d323e7a4b6a8.fields.e5a6e8ac-dc76-4be8-91f7-4b0f2ebd6aae.instructions','\"\"'),('matrixBlockTypes.81e7e279-b0c6-4b60-b709-d323e7a4b6a8.fields.e5a6e8ac-dc76-4be8-91f7-4b0f2ebd6aae.name','\"Image\"'),('matrixBlockTypes.81e7e279-b0c6-4b60-b709-d323e7a4b6a8.fields.e5a6e8ac-dc76-4be8-91f7-4b0f2ebd6aae.searchable','true'),('matrixBlockTypes.81e7e279-b0c6-4b60-b709-d323e7a4b6a8.fields.e5a6e8ac-dc76-4be8-91f7-4b0f2ebd6aae.settings.allowedKinds','null'),('matrixBlockTypes.81e7e279-b0c6-4b60-b709-d323e7a4b6a8.fields.e5a6e8ac-dc76-4be8-91f7-4b0f2ebd6aae.settings.defaultUploadLocationSource','\"volume:8b0fd7f7-2623-4a21-a578-698d8c0aef75\"'),('matrixBlockTypes.81e7e279-b0c6-4b60-b709-d323e7a4b6a8.fields.e5a6e8ac-dc76-4be8-91f7-4b0f2ebd6aae.settings.defaultUploadLocationSubpath','\"\"'),('matrixBlockTypes.81e7e279-b0c6-4b60-b709-d323e7a4b6a8.fields.e5a6e8ac-dc76-4be8-91f7-4b0f2ebd6aae.settings.limit','\"1\"'),('matrixBlockTypes.81e7e279-b0c6-4b60-b709-d323e7a4b6a8.fields.e5a6e8ac-dc76-4be8-91f7-4b0f2ebd6aae.settings.localizeRelations','false'),('matrixBlockTypes.81e7e279-b0c6-4b60-b709-d323e7a4b6a8.fields.e5a6e8ac-dc76-4be8-91f7-4b0f2ebd6aae.settings.restrictFiles','\"\"'),('matrixBlockTypes.81e7e279-b0c6-4b60-b709-d323e7a4b6a8.fields.e5a6e8ac-dc76-4be8-91f7-4b0f2ebd6aae.settings.selectionLabel','\"Add an Image\"'),('matrixBlockTypes.81e7e279-b0c6-4b60-b709-d323e7a4b6a8.fields.e5a6e8ac-dc76-4be8-91f7-4b0f2ebd6aae.settings.showUnpermittedFiles','false'),('matrixBlockTypes.81e7e279-b0c6-4b60-b709-d323e7a4b6a8.fields.e5a6e8ac-dc76-4be8-91f7-4b0f2ebd6aae.settings.showUnpermittedVolumes','false'),('matrixBlockTypes.81e7e279-b0c6-4b60-b709-d323e7a4b6a8.fields.e5a6e8ac-dc76-4be8-91f7-4b0f2ebd6aae.settings.singleUploadLocationSource','\"volume:8b0fd7f7-2623-4a21-a578-698d8c0aef75\"'),('matrixBlockTypes.81e7e279-b0c6-4b60-b709-d323e7a4b6a8.fields.e5a6e8ac-dc76-4be8-91f7-4b0f2ebd6aae.settings.singleUploadLocationSubpath','\"\"'),('matrixBlockTypes.81e7e279-b0c6-4b60-b709-d323e7a4b6a8.fields.e5a6e8ac-dc76-4be8-91f7-4b0f2ebd6aae.settings.source','null'),('matrixBlockTypes.81e7e279-b0c6-4b60-b709-d323e7a4b6a8.fields.e5a6e8ac-dc76-4be8-91f7-4b0f2ebd6aae.settings.sources','\"*\"'),('matrixBlockTypes.81e7e279-b0c6-4b60-b709-d323e7a4b6a8.fields.e5a6e8ac-dc76-4be8-91f7-4b0f2ebd6aae.settings.targetSiteId','null'),('matrixBlockTypes.81e7e279-b0c6-4b60-b709-d323e7a4b6a8.fields.e5a6e8ac-dc76-4be8-91f7-4b0f2ebd6aae.settings.useSingleFolder','true'),('matrixBlockTypes.81e7e279-b0c6-4b60-b709-d323e7a4b6a8.fields.e5a6e8ac-dc76-4be8-91f7-4b0f2ebd6aae.settings.validateRelatedElements','\"1\"'),('matrixBlockTypes.81e7e279-b0c6-4b60-b709-d323e7a4b6a8.fields.e5a6e8ac-dc76-4be8-91f7-4b0f2ebd6aae.settings.viewMode','\"large\"'),('matrixBlockTypes.81e7e279-b0c6-4b60-b709-d323e7a4b6a8.fields.e5a6e8ac-dc76-4be8-91f7-4b0f2ebd6aae.translationKeyFormat','null'),('matrixBlockTypes.81e7e279-b0c6-4b60-b709-d323e7a4b6a8.fields.e5a6e8ac-dc76-4be8-91f7-4b0f2ebd6aae.translationMethod','\"site\"'),('matrixBlockTypes.81e7e279-b0c6-4b60-b709-d323e7a4b6a8.fields.e5a6e8ac-dc76-4be8-91f7-4b0f2ebd6aae.type','\"craft\\\\fields\\\\Assets\"'),('matrixBlockTypes.81e7e279-b0c6-4b60-b709-d323e7a4b6a8.handle','\"image\"'),('matrixBlockTypes.81e7e279-b0c6-4b60-b709-d323e7a4b6a8.name','\"Image\"'),('matrixBlockTypes.81e7e279-b0c6-4b60-b709-d323e7a4b6a8.sortOrder','2'),('matrixBlockTypes.84911873-2e0f-4408-b279-db586efebb6f.field','\"1eb0ac2f-150c-4071-b0a0-cdbc98ace82e\"'),('matrixBlockTypes.84911873-2e0f-4408-b279-db586efebb6f.fieldLayouts.b6b6e33c-e1ed-44c3-92a3-bc040b208d0a.tabs.0.name','\"Content\"'),('matrixBlockTypes.84911873-2e0f-4408-b279-db586efebb6f.fieldLayouts.b6b6e33c-e1ed-44c3-92a3-bc040b208d0a.tabs.0.sortOrder','1'),('matrixBlockTypes.84911873-2e0f-4408-b279-db586efebb6f.handle','\"horizontalRule\"'),('matrixBlockTypes.84911873-2e0f-4408-b279-db586efebb6f.name','\"Horizontal Rule\"'),('matrixBlockTypes.84911873-2e0f-4408-b279-db586efebb6f.sortOrder','12'),('matrixBlockTypes.8c2d19b7-0094-45fc-9e92-b9900816cf1d.field','\"1eb0ac2f-150c-4071-b0a0-cdbc98ace82e\"'),('matrixBlockTypes.8c2d19b7-0094-45fc-9e92-b9900816cf1d.fieldLayouts.09974a5d-18f8-4c88-b30f-5c08dbf90198.tabs.0.fields.0d36aadc-233f-4c05-889c-f400bafad37d.required','false'),('matrixBlockTypes.8c2d19b7-0094-45fc-9e92-b9900816cf1d.fieldLayouts.09974a5d-18f8-4c88-b30f-5c08dbf90198.tabs.0.fields.0d36aadc-233f-4c05-889c-f400bafad37d.sortOrder','4'),('matrixBlockTypes.8c2d19b7-0094-45fc-9e92-b9900816cf1d.fieldLayouts.09974a5d-18f8-4c88-b30f-5c08dbf90198.tabs.0.fields.329ea617-1894-4afc-8396-824f22e5ab82.required','true'),('matrixBlockTypes.8c2d19b7-0094-45fc-9e92-b9900816cf1d.fieldLayouts.09974a5d-18f8-4c88-b30f-5c08dbf90198.tabs.0.fields.329ea617-1894-4afc-8396-824f22e5ab82.sortOrder','1'),('matrixBlockTypes.8c2d19b7-0094-45fc-9e92-b9900816cf1d.fieldLayouts.09974a5d-18f8-4c88-b30f-5c08dbf90198.tabs.0.fields.a7b5fa91-8029-4e60-a366-6f93c699c3eb.required','false'),('matrixBlockTypes.8c2d19b7-0094-45fc-9e92-b9900816cf1d.fieldLayouts.09974a5d-18f8-4c88-b30f-5c08dbf90198.tabs.0.fields.a7b5fa91-8029-4e60-a366-6f93c699c3eb.sortOrder','5'),('matrixBlockTypes.8c2d19b7-0094-45fc-9e92-b9900816cf1d.fieldLayouts.09974a5d-18f8-4c88-b30f-5c08dbf90198.tabs.0.fields.aea102a7-b187-4501-89be-26784baf2d4f.required','true'),('matrixBlockTypes.8c2d19b7-0094-45fc-9e92-b9900816cf1d.fieldLayouts.09974a5d-18f8-4c88-b30f-5c08dbf90198.tabs.0.fields.aea102a7-b187-4501-89be-26784baf2d4f.sortOrder','2'),('matrixBlockTypes.8c2d19b7-0094-45fc-9e92-b9900816cf1d.fieldLayouts.09974a5d-18f8-4c88-b30f-5c08dbf90198.tabs.0.fields.f7c38014-8cf2-4634-8718-4a99fffe4533.required','true'),('matrixBlockTypes.8c2d19b7-0094-45fc-9e92-b9900816cf1d.fieldLayouts.09974a5d-18f8-4c88-b30f-5c08dbf90198.tabs.0.fields.f7c38014-8cf2-4634-8718-4a99fffe4533.sortOrder','3'),('matrixBlockTypes.8c2d19b7-0094-45fc-9e92-b9900816cf1d.fieldLayouts.09974a5d-18f8-4c88-b30f-5c08dbf90198.tabs.0.name','\"Content\"'),('matrixBlockTypes.8c2d19b7-0094-45fc-9e92-b9900816cf1d.fieldLayouts.09974a5d-18f8-4c88-b30f-5c08dbf90198.tabs.0.sortOrder','1'),('matrixBlockTypes.8c2d19b7-0094-45fc-9e92-b9900816cf1d.fields.0d36aadc-233f-4c05-889c-f400bafad37d.contentColumnType','\"text\"'),('matrixBlockTypes.8c2d19b7-0094-45fc-9e92-b9900816cf1d.fields.0d36aadc-233f-4c05-889c-f400bafad37d.fieldGroup','null'),('matrixBlockTypes.8c2d19b7-0094-45fc-9e92-b9900816cf1d.fields.0d36aadc-233f-4c05-889c-f400bafad37d.handle','\"callToAction\"'),('matrixBlockTypes.8c2d19b7-0094-45fc-9e92-b9900816cf1d.fields.0d36aadc-233f-4c05-889c-f400bafad37d.instructions','\"\"'),('matrixBlockTypes.8c2d19b7-0094-45fc-9e92-b9900816cf1d.fields.0d36aadc-233f-4c05-889c-f400bafad37d.name','\"Call to Action\"'),('matrixBlockTypes.8c2d19b7-0094-45fc-9e92-b9900816cf1d.fields.0d36aadc-233f-4c05-889c-f400bafad37d.searchable','true'),('matrixBlockTypes.8c2d19b7-0094-45fc-9e92-b9900816cf1d.fields.0d36aadc-233f-4c05-889c-f400bafad37d.settings.allowCustomText','\"1\"'),('matrixBlockTypes.8c2d19b7-0094-45fc-9e92-b9900816cf1d.fields.0d36aadc-233f-4c05-889c-f400bafad37d.settings.allowedLinkNames.3','\"entry\"'),('matrixBlockTypes.8c2d19b7-0094-45fc-9e92-b9900816cf1d.fields.0d36aadc-233f-4c05-889c-f400bafad37d.settings.allowedLinkNames.6','\"custom\"'),('matrixBlockTypes.8c2d19b7-0094-45fc-9e92-b9900816cf1d.fields.0d36aadc-233f-4c05-889c-f400bafad37d.settings.allowedLinkNames.7','\"email\"'),('matrixBlockTypes.8c2d19b7-0094-45fc-9e92-b9900816cf1d.fields.0d36aadc-233f-4c05-889c-f400bafad37d.settings.allowedLinkNames.8','\"tel\"'),('matrixBlockTypes.8c2d19b7-0094-45fc-9e92-b9900816cf1d.fields.0d36aadc-233f-4c05-889c-f400bafad37d.settings.allowTarget','\"\"'),('matrixBlockTypes.8c2d19b7-0094-45fc-9e92-b9900816cf1d.fields.0d36aadc-233f-4c05-889c-f400bafad37d.settings.autoNoReferrer','\"\"'),('matrixBlockTypes.8c2d19b7-0094-45fc-9e92-b9900816cf1d.fields.0d36aadc-233f-4c05-889c-f400bafad37d.settings.defaultLinkName','\"entry\"'),('matrixBlockTypes.8c2d19b7-0094-45fc-9e92-b9900816cf1d.fields.0d36aadc-233f-4c05-889c-f400bafad37d.settings.defaultText','\"\"'),('matrixBlockTypes.8c2d19b7-0094-45fc-9e92-b9900816cf1d.fields.0d36aadc-233f-4c05-889c-f400bafad37d.settings.enableAriaLabel','\"\"'),('matrixBlockTypes.8c2d19b7-0094-45fc-9e92-b9900816cf1d.fields.0d36aadc-233f-4c05-889c-f400bafad37d.settings.enableTitle','\"\"'),('matrixBlockTypes.8c2d19b7-0094-45fc-9e92-b9900816cf1d.fields.0d36aadc-233f-4c05-889c-f400bafad37d.settings.typeSettings.__assoc__.0.0','\"asset\"'),('matrixBlockTypes.8c2d19b7-0094-45fc-9e92-b9900816cf1d.fields.0d36aadc-233f-4c05-889c-f400bafad37d.settings.typeSettings.__assoc__.0.1.__assoc__.0.0','\"sources\"'),('matrixBlockTypes.8c2d19b7-0094-45fc-9e92-b9900816cf1d.fields.0d36aadc-233f-4c05-889c-f400bafad37d.settings.typeSettings.__assoc__.0.1.__assoc__.0.1','\"*\"'),('matrixBlockTypes.8c2d19b7-0094-45fc-9e92-b9900816cf1d.fields.0d36aadc-233f-4c05-889c-f400bafad37d.settings.typeSettings.__assoc__.0.1.__assoc__.1.0','\"allowCustomQuery\"'),('matrixBlockTypes.8c2d19b7-0094-45fc-9e92-b9900816cf1d.fields.0d36aadc-233f-4c05-889c-f400bafad37d.settings.typeSettings.__assoc__.0.1.__assoc__.1.1','\"\"'),('matrixBlockTypes.8c2d19b7-0094-45fc-9e92-b9900816cf1d.fields.0d36aadc-233f-4c05-889c-f400bafad37d.settings.typeSettings.__assoc__.1.0','\"category\"'),('matrixBlockTypes.8c2d19b7-0094-45fc-9e92-b9900816cf1d.fields.0d36aadc-233f-4c05-889c-f400bafad37d.settings.typeSettings.__assoc__.1.1.__assoc__.0.0','\"sources\"'),('matrixBlockTypes.8c2d19b7-0094-45fc-9e92-b9900816cf1d.fields.0d36aadc-233f-4c05-889c-f400bafad37d.settings.typeSettings.__assoc__.1.1.__assoc__.0.1','\"*\"'),('matrixBlockTypes.8c2d19b7-0094-45fc-9e92-b9900816cf1d.fields.0d36aadc-233f-4c05-889c-f400bafad37d.settings.typeSettings.__assoc__.1.1.__assoc__.1.0','\"allowCustomQuery\"'),('matrixBlockTypes.8c2d19b7-0094-45fc-9e92-b9900816cf1d.fields.0d36aadc-233f-4c05-889c-f400bafad37d.settings.typeSettings.__assoc__.1.1.__assoc__.1.1','\"\"'),('matrixBlockTypes.8c2d19b7-0094-45fc-9e92-b9900816cf1d.fields.0d36aadc-233f-4c05-889c-f400bafad37d.settings.typeSettings.__assoc__.2.0','\"entry\"'),('matrixBlockTypes.8c2d19b7-0094-45fc-9e92-b9900816cf1d.fields.0d36aadc-233f-4c05-889c-f400bafad37d.settings.typeSettings.__assoc__.2.1.__assoc__.0.0','\"sources\"'),('matrixBlockTypes.8c2d19b7-0094-45fc-9e92-b9900816cf1d.fields.0d36aadc-233f-4c05-889c-f400bafad37d.settings.typeSettings.__assoc__.2.1.__assoc__.0.1.0','\"singles\"'),('matrixBlockTypes.8c2d19b7-0094-45fc-9e92-b9900816cf1d.fields.0d36aadc-233f-4c05-889c-f400bafad37d.settings.typeSettings.__assoc__.2.1.__assoc__.0.1.1','\"section:2f1f0ea0-4b22-4e9d-bb51-9e1e32a94cba\"'),('matrixBlockTypes.8c2d19b7-0094-45fc-9e92-b9900816cf1d.fields.0d36aadc-233f-4c05-889c-f400bafad37d.settings.typeSettings.__assoc__.2.1.__assoc__.0.1.2','\"section:cefc4625-a115-4b71-b22d-5f6784b3aada\"'),('matrixBlockTypes.8c2d19b7-0094-45fc-9e92-b9900816cf1d.fields.0d36aadc-233f-4c05-889c-f400bafad37d.settings.typeSettings.__assoc__.2.1.__assoc__.1.0','\"allowCustomQuery\"'),('matrixBlockTypes.8c2d19b7-0094-45fc-9e92-b9900816cf1d.fields.0d36aadc-233f-4c05-889c-f400bafad37d.settings.typeSettings.__assoc__.2.1.__assoc__.1.1','\"\"'),('matrixBlockTypes.8c2d19b7-0094-45fc-9e92-b9900816cf1d.fields.0d36aadc-233f-4c05-889c-f400bafad37d.settings.typeSettings.__assoc__.3.0','\"site\"'),('matrixBlockTypes.8c2d19b7-0094-45fc-9e92-b9900816cf1d.fields.0d36aadc-233f-4c05-889c-f400bafad37d.settings.typeSettings.__assoc__.3.1.__assoc__.0.0','\"sites\"'),('matrixBlockTypes.8c2d19b7-0094-45fc-9e92-b9900816cf1d.fields.0d36aadc-233f-4c05-889c-f400bafad37d.settings.typeSettings.__assoc__.3.1.__assoc__.0.1','\"*\"'),('matrixBlockTypes.8c2d19b7-0094-45fc-9e92-b9900816cf1d.fields.0d36aadc-233f-4c05-889c-f400bafad37d.settings.typeSettings.__assoc__.4.0','\"user\"'),('matrixBlockTypes.8c2d19b7-0094-45fc-9e92-b9900816cf1d.fields.0d36aadc-233f-4c05-889c-f400bafad37d.settings.typeSettings.__assoc__.4.1.__assoc__.0.0','\"sources\"'),('matrixBlockTypes.8c2d19b7-0094-45fc-9e92-b9900816cf1d.fields.0d36aadc-233f-4c05-889c-f400bafad37d.settings.typeSettings.__assoc__.4.1.__assoc__.0.1','\"*\"'),('matrixBlockTypes.8c2d19b7-0094-45fc-9e92-b9900816cf1d.fields.0d36aadc-233f-4c05-889c-f400bafad37d.settings.typeSettings.__assoc__.4.1.__assoc__.1.0','\"allowCustomQuery\"'),('matrixBlockTypes.8c2d19b7-0094-45fc-9e92-b9900816cf1d.fields.0d36aadc-233f-4c05-889c-f400bafad37d.settings.typeSettings.__assoc__.4.1.__assoc__.1.1','\"\"'),('matrixBlockTypes.8c2d19b7-0094-45fc-9e92-b9900816cf1d.fields.0d36aadc-233f-4c05-889c-f400bafad37d.settings.typeSettings.__assoc__.5.0','\"custom\"'),('matrixBlockTypes.8c2d19b7-0094-45fc-9e92-b9900816cf1d.fields.0d36aadc-233f-4c05-889c-f400bafad37d.settings.typeSettings.__assoc__.5.1.__assoc__.0.0','\"disableValidation\"'),('matrixBlockTypes.8c2d19b7-0094-45fc-9e92-b9900816cf1d.fields.0d36aadc-233f-4c05-889c-f400bafad37d.settings.typeSettings.__assoc__.5.1.__assoc__.0.1','\"\"'),('matrixBlockTypes.8c2d19b7-0094-45fc-9e92-b9900816cf1d.fields.0d36aadc-233f-4c05-889c-f400bafad37d.settings.typeSettings.__assoc__.5.1.__assoc__.1.0','\"allowAliases\"'),('matrixBlockTypes.8c2d19b7-0094-45fc-9e92-b9900816cf1d.fields.0d36aadc-233f-4c05-889c-f400bafad37d.settings.typeSettings.__assoc__.5.1.__assoc__.1.1','\"\"'),('matrixBlockTypes.8c2d19b7-0094-45fc-9e92-b9900816cf1d.fields.0d36aadc-233f-4c05-889c-f400bafad37d.settings.typeSettings.__assoc__.6.0','\"email\"'),('matrixBlockTypes.8c2d19b7-0094-45fc-9e92-b9900816cf1d.fields.0d36aadc-233f-4c05-889c-f400bafad37d.settings.typeSettings.__assoc__.6.1.__assoc__.0.0','\"disableValidation\"'),('matrixBlockTypes.8c2d19b7-0094-45fc-9e92-b9900816cf1d.fields.0d36aadc-233f-4c05-889c-f400bafad37d.settings.typeSettings.__assoc__.6.1.__assoc__.0.1','\"\"'),('matrixBlockTypes.8c2d19b7-0094-45fc-9e92-b9900816cf1d.fields.0d36aadc-233f-4c05-889c-f400bafad37d.settings.typeSettings.__assoc__.6.1.__assoc__.1.0','\"allowAliases\"'),('matrixBlockTypes.8c2d19b7-0094-45fc-9e92-b9900816cf1d.fields.0d36aadc-233f-4c05-889c-f400bafad37d.settings.typeSettings.__assoc__.6.1.__assoc__.1.1','\"\"'),('matrixBlockTypes.8c2d19b7-0094-45fc-9e92-b9900816cf1d.fields.0d36aadc-233f-4c05-889c-f400bafad37d.settings.typeSettings.__assoc__.7.0','\"tel\"'),('matrixBlockTypes.8c2d19b7-0094-45fc-9e92-b9900816cf1d.fields.0d36aadc-233f-4c05-889c-f400bafad37d.settings.typeSettings.__assoc__.7.1.__assoc__.0.0','\"disableValidation\"'),('matrixBlockTypes.8c2d19b7-0094-45fc-9e92-b9900816cf1d.fields.0d36aadc-233f-4c05-889c-f400bafad37d.settings.typeSettings.__assoc__.7.1.__assoc__.0.1','\"\"'),('matrixBlockTypes.8c2d19b7-0094-45fc-9e92-b9900816cf1d.fields.0d36aadc-233f-4c05-889c-f400bafad37d.settings.typeSettings.__assoc__.7.1.__assoc__.1.0','\"allowAliases\"'),('matrixBlockTypes.8c2d19b7-0094-45fc-9e92-b9900816cf1d.fields.0d36aadc-233f-4c05-889c-f400bafad37d.settings.typeSettings.__assoc__.7.1.__assoc__.1.1','\"\"'),('matrixBlockTypes.8c2d19b7-0094-45fc-9e92-b9900816cf1d.fields.0d36aadc-233f-4c05-889c-f400bafad37d.settings.typeSettings.__assoc__.8.0','\"url\"'),('matrixBlockTypes.8c2d19b7-0094-45fc-9e92-b9900816cf1d.fields.0d36aadc-233f-4c05-889c-f400bafad37d.settings.typeSettings.__assoc__.8.1.__assoc__.0.0','\"disableValidation\"'),('matrixBlockTypes.8c2d19b7-0094-45fc-9e92-b9900816cf1d.fields.0d36aadc-233f-4c05-889c-f400bafad37d.settings.typeSettings.__assoc__.8.1.__assoc__.0.1','\"\"'),('matrixBlockTypes.8c2d19b7-0094-45fc-9e92-b9900816cf1d.fields.0d36aadc-233f-4c05-889c-f400bafad37d.settings.typeSettings.__assoc__.8.1.__assoc__.1.0','\"allowAliases\"'),('matrixBlockTypes.8c2d19b7-0094-45fc-9e92-b9900816cf1d.fields.0d36aadc-233f-4c05-889c-f400bafad37d.settings.typeSettings.__assoc__.8.1.__assoc__.1.1','\"\"'),('matrixBlockTypes.8c2d19b7-0094-45fc-9e92-b9900816cf1d.fields.0d36aadc-233f-4c05-889c-f400bafad37d.translationKeyFormat','null'),('matrixBlockTypes.8c2d19b7-0094-45fc-9e92-b9900816cf1d.fields.0d36aadc-233f-4c05-889c-f400bafad37d.translationMethod','\"none\"'),('matrixBlockTypes.8c2d19b7-0094-45fc-9e92-b9900816cf1d.fields.0d36aadc-233f-4c05-889c-f400bafad37d.type','\"typedlinkfield\\\\fields\\\\LinkField\"'),('matrixBlockTypes.8c2d19b7-0094-45fc-9e92-b9900816cf1d.fields.329ea617-1894-4afc-8396-824f22e5ab82.contentColumnType','\"string\"'),('matrixBlockTypes.8c2d19b7-0094-45fc-9e92-b9900816cf1d.fields.329ea617-1894-4afc-8396-824f22e5ab82.fieldGroup','null'),('matrixBlockTypes.8c2d19b7-0094-45fc-9e92-b9900816cf1d.fields.329ea617-1894-4afc-8396-824f22e5ab82.handle','\"image\"'),('matrixBlockTypes.8c2d19b7-0094-45fc-9e92-b9900816cf1d.fields.329ea617-1894-4afc-8396-824f22e5ab82.instructions','\"\"'),('matrixBlockTypes.8c2d19b7-0094-45fc-9e92-b9900816cf1d.fields.329ea617-1894-4afc-8396-824f22e5ab82.name','\"Image\"'),('matrixBlockTypes.8c2d19b7-0094-45fc-9e92-b9900816cf1d.fields.329ea617-1894-4afc-8396-824f22e5ab82.searchable','false'),('matrixBlockTypes.8c2d19b7-0094-45fc-9e92-b9900816cf1d.fields.329ea617-1894-4afc-8396-824f22e5ab82.settings.allowedKinds.0','\"image\"'),('matrixBlockTypes.8c2d19b7-0094-45fc-9e92-b9900816cf1d.fields.329ea617-1894-4afc-8396-824f22e5ab82.settings.defaultUploadLocationSource','\"volume:8b0fd7f7-2623-4a21-a578-698d8c0aef75\"'),('matrixBlockTypes.8c2d19b7-0094-45fc-9e92-b9900816cf1d.fields.329ea617-1894-4afc-8396-824f22e5ab82.settings.defaultUploadLocationSubpath','\"\"'),('matrixBlockTypes.8c2d19b7-0094-45fc-9e92-b9900816cf1d.fields.329ea617-1894-4afc-8396-824f22e5ab82.settings.limit','\"1\"'),('matrixBlockTypes.8c2d19b7-0094-45fc-9e92-b9900816cf1d.fields.329ea617-1894-4afc-8396-824f22e5ab82.settings.localizeRelations','false'),('matrixBlockTypes.8c2d19b7-0094-45fc-9e92-b9900816cf1d.fields.329ea617-1894-4afc-8396-824f22e5ab82.settings.restrictFiles','\"1\"'),('matrixBlockTypes.8c2d19b7-0094-45fc-9e92-b9900816cf1d.fields.329ea617-1894-4afc-8396-824f22e5ab82.settings.selectionLabel','\"Add an Image\"'),('matrixBlockTypes.8c2d19b7-0094-45fc-9e92-b9900816cf1d.fields.329ea617-1894-4afc-8396-824f22e5ab82.settings.showUnpermittedFiles','false'),('matrixBlockTypes.8c2d19b7-0094-45fc-9e92-b9900816cf1d.fields.329ea617-1894-4afc-8396-824f22e5ab82.settings.showUnpermittedVolumes','false'),('matrixBlockTypes.8c2d19b7-0094-45fc-9e92-b9900816cf1d.fields.329ea617-1894-4afc-8396-824f22e5ab82.settings.singleUploadLocationSource','\"volume:8b0fd7f7-2623-4a21-a578-698d8c0aef75\"'),('matrixBlockTypes.8c2d19b7-0094-45fc-9e92-b9900816cf1d.fields.329ea617-1894-4afc-8396-824f22e5ab82.settings.singleUploadLocationSubpath','\"\"'),('matrixBlockTypes.8c2d19b7-0094-45fc-9e92-b9900816cf1d.fields.329ea617-1894-4afc-8396-824f22e5ab82.settings.source','null'),('matrixBlockTypes.8c2d19b7-0094-45fc-9e92-b9900816cf1d.fields.329ea617-1894-4afc-8396-824f22e5ab82.settings.sources','\"*\"'),('matrixBlockTypes.8c2d19b7-0094-45fc-9e92-b9900816cf1d.fields.329ea617-1894-4afc-8396-824f22e5ab82.settings.targetSiteId','null'),('matrixBlockTypes.8c2d19b7-0094-45fc-9e92-b9900816cf1d.fields.329ea617-1894-4afc-8396-824f22e5ab82.settings.useSingleFolder','true'),('matrixBlockTypes.8c2d19b7-0094-45fc-9e92-b9900816cf1d.fields.329ea617-1894-4afc-8396-824f22e5ab82.settings.validateRelatedElements','\"1\"'),('matrixBlockTypes.8c2d19b7-0094-45fc-9e92-b9900816cf1d.fields.329ea617-1894-4afc-8396-824f22e5ab82.settings.viewMode','\"large\"'),('matrixBlockTypes.8c2d19b7-0094-45fc-9e92-b9900816cf1d.fields.329ea617-1894-4afc-8396-824f22e5ab82.translationKeyFormat','null'),('matrixBlockTypes.8c2d19b7-0094-45fc-9e92-b9900816cf1d.fields.329ea617-1894-4afc-8396-824f22e5ab82.translationMethod','\"site\"'),('matrixBlockTypes.8c2d19b7-0094-45fc-9e92-b9900816cf1d.fields.329ea617-1894-4afc-8396-824f22e5ab82.type','\"craft\\\\fields\\\\Assets\"'),('matrixBlockTypes.8c2d19b7-0094-45fc-9e92-b9900816cf1d.fields.a7b5fa91-8029-4e60-a366-6f93c699c3eb.contentColumnType','\"text\"'),('matrixBlockTypes.8c2d19b7-0094-45fc-9e92-b9900816cf1d.fields.a7b5fa91-8029-4e60-a366-6f93c699c3eb.fieldGroup','null'),('matrixBlockTypes.8c2d19b7-0094-45fc-9e92-b9900816cf1d.fields.a7b5fa91-8029-4e60-a366-6f93c699c3eb.handle','\"secondaryAction\"'),('matrixBlockTypes.8c2d19b7-0094-45fc-9e92-b9900816cf1d.fields.a7b5fa91-8029-4e60-a366-6f93c699c3eb.instructions','\"\"'),('matrixBlockTypes.8c2d19b7-0094-45fc-9e92-b9900816cf1d.fields.a7b5fa91-8029-4e60-a366-6f93c699c3eb.name','\"Secondary Action\"'),('matrixBlockTypes.8c2d19b7-0094-45fc-9e92-b9900816cf1d.fields.a7b5fa91-8029-4e60-a366-6f93c699c3eb.searchable','true'),('matrixBlockTypes.8c2d19b7-0094-45fc-9e92-b9900816cf1d.fields.a7b5fa91-8029-4e60-a366-6f93c699c3eb.settings.allowCustomText','\"1\"'),('matrixBlockTypes.8c2d19b7-0094-45fc-9e92-b9900816cf1d.fields.a7b5fa91-8029-4e60-a366-6f93c699c3eb.settings.allowedLinkNames.3','\"entry\"'),('matrixBlockTypes.8c2d19b7-0094-45fc-9e92-b9900816cf1d.fields.a7b5fa91-8029-4e60-a366-6f93c699c3eb.settings.allowedLinkNames.6','\"custom\"'),('matrixBlockTypes.8c2d19b7-0094-45fc-9e92-b9900816cf1d.fields.a7b5fa91-8029-4e60-a366-6f93c699c3eb.settings.allowedLinkNames.7','\"email\"'),('matrixBlockTypes.8c2d19b7-0094-45fc-9e92-b9900816cf1d.fields.a7b5fa91-8029-4e60-a366-6f93c699c3eb.settings.allowedLinkNames.8','\"tel\"'),('matrixBlockTypes.8c2d19b7-0094-45fc-9e92-b9900816cf1d.fields.a7b5fa91-8029-4e60-a366-6f93c699c3eb.settings.allowTarget','\"\"'),('matrixBlockTypes.8c2d19b7-0094-45fc-9e92-b9900816cf1d.fields.a7b5fa91-8029-4e60-a366-6f93c699c3eb.settings.autoNoReferrer','\"\"'),('matrixBlockTypes.8c2d19b7-0094-45fc-9e92-b9900816cf1d.fields.a7b5fa91-8029-4e60-a366-6f93c699c3eb.settings.defaultLinkName','\"entry\"'),('matrixBlockTypes.8c2d19b7-0094-45fc-9e92-b9900816cf1d.fields.a7b5fa91-8029-4e60-a366-6f93c699c3eb.settings.defaultText','\"\"'),('matrixBlockTypes.8c2d19b7-0094-45fc-9e92-b9900816cf1d.fields.a7b5fa91-8029-4e60-a366-6f93c699c3eb.settings.enableAriaLabel','\"\"'),('matrixBlockTypes.8c2d19b7-0094-45fc-9e92-b9900816cf1d.fields.a7b5fa91-8029-4e60-a366-6f93c699c3eb.settings.enableTitle','\"\"'),('matrixBlockTypes.8c2d19b7-0094-45fc-9e92-b9900816cf1d.fields.a7b5fa91-8029-4e60-a366-6f93c699c3eb.settings.typeSettings.__assoc__.0.0','\"asset\"'),('matrixBlockTypes.8c2d19b7-0094-45fc-9e92-b9900816cf1d.fields.a7b5fa91-8029-4e60-a366-6f93c699c3eb.settings.typeSettings.__assoc__.0.1.__assoc__.0.0','\"sources\"'),('matrixBlockTypes.8c2d19b7-0094-45fc-9e92-b9900816cf1d.fields.a7b5fa91-8029-4e60-a366-6f93c699c3eb.settings.typeSettings.__assoc__.0.1.__assoc__.0.1','\"*\"'),('matrixBlockTypes.8c2d19b7-0094-45fc-9e92-b9900816cf1d.fields.a7b5fa91-8029-4e60-a366-6f93c699c3eb.settings.typeSettings.__assoc__.0.1.__assoc__.1.0','\"allowCustomQuery\"'),('matrixBlockTypes.8c2d19b7-0094-45fc-9e92-b9900816cf1d.fields.a7b5fa91-8029-4e60-a366-6f93c699c3eb.settings.typeSettings.__assoc__.0.1.__assoc__.1.1','\"\"'),('matrixBlockTypes.8c2d19b7-0094-45fc-9e92-b9900816cf1d.fields.a7b5fa91-8029-4e60-a366-6f93c699c3eb.settings.typeSettings.__assoc__.1.0','\"category\"'),('matrixBlockTypes.8c2d19b7-0094-45fc-9e92-b9900816cf1d.fields.a7b5fa91-8029-4e60-a366-6f93c699c3eb.settings.typeSettings.__assoc__.1.1.__assoc__.0.0','\"sources\"'),('matrixBlockTypes.8c2d19b7-0094-45fc-9e92-b9900816cf1d.fields.a7b5fa91-8029-4e60-a366-6f93c699c3eb.settings.typeSettings.__assoc__.1.1.__assoc__.0.1','\"*\"'),('matrixBlockTypes.8c2d19b7-0094-45fc-9e92-b9900816cf1d.fields.a7b5fa91-8029-4e60-a366-6f93c699c3eb.settings.typeSettings.__assoc__.1.1.__assoc__.1.0','\"allowCustomQuery\"'),('matrixBlockTypes.8c2d19b7-0094-45fc-9e92-b9900816cf1d.fields.a7b5fa91-8029-4e60-a366-6f93c699c3eb.settings.typeSettings.__assoc__.1.1.__assoc__.1.1','\"\"'),('matrixBlockTypes.8c2d19b7-0094-45fc-9e92-b9900816cf1d.fields.a7b5fa91-8029-4e60-a366-6f93c699c3eb.settings.typeSettings.__assoc__.2.0','\"entry\"'),('matrixBlockTypes.8c2d19b7-0094-45fc-9e92-b9900816cf1d.fields.a7b5fa91-8029-4e60-a366-6f93c699c3eb.settings.typeSettings.__assoc__.2.1.__assoc__.0.0','\"sources\"'),('matrixBlockTypes.8c2d19b7-0094-45fc-9e92-b9900816cf1d.fields.a7b5fa91-8029-4e60-a366-6f93c699c3eb.settings.typeSettings.__assoc__.2.1.__assoc__.0.1.0','\"singles\"'),('matrixBlockTypes.8c2d19b7-0094-45fc-9e92-b9900816cf1d.fields.a7b5fa91-8029-4e60-a366-6f93c699c3eb.settings.typeSettings.__assoc__.2.1.__assoc__.0.1.1','\"section:2f1f0ea0-4b22-4e9d-bb51-9e1e32a94cba\"'),('matrixBlockTypes.8c2d19b7-0094-45fc-9e92-b9900816cf1d.fields.a7b5fa91-8029-4e60-a366-6f93c699c3eb.settings.typeSettings.__assoc__.2.1.__assoc__.0.1.2','\"section:cefc4625-a115-4b71-b22d-5f6784b3aada\"'),('matrixBlockTypes.8c2d19b7-0094-45fc-9e92-b9900816cf1d.fields.a7b5fa91-8029-4e60-a366-6f93c699c3eb.settings.typeSettings.__assoc__.2.1.__assoc__.1.0','\"allowCustomQuery\"'),('matrixBlockTypes.8c2d19b7-0094-45fc-9e92-b9900816cf1d.fields.a7b5fa91-8029-4e60-a366-6f93c699c3eb.settings.typeSettings.__assoc__.2.1.__assoc__.1.1','\"\"'),('matrixBlockTypes.8c2d19b7-0094-45fc-9e92-b9900816cf1d.fields.a7b5fa91-8029-4e60-a366-6f93c699c3eb.settings.typeSettings.__assoc__.3.0','\"site\"'),('matrixBlockTypes.8c2d19b7-0094-45fc-9e92-b9900816cf1d.fields.a7b5fa91-8029-4e60-a366-6f93c699c3eb.settings.typeSettings.__assoc__.3.1.__assoc__.0.0','\"sites\"'),('matrixBlockTypes.8c2d19b7-0094-45fc-9e92-b9900816cf1d.fields.a7b5fa91-8029-4e60-a366-6f93c699c3eb.settings.typeSettings.__assoc__.3.1.__assoc__.0.1','\"*\"'),('matrixBlockTypes.8c2d19b7-0094-45fc-9e92-b9900816cf1d.fields.a7b5fa91-8029-4e60-a366-6f93c699c3eb.settings.typeSettings.__assoc__.4.0','\"user\"'),('matrixBlockTypes.8c2d19b7-0094-45fc-9e92-b9900816cf1d.fields.a7b5fa91-8029-4e60-a366-6f93c699c3eb.settings.typeSettings.__assoc__.4.1.__assoc__.0.0','\"sources\"'),('matrixBlockTypes.8c2d19b7-0094-45fc-9e92-b9900816cf1d.fields.a7b5fa91-8029-4e60-a366-6f93c699c3eb.settings.typeSettings.__assoc__.4.1.__assoc__.0.1','\"*\"'),('matrixBlockTypes.8c2d19b7-0094-45fc-9e92-b9900816cf1d.fields.a7b5fa91-8029-4e60-a366-6f93c699c3eb.settings.typeSettings.__assoc__.4.1.__assoc__.1.0','\"allowCustomQuery\"'),('matrixBlockTypes.8c2d19b7-0094-45fc-9e92-b9900816cf1d.fields.a7b5fa91-8029-4e60-a366-6f93c699c3eb.settings.typeSettings.__assoc__.4.1.__assoc__.1.1','\"\"'),('matrixBlockTypes.8c2d19b7-0094-45fc-9e92-b9900816cf1d.fields.a7b5fa91-8029-4e60-a366-6f93c699c3eb.settings.typeSettings.__assoc__.5.0','\"custom\"'),('matrixBlockTypes.8c2d19b7-0094-45fc-9e92-b9900816cf1d.fields.a7b5fa91-8029-4e60-a366-6f93c699c3eb.settings.typeSettings.__assoc__.5.1.__assoc__.0.0','\"disableValidation\"'),('matrixBlockTypes.8c2d19b7-0094-45fc-9e92-b9900816cf1d.fields.a7b5fa91-8029-4e60-a366-6f93c699c3eb.settings.typeSettings.__assoc__.5.1.__assoc__.0.1','\"\"'),('matrixBlockTypes.8c2d19b7-0094-45fc-9e92-b9900816cf1d.fields.a7b5fa91-8029-4e60-a366-6f93c699c3eb.settings.typeSettings.__assoc__.5.1.__assoc__.1.0','\"allowAliases\"'),('matrixBlockTypes.8c2d19b7-0094-45fc-9e92-b9900816cf1d.fields.a7b5fa91-8029-4e60-a366-6f93c699c3eb.settings.typeSettings.__assoc__.5.1.__assoc__.1.1','\"\"'),('matrixBlockTypes.8c2d19b7-0094-45fc-9e92-b9900816cf1d.fields.a7b5fa91-8029-4e60-a366-6f93c699c3eb.settings.typeSettings.__assoc__.6.0','\"email\"'),('matrixBlockTypes.8c2d19b7-0094-45fc-9e92-b9900816cf1d.fields.a7b5fa91-8029-4e60-a366-6f93c699c3eb.settings.typeSettings.__assoc__.6.1.__assoc__.0.0','\"disableValidation\"'),('matrixBlockTypes.8c2d19b7-0094-45fc-9e92-b9900816cf1d.fields.a7b5fa91-8029-4e60-a366-6f93c699c3eb.settings.typeSettings.__assoc__.6.1.__assoc__.0.1','\"\"'),('matrixBlockTypes.8c2d19b7-0094-45fc-9e92-b9900816cf1d.fields.a7b5fa91-8029-4e60-a366-6f93c699c3eb.settings.typeSettings.__assoc__.6.1.__assoc__.1.0','\"allowAliases\"'),('matrixBlockTypes.8c2d19b7-0094-45fc-9e92-b9900816cf1d.fields.a7b5fa91-8029-4e60-a366-6f93c699c3eb.settings.typeSettings.__assoc__.6.1.__assoc__.1.1','\"\"'),('matrixBlockTypes.8c2d19b7-0094-45fc-9e92-b9900816cf1d.fields.a7b5fa91-8029-4e60-a366-6f93c699c3eb.settings.typeSettings.__assoc__.7.0','\"tel\"'),('matrixBlockTypes.8c2d19b7-0094-45fc-9e92-b9900816cf1d.fields.a7b5fa91-8029-4e60-a366-6f93c699c3eb.settings.typeSettings.__assoc__.7.1.__assoc__.0.0','\"disableValidation\"'),('matrixBlockTypes.8c2d19b7-0094-45fc-9e92-b9900816cf1d.fields.a7b5fa91-8029-4e60-a366-6f93c699c3eb.settings.typeSettings.__assoc__.7.1.__assoc__.0.1','\"\"'),('matrixBlockTypes.8c2d19b7-0094-45fc-9e92-b9900816cf1d.fields.a7b5fa91-8029-4e60-a366-6f93c699c3eb.settings.typeSettings.__assoc__.7.1.__assoc__.1.0','\"allowAliases\"'),('matrixBlockTypes.8c2d19b7-0094-45fc-9e92-b9900816cf1d.fields.a7b5fa91-8029-4e60-a366-6f93c699c3eb.settings.typeSettings.__assoc__.7.1.__assoc__.1.1','\"\"'),('matrixBlockTypes.8c2d19b7-0094-45fc-9e92-b9900816cf1d.fields.a7b5fa91-8029-4e60-a366-6f93c699c3eb.settings.typeSettings.__assoc__.8.0','\"url\"'),('matrixBlockTypes.8c2d19b7-0094-45fc-9e92-b9900816cf1d.fields.a7b5fa91-8029-4e60-a366-6f93c699c3eb.settings.typeSettings.__assoc__.8.1.__assoc__.0.0','\"disableValidation\"'),('matrixBlockTypes.8c2d19b7-0094-45fc-9e92-b9900816cf1d.fields.a7b5fa91-8029-4e60-a366-6f93c699c3eb.settings.typeSettings.__assoc__.8.1.__assoc__.0.1','\"\"'),('matrixBlockTypes.8c2d19b7-0094-45fc-9e92-b9900816cf1d.fields.a7b5fa91-8029-4e60-a366-6f93c699c3eb.settings.typeSettings.__assoc__.8.1.__assoc__.1.0','\"allowAliases\"'),('matrixBlockTypes.8c2d19b7-0094-45fc-9e92-b9900816cf1d.fields.a7b5fa91-8029-4e60-a366-6f93c699c3eb.settings.typeSettings.__assoc__.8.1.__assoc__.1.1','\"\"'),('matrixBlockTypes.8c2d19b7-0094-45fc-9e92-b9900816cf1d.fields.a7b5fa91-8029-4e60-a366-6f93c699c3eb.translationKeyFormat','null'),('matrixBlockTypes.8c2d19b7-0094-45fc-9e92-b9900816cf1d.fields.a7b5fa91-8029-4e60-a366-6f93c699c3eb.translationMethod','\"none\"'),('matrixBlockTypes.8c2d19b7-0094-45fc-9e92-b9900816cf1d.fields.a7b5fa91-8029-4e60-a366-6f93c699c3eb.type','\"typedlinkfield\\\\fields\\\\LinkField\"'),('matrixBlockTypes.8c2d19b7-0094-45fc-9e92-b9900816cf1d.fields.aea102a7-b187-4501-89be-26784baf2d4f.contentColumnType','\"text\"'),('matrixBlockTypes.8c2d19b7-0094-45fc-9e92-b9900816cf1d.fields.aea102a7-b187-4501-89be-26784baf2d4f.fieldGroup','null'),('matrixBlockTypes.8c2d19b7-0094-45fc-9e92-b9900816cf1d.fields.aea102a7-b187-4501-89be-26784baf2d4f.handle','\"heading\"'),('matrixBlockTypes.8c2d19b7-0094-45fc-9e92-b9900816cf1d.fields.aea102a7-b187-4501-89be-26784baf2d4f.instructions','\"\"'),('matrixBlockTypes.8c2d19b7-0094-45fc-9e92-b9900816cf1d.fields.aea102a7-b187-4501-89be-26784baf2d4f.name','\"Heading\"'),('matrixBlockTypes.8c2d19b7-0094-45fc-9e92-b9900816cf1d.fields.aea102a7-b187-4501-89be-26784baf2d4f.searchable','true'),('matrixBlockTypes.8c2d19b7-0094-45fc-9e92-b9900816cf1d.fields.aea102a7-b187-4501-89be-26784baf2d4f.settings.byteLimit','null'),('matrixBlockTypes.8c2d19b7-0094-45fc-9e92-b9900816cf1d.fields.aea102a7-b187-4501-89be-26784baf2d4f.settings.charLimit','null'),('matrixBlockTypes.8c2d19b7-0094-45fc-9e92-b9900816cf1d.fields.aea102a7-b187-4501-89be-26784baf2d4f.settings.code','\"\"'),('matrixBlockTypes.8c2d19b7-0094-45fc-9e92-b9900816cf1d.fields.aea102a7-b187-4501-89be-26784baf2d4f.settings.columnType','null'),('matrixBlockTypes.8c2d19b7-0094-45fc-9e92-b9900816cf1d.fields.aea102a7-b187-4501-89be-26784baf2d4f.settings.initialRows','\"4\"'),('matrixBlockTypes.8c2d19b7-0094-45fc-9e92-b9900816cf1d.fields.aea102a7-b187-4501-89be-26784baf2d4f.settings.multiline','\"\"'),('matrixBlockTypes.8c2d19b7-0094-45fc-9e92-b9900816cf1d.fields.aea102a7-b187-4501-89be-26784baf2d4f.settings.placeholder','\"\"'),('matrixBlockTypes.8c2d19b7-0094-45fc-9e92-b9900816cf1d.fields.aea102a7-b187-4501-89be-26784baf2d4f.translationKeyFormat','null'),('matrixBlockTypes.8c2d19b7-0094-45fc-9e92-b9900816cf1d.fields.aea102a7-b187-4501-89be-26784baf2d4f.translationMethod','\"none\"'),('matrixBlockTypes.8c2d19b7-0094-45fc-9e92-b9900816cf1d.fields.aea102a7-b187-4501-89be-26784baf2d4f.type','\"craft\\\\fields\\\\PlainText\"'),('matrixBlockTypes.8c2d19b7-0094-45fc-9e92-b9900816cf1d.fields.f7c38014-8cf2-4634-8718-4a99fffe4533.contentColumnType','\"text\"'),('matrixBlockTypes.8c2d19b7-0094-45fc-9e92-b9900816cf1d.fields.f7c38014-8cf2-4634-8718-4a99fffe4533.fieldGroup','null'),('matrixBlockTypes.8c2d19b7-0094-45fc-9e92-b9900816cf1d.fields.f7c38014-8cf2-4634-8718-4a99fffe4533.handle','\"copy\"'),('matrixBlockTypes.8c2d19b7-0094-45fc-9e92-b9900816cf1d.fields.f7c38014-8cf2-4634-8718-4a99fffe4533.instructions','\"\"'),('matrixBlockTypes.8c2d19b7-0094-45fc-9e92-b9900816cf1d.fields.f7c38014-8cf2-4634-8718-4a99fffe4533.name','\"Copy\"'),('matrixBlockTypes.8c2d19b7-0094-45fc-9e92-b9900816cf1d.fields.f7c38014-8cf2-4634-8718-4a99fffe4533.searchable','true'),('matrixBlockTypes.8c2d19b7-0094-45fc-9e92-b9900816cf1d.fields.f7c38014-8cf2-4634-8718-4a99fffe4533.settings.availableTransforms','\"*\"'),('matrixBlockTypes.8c2d19b7-0094-45fc-9e92-b9900816cf1d.fields.f7c38014-8cf2-4634-8718-4a99fffe4533.settings.availableVolumes','\"\"'),('matrixBlockTypes.8c2d19b7-0094-45fc-9e92-b9900816cf1d.fields.f7c38014-8cf2-4634-8718-4a99fffe4533.settings.cleanupHtml','true'),('matrixBlockTypes.8c2d19b7-0094-45fc-9e92-b9900816cf1d.fields.f7c38014-8cf2-4634-8718-4a99fffe4533.settings.columnType','\"text\"'),('matrixBlockTypes.8c2d19b7-0094-45fc-9e92-b9900816cf1d.fields.f7c38014-8cf2-4634-8718-4a99fffe4533.settings.purifierConfig','\"\"'),('matrixBlockTypes.8c2d19b7-0094-45fc-9e92-b9900816cf1d.fields.f7c38014-8cf2-4634-8718-4a99fffe4533.settings.purifyHtml','\"1\"'),('matrixBlockTypes.8c2d19b7-0094-45fc-9e92-b9900816cf1d.fields.f7c38014-8cf2-4634-8718-4a99fffe4533.settings.redactorConfig','\"Simple.json\"'),('matrixBlockTypes.8c2d19b7-0094-45fc-9e92-b9900816cf1d.fields.f7c38014-8cf2-4634-8718-4a99fffe4533.settings.removeEmptyTags','\"1\"'),('matrixBlockTypes.8c2d19b7-0094-45fc-9e92-b9900816cf1d.fields.f7c38014-8cf2-4634-8718-4a99fffe4533.settings.removeInlineStyles','\"1\"'),('matrixBlockTypes.8c2d19b7-0094-45fc-9e92-b9900816cf1d.fields.f7c38014-8cf2-4634-8718-4a99fffe4533.settings.removeNbsp','\"1\"'),('matrixBlockTypes.8c2d19b7-0094-45fc-9e92-b9900816cf1d.fields.f7c38014-8cf2-4634-8718-4a99fffe4533.settings.showUnpermittedFiles','false'),('matrixBlockTypes.8c2d19b7-0094-45fc-9e92-b9900816cf1d.fields.f7c38014-8cf2-4634-8718-4a99fffe4533.settings.showUnpermittedVolumes','false'),('matrixBlockTypes.8c2d19b7-0094-45fc-9e92-b9900816cf1d.fields.f7c38014-8cf2-4634-8718-4a99fffe4533.translationKeyFormat','null'),('matrixBlockTypes.8c2d19b7-0094-45fc-9e92-b9900816cf1d.fields.f7c38014-8cf2-4634-8718-4a99fffe4533.translationMethod','\"none\"'),('matrixBlockTypes.8c2d19b7-0094-45fc-9e92-b9900816cf1d.fields.f7c38014-8cf2-4634-8718-4a99fffe4533.type','\"craft\\\\redactor\\\\Field\"'),('matrixBlockTypes.8c2d19b7-0094-45fc-9e92-b9900816cf1d.handle','\"boldHero\"'),('matrixBlockTypes.8c2d19b7-0094-45fc-9e92-b9900816cf1d.name','\"Bold Hero\"'),('matrixBlockTypes.8c2d19b7-0094-45fc-9e92-b9900816cf1d.sortOrder','11'),('matrixBlockTypes.9dea63d6-c8c3-4116-93db-1eb9e2790058.field','\"1eb0ac2f-150c-4071-b0a0-cdbc98ace82e\"'),('matrixBlockTypes.9dea63d6-c8c3-4116-93db-1eb9e2790058.fieldLayouts.4ce6f8b6-8ea1-46c5-92e7-7c9200277743.tabs.0.fields.1aa2697a-4a32-496d-a3f5-f9a1e120a864.required','false'),('matrixBlockTypes.9dea63d6-c8c3-4116-93db-1eb9e2790058.fieldLayouts.4ce6f8b6-8ea1-46c5-92e7-7c9200277743.tabs.0.fields.1aa2697a-4a32-496d-a3f5-f9a1e120a864.sortOrder','1'),('matrixBlockTypes.9dea63d6-c8c3-4116-93db-1eb9e2790058.fieldLayouts.4ce6f8b6-8ea1-46c5-92e7-7c9200277743.tabs.0.fields.2dd47779-aae2-4d6d-b2b7-b1cf6fd6807c.required','false'),('matrixBlockTypes.9dea63d6-c8c3-4116-93db-1eb9e2790058.fieldLayouts.4ce6f8b6-8ea1-46c5-92e7-7c9200277743.tabs.0.fields.2dd47779-aae2-4d6d-b2b7-b1cf6fd6807c.sortOrder','3'),('matrixBlockTypes.9dea63d6-c8c3-4116-93db-1eb9e2790058.fieldLayouts.4ce6f8b6-8ea1-46c5-92e7-7c9200277743.tabs.0.fields.cc09c5f8-123f-4ecd-ac51-acc522445123.required','false'),('matrixBlockTypes.9dea63d6-c8c3-4116-93db-1eb9e2790058.fieldLayouts.4ce6f8b6-8ea1-46c5-92e7-7c9200277743.tabs.0.fields.cc09c5f8-123f-4ecd-ac51-acc522445123.sortOrder','2'),('matrixBlockTypes.9dea63d6-c8c3-4116-93db-1eb9e2790058.fieldLayouts.4ce6f8b6-8ea1-46c5-92e7-7c9200277743.tabs.0.name','\"Content\"'),('matrixBlockTypes.9dea63d6-c8c3-4116-93db-1eb9e2790058.fieldLayouts.4ce6f8b6-8ea1-46c5-92e7-7c9200277743.tabs.0.sortOrder','1'),('matrixBlockTypes.9dea63d6-c8c3-4116-93db-1eb9e2790058.fields.1aa2697a-4a32-496d-a3f5-f9a1e120a864.contentColumnType','\"text\"'),('matrixBlockTypes.9dea63d6-c8c3-4116-93db-1eb9e2790058.fields.1aa2697a-4a32-496d-a3f5-f9a1e120a864.fieldGroup','null'),('matrixBlockTypes.9dea63d6-c8c3-4116-93db-1eb9e2790058.fields.1aa2697a-4a32-496d-a3f5-f9a1e120a864.handle','\"heading\"'),('matrixBlockTypes.9dea63d6-c8c3-4116-93db-1eb9e2790058.fields.1aa2697a-4a32-496d-a3f5-f9a1e120a864.instructions','\"\"'),('matrixBlockTypes.9dea63d6-c8c3-4116-93db-1eb9e2790058.fields.1aa2697a-4a32-496d-a3f5-f9a1e120a864.name','\"Heading\"'),('matrixBlockTypes.9dea63d6-c8c3-4116-93db-1eb9e2790058.fields.1aa2697a-4a32-496d-a3f5-f9a1e120a864.searchable','true'),('matrixBlockTypes.9dea63d6-c8c3-4116-93db-1eb9e2790058.fields.1aa2697a-4a32-496d-a3f5-f9a1e120a864.settings.byteLimit','null'),('matrixBlockTypes.9dea63d6-c8c3-4116-93db-1eb9e2790058.fields.1aa2697a-4a32-496d-a3f5-f9a1e120a864.settings.charLimit','null'),('matrixBlockTypes.9dea63d6-c8c3-4116-93db-1eb9e2790058.fields.1aa2697a-4a32-496d-a3f5-f9a1e120a864.settings.code','\"\"'),('matrixBlockTypes.9dea63d6-c8c3-4116-93db-1eb9e2790058.fields.1aa2697a-4a32-496d-a3f5-f9a1e120a864.settings.columnType','null'),('matrixBlockTypes.9dea63d6-c8c3-4116-93db-1eb9e2790058.fields.1aa2697a-4a32-496d-a3f5-f9a1e120a864.settings.initialRows','\"4\"'),('matrixBlockTypes.9dea63d6-c8c3-4116-93db-1eb9e2790058.fields.1aa2697a-4a32-496d-a3f5-f9a1e120a864.settings.multiline','\"\"'),('matrixBlockTypes.9dea63d6-c8c3-4116-93db-1eb9e2790058.fields.1aa2697a-4a32-496d-a3f5-f9a1e120a864.settings.placeholder','\"\"'),('matrixBlockTypes.9dea63d6-c8c3-4116-93db-1eb9e2790058.fields.1aa2697a-4a32-496d-a3f5-f9a1e120a864.translationKeyFormat','null'),('matrixBlockTypes.9dea63d6-c8c3-4116-93db-1eb9e2790058.fields.1aa2697a-4a32-496d-a3f5-f9a1e120a864.translationMethod','\"none\"'),('matrixBlockTypes.9dea63d6-c8c3-4116-93db-1eb9e2790058.fields.1aa2697a-4a32-496d-a3f5-f9a1e120a864.type','\"craft\\\\fields\\\\PlainText\"'),('matrixBlockTypes.9dea63d6-c8c3-4116-93db-1eb9e2790058.fields.2dd47779-aae2-4d6d-b2b7-b1cf6fd6807c.contentColumnType','\"text\"'),('matrixBlockTypes.9dea63d6-c8c3-4116-93db-1eb9e2790058.fields.2dd47779-aae2-4d6d-b2b7-b1cf6fd6807c.fieldGroup','null'),('matrixBlockTypes.9dea63d6-c8c3-4116-93db-1eb9e2790058.fields.2dd47779-aae2-4d6d-b2b7-b1cf6fd6807c.handle','\"callToActionButton\"'),('matrixBlockTypes.9dea63d6-c8c3-4116-93db-1eb9e2790058.fields.2dd47779-aae2-4d6d-b2b7-b1cf6fd6807c.instructions','\"\"'),('matrixBlockTypes.9dea63d6-c8c3-4116-93db-1eb9e2790058.fields.2dd47779-aae2-4d6d-b2b7-b1cf6fd6807c.name','\"Call to Action Button\"'),('matrixBlockTypes.9dea63d6-c8c3-4116-93db-1eb9e2790058.fields.2dd47779-aae2-4d6d-b2b7-b1cf6fd6807c.searchable','false'),('matrixBlockTypes.9dea63d6-c8c3-4116-93db-1eb9e2790058.fields.2dd47779-aae2-4d6d-b2b7-b1cf6fd6807c.settings.allowCustomText','\"1\"'),('matrixBlockTypes.9dea63d6-c8c3-4116-93db-1eb9e2790058.fields.2dd47779-aae2-4d6d-b2b7-b1cf6fd6807c.settings.allowedLinkNames.3','\"entry\"'),('matrixBlockTypes.9dea63d6-c8c3-4116-93db-1eb9e2790058.fields.2dd47779-aae2-4d6d-b2b7-b1cf6fd6807c.settings.allowedLinkNames.6','\"custom\"'),('matrixBlockTypes.9dea63d6-c8c3-4116-93db-1eb9e2790058.fields.2dd47779-aae2-4d6d-b2b7-b1cf6fd6807c.settings.allowedLinkNames.7','\"email\"'),('matrixBlockTypes.9dea63d6-c8c3-4116-93db-1eb9e2790058.fields.2dd47779-aae2-4d6d-b2b7-b1cf6fd6807c.settings.allowedLinkNames.8','\"tel\"'),('matrixBlockTypes.9dea63d6-c8c3-4116-93db-1eb9e2790058.fields.2dd47779-aae2-4d6d-b2b7-b1cf6fd6807c.settings.allowTarget','\"1\"'),('matrixBlockTypes.9dea63d6-c8c3-4116-93db-1eb9e2790058.fields.2dd47779-aae2-4d6d-b2b7-b1cf6fd6807c.settings.autoNoReferrer','\"\"'),('matrixBlockTypes.9dea63d6-c8c3-4116-93db-1eb9e2790058.fields.2dd47779-aae2-4d6d-b2b7-b1cf6fd6807c.settings.defaultLinkName','\"entry\"'),('matrixBlockTypes.9dea63d6-c8c3-4116-93db-1eb9e2790058.fields.2dd47779-aae2-4d6d-b2b7-b1cf6fd6807c.settings.defaultText','\"\"'),('matrixBlockTypes.9dea63d6-c8c3-4116-93db-1eb9e2790058.fields.2dd47779-aae2-4d6d-b2b7-b1cf6fd6807c.settings.enableAriaLabel','\"\"'),('matrixBlockTypes.9dea63d6-c8c3-4116-93db-1eb9e2790058.fields.2dd47779-aae2-4d6d-b2b7-b1cf6fd6807c.settings.enableTitle','\"\"'),('matrixBlockTypes.9dea63d6-c8c3-4116-93db-1eb9e2790058.fields.2dd47779-aae2-4d6d-b2b7-b1cf6fd6807c.settings.typeSettings.__assoc__.0.0','\"asset\"'),('matrixBlockTypes.9dea63d6-c8c3-4116-93db-1eb9e2790058.fields.2dd47779-aae2-4d6d-b2b7-b1cf6fd6807c.settings.typeSettings.__assoc__.0.1.__assoc__.0.0','\"sources\"'),('matrixBlockTypes.9dea63d6-c8c3-4116-93db-1eb9e2790058.fields.2dd47779-aae2-4d6d-b2b7-b1cf6fd6807c.settings.typeSettings.__assoc__.0.1.__assoc__.0.1','\"*\"'),('matrixBlockTypes.9dea63d6-c8c3-4116-93db-1eb9e2790058.fields.2dd47779-aae2-4d6d-b2b7-b1cf6fd6807c.settings.typeSettings.__assoc__.0.1.__assoc__.1.0','\"allowCustomQuery\"'),('matrixBlockTypes.9dea63d6-c8c3-4116-93db-1eb9e2790058.fields.2dd47779-aae2-4d6d-b2b7-b1cf6fd6807c.settings.typeSettings.__assoc__.0.1.__assoc__.1.1','\"\"'),('matrixBlockTypes.9dea63d6-c8c3-4116-93db-1eb9e2790058.fields.2dd47779-aae2-4d6d-b2b7-b1cf6fd6807c.settings.typeSettings.__assoc__.1.0','\"category\"'),('matrixBlockTypes.9dea63d6-c8c3-4116-93db-1eb9e2790058.fields.2dd47779-aae2-4d6d-b2b7-b1cf6fd6807c.settings.typeSettings.__assoc__.1.1.__assoc__.0.0','\"sources\"'),('matrixBlockTypes.9dea63d6-c8c3-4116-93db-1eb9e2790058.fields.2dd47779-aae2-4d6d-b2b7-b1cf6fd6807c.settings.typeSettings.__assoc__.1.1.__assoc__.0.1','\"*\"'),('matrixBlockTypes.9dea63d6-c8c3-4116-93db-1eb9e2790058.fields.2dd47779-aae2-4d6d-b2b7-b1cf6fd6807c.settings.typeSettings.__assoc__.1.1.__assoc__.1.0','\"allowCustomQuery\"'),('matrixBlockTypes.9dea63d6-c8c3-4116-93db-1eb9e2790058.fields.2dd47779-aae2-4d6d-b2b7-b1cf6fd6807c.settings.typeSettings.__assoc__.1.1.__assoc__.1.1','\"\"'),('matrixBlockTypes.9dea63d6-c8c3-4116-93db-1eb9e2790058.fields.2dd47779-aae2-4d6d-b2b7-b1cf6fd6807c.settings.typeSettings.__assoc__.2.0','\"entry\"'),('matrixBlockTypes.9dea63d6-c8c3-4116-93db-1eb9e2790058.fields.2dd47779-aae2-4d6d-b2b7-b1cf6fd6807c.settings.typeSettings.__assoc__.2.1.__assoc__.0.0','\"sources\"'),('matrixBlockTypes.9dea63d6-c8c3-4116-93db-1eb9e2790058.fields.2dd47779-aae2-4d6d-b2b7-b1cf6fd6807c.settings.typeSettings.__assoc__.2.1.__assoc__.0.1.0','\"singles\"'),('matrixBlockTypes.9dea63d6-c8c3-4116-93db-1eb9e2790058.fields.2dd47779-aae2-4d6d-b2b7-b1cf6fd6807c.settings.typeSettings.__assoc__.2.1.__assoc__.0.1.1','\"section:2f1f0ea0-4b22-4e9d-bb51-9e1e32a94cba\"'),('matrixBlockTypes.9dea63d6-c8c3-4116-93db-1eb9e2790058.fields.2dd47779-aae2-4d6d-b2b7-b1cf6fd6807c.settings.typeSettings.__assoc__.2.1.__assoc__.0.1.2','\"section:cefc4625-a115-4b71-b22d-5f6784b3aada\"'),('matrixBlockTypes.9dea63d6-c8c3-4116-93db-1eb9e2790058.fields.2dd47779-aae2-4d6d-b2b7-b1cf6fd6807c.settings.typeSettings.__assoc__.2.1.__assoc__.1.0','\"allowCustomQuery\"'),('matrixBlockTypes.9dea63d6-c8c3-4116-93db-1eb9e2790058.fields.2dd47779-aae2-4d6d-b2b7-b1cf6fd6807c.settings.typeSettings.__assoc__.2.1.__assoc__.1.1','\"\"'),('matrixBlockTypes.9dea63d6-c8c3-4116-93db-1eb9e2790058.fields.2dd47779-aae2-4d6d-b2b7-b1cf6fd6807c.settings.typeSettings.__assoc__.3.0','\"site\"'),('matrixBlockTypes.9dea63d6-c8c3-4116-93db-1eb9e2790058.fields.2dd47779-aae2-4d6d-b2b7-b1cf6fd6807c.settings.typeSettings.__assoc__.3.1.__assoc__.0.0','\"sites\"'),('matrixBlockTypes.9dea63d6-c8c3-4116-93db-1eb9e2790058.fields.2dd47779-aae2-4d6d-b2b7-b1cf6fd6807c.settings.typeSettings.__assoc__.3.1.__assoc__.0.1','\"*\"'),('matrixBlockTypes.9dea63d6-c8c3-4116-93db-1eb9e2790058.fields.2dd47779-aae2-4d6d-b2b7-b1cf6fd6807c.settings.typeSettings.__assoc__.4.0','\"user\"'),('matrixBlockTypes.9dea63d6-c8c3-4116-93db-1eb9e2790058.fields.2dd47779-aae2-4d6d-b2b7-b1cf6fd6807c.settings.typeSettings.__assoc__.4.1.__assoc__.0.0','\"sources\"'),('matrixBlockTypes.9dea63d6-c8c3-4116-93db-1eb9e2790058.fields.2dd47779-aae2-4d6d-b2b7-b1cf6fd6807c.settings.typeSettings.__assoc__.4.1.__assoc__.0.1','\"*\"'),('matrixBlockTypes.9dea63d6-c8c3-4116-93db-1eb9e2790058.fields.2dd47779-aae2-4d6d-b2b7-b1cf6fd6807c.settings.typeSettings.__assoc__.4.1.__assoc__.1.0','\"allowCustomQuery\"'),('matrixBlockTypes.9dea63d6-c8c3-4116-93db-1eb9e2790058.fields.2dd47779-aae2-4d6d-b2b7-b1cf6fd6807c.settings.typeSettings.__assoc__.4.1.__assoc__.1.1','\"\"'),('matrixBlockTypes.9dea63d6-c8c3-4116-93db-1eb9e2790058.fields.2dd47779-aae2-4d6d-b2b7-b1cf6fd6807c.settings.typeSettings.__assoc__.5.0','\"custom\"'),('matrixBlockTypes.9dea63d6-c8c3-4116-93db-1eb9e2790058.fields.2dd47779-aae2-4d6d-b2b7-b1cf6fd6807c.settings.typeSettings.__assoc__.5.1.__assoc__.0.0','\"disableValidation\"'),('matrixBlockTypes.9dea63d6-c8c3-4116-93db-1eb9e2790058.fields.2dd47779-aae2-4d6d-b2b7-b1cf6fd6807c.settings.typeSettings.__assoc__.5.1.__assoc__.0.1','\"\"'),('matrixBlockTypes.9dea63d6-c8c3-4116-93db-1eb9e2790058.fields.2dd47779-aae2-4d6d-b2b7-b1cf6fd6807c.settings.typeSettings.__assoc__.5.1.__assoc__.1.0','\"allowAliases\"'),('matrixBlockTypes.9dea63d6-c8c3-4116-93db-1eb9e2790058.fields.2dd47779-aae2-4d6d-b2b7-b1cf6fd6807c.settings.typeSettings.__assoc__.5.1.__assoc__.1.1','\"\"'),('matrixBlockTypes.9dea63d6-c8c3-4116-93db-1eb9e2790058.fields.2dd47779-aae2-4d6d-b2b7-b1cf6fd6807c.settings.typeSettings.__assoc__.6.0','\"email\"'),('matrixBlockTypes.9dea63d6-c8c3-4116-93db-1eb9e2790058.fields.2dd47779-aae2-4d6d-b2b7-b1cf6fd6807c.settings.typeSettings.__assoc__.6.1.__assoc__.0.0','\"disableValidation\"'),('matrixBlockTypes.9dea63d6-c8c3-4116-93db-1eb9e2790058.fields.2dd47779-aae2-4d6d-b2b7-b1cf6fd6807c.settings.typeSettings.__assoc__.6.1.__assoc__.0.1','\"\"'),('matrixBlockTypes.9dea63d6-c8c3-4116-93db-1eb9e2790058.fields.2dd47779-aae2-4d6d-b2b7-b1cf6fd6807c.settings.typeSettings.__assoc__.6.1.__assoc__.1.0','\"allowAliases\"'),('matrixBlockTypes.9dea63d6-c8c3-4116-93db-1eb9e2790058.fields.2dd47779-aae2-4d6d-b2b7-b1cf6fd6807c.settings.typeSettings.__assoc__.6.1.__assoc__.1.1','\"\"'),('matrixBlockTypes.9dea63d6-c8c3-4116-93db-1eb9e2790058.fields.2dd47779-aae2-4d6d-b2b7-b1cf6fd6807c.settings.typeSettings.__assoc__.7.0','\"tel\"'),('matrixBlockTypes.9dea63d6-c8c3-4116-93db-1eb9e2790058.fields.2dd47779-aae2-4d6d-b2b7-b1cf6fd6807c.settings.typeSettings.__assoc__.7.1.__assoc__.0.0','\"disableValidation\"'),('matrixBlockTypes.9dea63d6-c8c3-4116-93db-1eb9e2790058.fields.2dd47779-aae2-4d6d-b2b7-b1cf6fd6807c.settings.typeSettings.__assoc__.7.1.__assoc__.0.1','\"\"'),('matrixBlockTypes.9dea63d6-c8c3-4116-93db-1eb9e2790058.fields.2dd47779-aae2-4d6d-b2b7-b1cf6fd6807c.settings.typeSettings.__assoc__.7.1.__assoc__.1.0','\"allowAliases\"'),('matrixBlockTypes.9dea63d6-c8c3-4116-93db-1eb9e2790058.fields.2dd47779-aae2-4d6d-b2b7-b1cf6fd6807c.settings.typeSettings.__assoc__.7.1.__assoc__.1.1','\"\"'),('matrixBlockTypes.9dea63d6-c8c3-4116-93db-1eb9e2790058.fields.2dd47779-aae2-4d6d-b2b7-b1cf6fd6807c.settings.typeSettings.__assoc__.8.0','\"url\"'),('matrixBlockTypes.9dea63d6-c8c3-4116-93db-1eb9e2790058.fields.2dd47779-aae2-4d6d-b2b7-b1cf6fd6807c.settings.typeSettings.__assoc__.8.1.__assoc__.0.0','\"disableValidation\"'),('matrixBlockTypes.9dea63d6-c8c3-4116-93db-1eb9e2790058.fields.2dd47779-aae2-4d6d-b2b7-b1cf6fd6807c.settings.typeSettings.__assoc__.8.1.__assoc__.0.1','\"\"'),('matrixBlockTypes.9dea63d6-c8c3-4116-93db-1eb9e2790058.fields.2dd47779-aae2-4d6d-b2b7-b1cf6fd6807c.settings.typeSettings.__assoc__.8.1.__assoc__.1.0','\"allowAliases\"'),('matrixBlockTypes.9dea63d6-c8c3-4116-93db-1eb9e2790058.fields.2dd47779-aae2-4d6d-b2b7-b1cf6fd6807c.settings.typeSettings.__assoc__.8.1.__assoc__.1.1','\"\"'),('matrixBlockTypes.9dea63d6-c8c3-4116-93db-1eb9e2790058.fields.2dd47779-aae2-4d6d-b2b7-b1cf6fd6807c.translationKeyFormat','null'),('matrixBlockTypes.9dea63d6-c8c3-4116-93db-1eb9e2790058.fields.2dd47779-aae2-4d6d-b2b7-b1cf6fd6807c.translationMethod','\"none\"'),('matrixBlockTypes.9dea63d6-c8c3-4116-93db-1eb9e2790058.fields.2dd47779-aae2-4d6d-b2b7-b1cf6fd6807c.type','\"typedlinkfield\\\\fields\\\\LinkField\"'),('matrixBlockTypes.9dea63d6-c8c3-4116-93db-1eb9e2790058.fields.cc09c5f8-123f-4ecd-ac51-acc522445123.contentColumnType','\"text\"'),('matrixBlockTypes.9dea63d6-c8c3-4116-93db-1eb9e2790058.fields.cc09c5f8-123f-4ecd-ac51-acc522445123.fieldGroup','null'),('matrixBlockTypes.9dea63d6-c8c3-4116-93db-1eb9e2790058.fields.cc09c5f8-123f-4ecd-ac51-acc522445123.handle','\"copy\"'),('matrixBlockTypes.9dea63d6-c8c3-4116-93db-1eb9e2790058.fields.cc09c5f8-123f-4ecd-ac51-acc522445123.instructions','\"\"'),('matrixBlockTypes.9dea63d6-c8c3-4116-93db-1eb9e2790058.fields.cc09c5f8-123f-4ecd-ac51-acc522445123.name','\"Copy\"'),('matrixBlockTypes.9dea63d6-c8c3-4116-93db-1eb9e2790058.fields.cc09c5f8-123f-4ecd-ac51-acc522445123.searchable','true'),('matrixBlockTypes.9dea63d6-c8c3-4116-93db-1eb9e2790058.fields.cc09c5f8-123f-4ecd-ac51-acc522445123.settings.availableTransforms','\"*\"'),('matrixBlockTypes.9dea63d6-c8c3-4116-93db-1eb9e2790058.fields.cc09c5f8-123f-4ecd-ac51-acc522445123.settings.availableVolumes','\"\"'),('matrixBlockTypes.9dea63d6-c8c3-4116-93db-1eb9e2790058.fields.cc09c5f8-123f-4ecd-ac51-acc522445123.settings.cleanupHtml','true'),('matrixBlockTypes.9dea63d6-c8c3-4116-93db-1eb9e2790058.fields.cc09c5f8-123f-4ecd-ac51-acc522445123.settings.columnType','\"text\"'),('matrixBlockTypes.9dea63d6-c8c3-4116-93db-1eb9e2790058.fields.cc09c5f8-123f-4ecd-ac51-acc522445123.settings.purifierConfig','\"\"'),('matrixBlockTypes.9dea63d6-c8c3-4116-93db-1eb9e2790058.fields.cc09c5f8-123f-4ecd-ac51-acc522445123.settings.purifyHtml','\"1\"'),('matrixBlockTypes.9dea63d6-c8c3-4116-93db-1eb9e2790058.fields.cc09c5f8-123f-4ecd-ac51-acc522445123.settings.redactorConfig','\"Standard.json\"'),('matrixBlockTypes.9dea63d6-c8c3-4116-93db-1eb9e2790058.fields.cc09c5f8-123f-4ecd-ac51-acc522445123.settings.removeEmptyTags','\"1\"'),('matrixBlockTypes.9dea63d6-c8c3-4116-93db-1eb9e2790058.fields.cc09c5f8-123f-4ecd-ac51-acc522445123.settings.removeInlineStyles','\"1\"'),('matrixBlockTypes.9dea63d6-c8c3-4116-93db-1eb9e2790058.fields.cc09c5f8-123f-4ecd-ac51-acc522445123.settings.removeNbsp','\"1\"'),('matrixBlockTypes.9dea63d6-c8c3-4116-93db-1eb9e2790058.fields.cc09c5f8-123f-4ecd-ac51-acc522445123.settings.showUnpermittedFiles','false'),('matrixBlockTypes.9dea63d6-c8c3-4116-93db-1eb9e2790058.fields.cc09c5f8-123f-4ecd-ac51-acc522445123.settings.showUnpermittedVolumes','false'),('matrixBlockTypes.9dea63d6-c8c3-4116-93db-1eb9e2790058.fields.cc09c5f8-123f-4ecd-ac51-acc522445123.translationKeyFormat','null'),('matrixBlockTypes.9dea63d6-c8c3-4116-93db-1eb9e2790058.fields.cc09c5f8-123f-4ecd-ac51-acc522445123.translationMethod','\"none\"'),('matrixBlockTypes.9dea63d6-c8c3-4116-93db-1eb9e2790058.fields.cc09c5f8-123f-4ecd-ac51-acc522445123.type','\"craft\\\\redactor\\\\Field\"'),('matrixBlockTypes.9dea63d6-c8c3-4116-93db-1eb9e2790058.handle','\"richText\"'),('matrixBlockTypes.9dea63d6-c8c3-4116-93db-1eb9e2790058.name','\"Rich Text\"'),('matrixBlockTypes.9dea63d6-c8c3-4116-93db-1eb9e2790058.sortOrder','1'),('matrixBlockTypes.bb8b1ade-0718-4cba-9ae2-6e749531171d.field','\"1eb0ac2f-150c-4071-b0a0-cdbc98ace82e\"'),('matrixBlockTypes.bb8b1ade-0718-4cba-9ae2-6e749531171d.fieldLayouts.a16aee75-e3c6-4b89-8ebd-d670b08018ad.tabs.0.fields.3b64d0d5-85c3-4d4c-ae24-37fc64796b59.required','true'),('matrixBlockTypes.bb8b1ade-0718-4cba-9ae2-6e749531171d.fieldLayouts.a16aee75-e3c6-4b89-8ebd-d670b08018ad.tabs.0.fields.3b64d0d5-85c3-4d4c-ae24-37fc64796b59.sortOrder','3'),('matrixBlockTypes.bb8b1ade-0718-4cba-9ae2-6e749531171d.fieldLayouts.a16aee75-e3c6-4b89-8ebd-d670b08018ad.tabs.0.fields.903af3a1-d0bf-48a2-ad64-b5afa826e268.required','false'),('matrixBlockTypes.bb8b1ade-0718-4cba-9ae2-6e749531171d.fieldLayouts.a16aee75-e3c6-4b89-8ebd-d670b08018ad.tabs.0.fields.903af3a1-d0bf-48a2-ad64-b5afa826e268.sortOrder','4'),('matrixBlockTypes.bb8b1ade-0718-4cba-9ae2-6e749531171d.fieldLayouts.a16aee75-e3c6-4b89-8ebd-d670b08018ad.tabs.0.fields.d2ed2223-7bc8-4e0b-a214-aac9858b9f7d.required','false'),('matrixBlockTypes.bb8b1ade-0718-4cba-9ae2-6e749531171d.fieldLayouts.a16aee75-e3c6-4b89-8ebd-d670b08018ad.tabs.0.fields.d2ed2223-7bc8-4e0b-a214-aac9858b9f7d.sortOrder','1'),('matrixBlockTypes.bb8b1ade-0718-4cba-9ae2-6e749531171d.fieldLayouts.a16aee75-e3c6-4b89-8ebd-d670b08018ad.tabs.0.fields.dee15867-e67b-485e-9bb4-462d27a45db3.required','false'),('matrixBlockTypes.bb8b1ade-0718-4cba-9ae2-6e749531171d.fieldLayouts.a16aee75-e3c6-4b89-8ebd-d670b08018ad.tabs.0.fields.dee15867-e67b-485e-9bb4-462d27a45db3.sortOrder','2'),('matrixBlockTypes.bb8b1ade-0718-4cba-9ae2-6e749531171d.fieldLayouts.a16aee75-e3c6-4b89-8ebd-d670b08018ad.tabs.0.name','\"Content\"'),('matrixBlockTypes.bb8b1ade-0718-4cba-9ae2-6e749531171d.fieldLayouts.a16aee75-e3c6-4b89-8ebd-d670b08018ad.tabs.0.sortOrder','1'),('matrixBlockTypes.bb8b1ade-0718-4cba-9ae2-6e749531171d.fields.3b64d0d5-85c3-4d4c-ae24-37fc64796b59.contentColumnType','\"string\"'),('matrixBlockTypes.bb8b1ade-0718-4cba-9ae2-6e749531171d.fields.3b64d0d5-85c3-4d4c-ae24-37fc64796b59.fieldGroup','null'),('matrixBlockTypes.bb8b1ade-0718-4cba-9ae2-6e749531171d.fields.3b64d0d5-85c3-4d4c-ae24-37fc64796b59.handle','\"articles\"'),('matrixBlockTypes.bb8b1ade-0718-4cba-9ae2-6e749531171d.fields.3b64d0d5-85c3-4d4c-ae24-37fc64796b59.instructions','\"\"'),('matrixBlockTypes.bb8b1ade-0718-4cba-9ae2-6e749531171d.fields.3b64d0d5-85c3-4d4c-ae24-37fc64796b59.name','\"Articles\"'),('matrixBlockTypes.bb8b1ade-0718-4cba-9ae2-6e749531171d.fields.3b64d0d5-85c3-4d4c-ae24-37fc64796b59.searchable','false'),('matrixBlockTypes.bb8b1ade-0718-4cba-9ae2-6e749531171d.fields.3b64d0d5-85c3-4d4c-ae24-37fc64796b59.settings.limit','\"3\"'),('matrixBlockTypes.bb8b1ade-0718-4cba-9ae2-6e749531171d.fields.3b64d0d5-85c3-4d4c-ae24-37fc64796b59.settings.localizeRelations','false'),('matrixBlockTypes.bb8b1ade-0718-4cba-9ae2-6e749531171d.fields.3b64d0d5-85c3-4d4c-ae24-37fc64796b59.settings.selectionLabel','\"Link an Article\"'),('matrixBlockTypes.bb8b1ade-0718-4cba-9ae2-6e749531171d.fields.3b64d0d5-85c3-4d4c-ae24-37fc64796b59.settings.source','null'),('matrixBlockTypes.bb8b1ade-0718-4cba-9ae2-6e749531171d.fields.3b64d0d5-85c3-4d4c-ae24-37fc64796b59.settings.sources.0','\"section:2f1f0ea0-4b22-4e9d-bb51-9e1e32a94cba\"'),('matrixBlockTypes.bb8b1ade-0718-4cba-9ae2-6e749531171d.fields.3b64d0d5-85c3-4d4c-ae24-37fc64796b59.settings.targetSiteId','null'),('matrixBlockTypes.bb8b1ade-0718-4cba-9ae2-6e749531171d.fields.3b64d0d5-85c3-4d4c-ae24-37fc64796b59.settings.validateRelatedElements','\"1\"'),('matrixBlockTypes.bb8b1ade-0718-4cba-9ae2-6e749531171d.fields.3b64d0d5-85c3-4d4c-ae24-37fc64796b59.settings.viewMode','null'),('matrixBlockTypes.bb8b1ade-0718-4cba-9ae2-6e749531171d.fields.3b64d0d5-85c3-4d4c-ae24-37fc64796b59.translationKeyFormat','null'),('matrixBlockTypes.bb8b1ade-0718-4cba-9ae2-6e749531171d.fields.3b64d0d5-85c3-4d4c-ae24-37fc64796b59.translationMethod','\"site\"'),('matrixBlockTypes.bb8b1ade-0718-4cba-9ae2-6e749531171d.fields.3b64d0d5-85c3-4d4c-ae24-37fc64796b59.type','\"craft\\\\fields\\\\Entries\"'),('matrixBlockTypes.bb8b1ade-0718-4cba-9ae2-6e749531171d.fields.903af3a1-d0bf-48a2-ad64-b5afa826e268.contentColumnType','\"text\"'),('matrixBlockTypes.bb8b1ade-0718-4cba-9ae2-6e749531171d.fields.903af3a1-d0bf-48a2-ad64-b5afa826e268.fieldGroup','null'),('matrixBlockTypes.bb8b1ade-0718-4cba-9ae2-6e749531171d.fields.903af3a1-d0bf-48a2-ad64-b5afa826e268.handle','\"callToActionButton\"'),('matrixBlockTypes.bb8b1ade-0718-4cba-9ae2-6e749531171d.fields.903af3a1-d0bf-48a2-ad64-b5afa826e268.instructions','\"\"'),('matrixBlockTypes.bb8b1ade-0718-4cba-9ae2-6e749531171d.fields.903af3a1-d0bf-48a2-ad64-b5afa826e268.name','\"Call to Action Button\"'),('matrixBlockTypes.bb8b1ade-0718-4cba-9ae2-6e749531171d.fields.903af3a1-d0bf-48a2-ad64-b5afa826e268.searchable','false'),('matrixBlockTypes.bb8b1ade-0718-4cba-9ae2-6e749531171d.fields.903af3a1-d0bf-48a2-ad64-b5afa826e268.settings.allowCustomText','\"1\"'),('matrixBlockTypes.bb8b1ade-0718-4cba-9ae2-6e749531171d.fields.903af3a1-d0bf-48a2-ad64-b5afa826e268.settings.allowedLinkNames.3','\"entry\"'),('matrixBlockTypes.bb8b1ade-0718-4cba-9ae2-6e749531171d.fields.903af3a1-d0bf-48a2-ad64-b5afa826e268.settings.allowedLinkNames.6','\"custom\"'),('matrixBlockTypes.bb8b1ade-0718-4cba-9ae2-6e749531171d.fields.903af3a1-d0bf-48a2-ad64-b5afa826e268.settings.allowedLinkNames.7','\"email\"'),('matrixBlockTypes.bb8b1ade-0718-4cba-9ae2-6e749531171d.fields.903af3a1-d0bf-48a2-ad64-b5afa826e268.settings.allowedLinkNames.8','\"tel\"'),('matrixBlockTypes.bb8b1ade-0718-4cba-9ae2-6e749531171d.fields.903af3a1-d0bf-48a2-ad64-b5afa826e268.settings.allowTarget','\"1\"'),('matrixBlockTypes.bb8b1ade-0718-4cba-9ae2-6e749531171d.fields.903af3a1-d0bf-48a2-ad64-b5afa826e268.settings.autoNoReferrer','\"\"'),('matrixBlockTypes.bb8b1ade-0718-4cba-9ae2-6e749531171d.fields.903af3a1-d0bf-48a2-ad64-b5afa826e268.settings.defaultLinkName','\"entry\"'),('matrixBlockTypes.bb8b1ade-0718-4cba-9ae2-6e749531171d.fields.903af3a1-d0bf-48a2-ad64-b5afa826e268.settings.defaultText','\"\"'),('matrixBlockTypes.bb8b1ade-0718-4cba-9ae2-6e749531171d.fields.903af3a1-d0bf-48a2-ad64-b5afa826e268.settings.enableAriaLabel','\"\"'),('matrixBlockTypes.bb8b1ade-0718-4cba-9ae2-6e749531171d.fields.903af3a1-d0bf-48a2-ad64-b5afa826e268.settings.enableTitle','\"\"'),('matrixBlockTypes.bb8b1ade-0718-4cba-9ae2-6e749531171d.fields.903af3a1-d0bf-48a2-ad64-b5afa826e268.settings.typeSettings.__assoc__.0.0','\"asset\"'),('matrixBlockTypes.bb8b1ade-0718-4cba-9ae2-6e749531171d.fields.903af3a1-d0bf-48a2-ad64-b5afa826e268.settings.typeSettings.__assoc__.0.1.__assoc__.0.0','\"sources\"'),('matrixBlockTypes.bb8b1ade-0718-4cba-9ae2-6e749531171d.fields.903af3a1-d0bf-48a2-ad64-b5afa826e268.settings.typeSettings.__assoc__.0.1.__assoc__.0.1','\"*\"'),('matrixBlockTypes.bb8b1ade-0718-4cba-9ae2-6e749531171d.fields.903af3a1-d0bf-48a2-ad64-b5afa826e268.settings.typeSettings.__assoc__.0.1.__assoc__.1.0','\"allowCustomQuery\"'),('matrixBlockTypes.bb8b1ade-0718-4cba-9ae2-6e749531171d.fields.903af3a1-d0bf-48a2-ad64-b5afa826e268.settings.typeSettings.__assoc__.0.1.__assoc__.1.1','\"\"'),('matrixBlockTypes.bb8b1ade-0718-4cba-9ae2-6e749531171d.fields.903af3a1-d0bf-48a2-ad64-b5afa826e268.settings.typeSettings.__assoc__.1.0','\"category\"'),('matrixBlockTypes.bb8b1ade-0718-4cba-9ae2-6e749531171d.fields.903af3a1-d0bf-48a2-ad64-b5afa826e268.settings.typeSettings.__assoc__.1.1.__assoc__.0.0','\"sources\"'),('matrixBlockTypes.bb8b1ade-0718-4cba-9ae2-6e749531171d.fields.903af3a1-d0bf-48a2-ad64-b5afa826e268.settings.typeSettings.__assoc__.1.1.__assoc__.0.1','\"*\"'),('matrixBlockTypes.bb8b1ade-0718-4cba-9ae2-6e749531171d.fields.903af3a1-d0bf-48a2-ad64-b5afa826e268.settings.typeSettings.__assoc__.1.1.__assoc__.1.0','\"allowCustomQuery\"'),('matrixBlockTypes.bb8b1ade-0718-4cba-9ae2-6e749531171d.fields.903af3a1-d0bf-48a2-ad64-b5afa826e268.settings.typeSettings.__assoc__.1.1.__assoc__.1.1','\"\"'),('matrixBlockTypes.bb8b1ade-0718-4cba-9ae2-6e749531171d.fields.903af3a1-d0bf-48a2-ad64-b5afa826e268.settings.typeSettings.__assoc__.2.0','\"entry\"'),('matrixBlockTypes.bb8b1ade-0718-4cba-9ae2-6e749531171d.fields.903af3a1-d0bf-48a2-ad64-b5afa826e268.settings.typeSettings.__assoc__.2.1.__assoc__.0.0','\"sources\"'),('matrixBlockTypes.bb8b1ade-0718-4cba-9ae2-6e749531171d.fields.903af3a1-d0bf-48a2-ad64-b5afa826e268.settings.typeSettings.__assoc__.2.1.__assoc__.0.1.0','\"singles\"'),('matrixBlockTypes.bb8b1ade-0718-4cba-9ae2-6e749531171d.fields.903af3a1-d0bf-48a2-ad64-b5afa826e268.settings.typeSettings.__assoc__.2.1.__assoc__.0.1.1','\"section:2f1f0ea0-4b22-4e9d-bb51-9e1e32a94cba\"'),('matrixBlockTypes.bb8b1ade-0718-4cba-9ae2-6e749531171d.fields.903af3a1-d0bf-48a2-ad64-b5afa826e268.settings.typeSettings.__assoc__.2.1.__assoc__.0.1.2','\"section:cefc4625-a115-4b71-b22d-5f6784b3aada\"'),('matrixBlockTypes.bb8b1ade-0718-4cba-9ae2-6e749531171d.fields.903af3a1-d0bf-48a2-ad64-b5afa826e268.settings.typeSettings.__assoc__.2.1.__assoc__.1.0','\"allowCustomQuery\"'),('matrixBlockTypes.bb8b1ade-0718-4cba-9ae2-6e749531171d.fields.903af3a1-d0bf-48a2-ad64-b5afa826e268.settings.typeSettings.__assoc__.2.1.__assoc__.1.1','\"\"'),('matrixBlockTypes.bb8b1ade-0718-4cba-9ae2-6e749531171d.fields.903af3a1-d0bf-48a2-ad64-b5afa826e268.settings.typeSettings.__assoc__.3.0','\"site\"'),('matrixBlockTypes.bb8b1ade-0718-4cba-9ae2-6e749531171d.fields.903af3a1-d0bf-48a2-ad64-b5afa826e268.settings.typeSettings.__assoc__.3.1.__assoc__.0.0','\"sites\"'),('matrixBlockTypes.bb8b1ade-0718-4cba-9ae2-6e749531171d.fields.903af3a1-d0bf-48a2-ad64-b5afa826e268.settings.typeSettings.__assoc__.3.1.__assoc__.0.1','\"*\"'),('matrixBlockTypes.bb8b1ade-0718-4cba-9ae2-6e749531171d.fields.903af3a1-d0bf-48a2-ad64-b5afa826e268.settings.typeSettings.__assoc__.4.0','\"user\"'),('matrixBlockTypes.bb8b1ade-0718-4cba-9ae2-6e749531171d.fields.903af3a1-d0bf-48a2-ad64-b5afa826e268.settings.typeSettings.__assoc__.4.1.__assoc__.0.0','\"sources\"'),('matrixBlockTypes.bb8b1ade-0718-4cba-9ae2-6e749531171d.fields.903af3a1-d0bf-48a2-ad64-b5afa826e268.settings.typeSettings.__assoc__.4.1.__assoc__.0.1','\"*\"'),('matrixBlockTypes.bb8b1ade-0718-4cba-9ae2-6e749531171d.fields.903af3a1-d0bf-48a2-ad64-b5afa826e268.settings.typeSettings.__assoc__.4.1.__assoc__.1.0','\"allowCustomQuery\"'),('matrixBlockTypes.bb8b1ade-0718-4cba-9ae2-6e749531171d.fields.903af3a1-d0bf-48a2-ad64-b5afa826e268.settings.typeSettings.__assoc__.4.1.__assoc__.1.1','\"\"'),('matrixBlockTypes.bb8b1ade-0718-4cba-9ae2-6e749531171d.fields.903af3a1-d0bf-48a2-ad64-b5afa826e268.settings.typeSettings.__assoc__.5.0','\"custom\"'),('matrixBlockTypes.bb8b1ade-0718-4cba-9ae2-6e749531171d.fields.903af3a1-d0bf-48a2-ad64-b5afa826e268.settings.typeSettings.__assoc__.5.1.__assoc__.0.0','\"disableValidation\"'),('matrixBlockTypes.bb8b1ade-0718-4cba-9ae2-6e749531171d.fields.903af3a1-d0bf-48a2-ad64-b5afa826e268.settings.typeSettings.__assoc__.5.1.__assoc__.0.1','\"\"'),('matrixBlockTypes.bb8b1ade-0718-4cba-9ae2-6e749531171d.fields.903af3a1-d0bf-48a2-ad64-b5afa826e268.settings.typeSettings.__assoc__.5.1.__assoc__.1.0','\"allowAliases\"'),('matrixBlockTypes.bb8b1ade-0718-4cba-9ae2-6e749531171d.fields.903af3a1-d0bf-48a2-ad64-b5afa826e268.settings.typeSettings.__assoc__.5.1.__assoc__.1.1','\"\"'),('matrixBlockTypes.bb8b1ade-0718-4cba-9ae2-6e749531171d.fields.903af3a1-d0bf-48a2-ad64-b5afa826e268.settings.typeSettings.__assoc__.6.0','\"email\"'),('matrixBlockTypes.bb8b1ade-0718-4cba-9ae2-6e749531171d.fields.903af3a1-d0bf-48a2-ad64-b5afa826e268.settings.typeSettings.__assoc__.6.1.__assoc__.0.0','\"disableValidation\"'),('matrixBlockTypes.bb8b1ade-0718-4cba-9ae2-6e749531171d.fields.903af3a1-d0bf-48a2-ad64-b5afa826e268.settings.typeSettings.__assoc__.6.1.__assoc__.0.1','\"\"'),('matrixBlockTypes.bb8b1ade-0718-4cba-9ae2-6e749531171d.fields.903af3a1-d0bf-48a2-ad64-b5afa826e268.settings.typeSettings.__assoc__.6.1.__assoc__.1.0','\"allowAliases\"'),('matrixBlockTypes.bb8b1ade-0718-4cba-9ae2-6e749531171d.fields.903af3a1-d0bf-48a2-ad64-b5afa826e268.settings.typeSettings.__assoc__.6.1.__assoc__.1.1','\"\"'),('matrixBlockTypes.bb8b1ade-0718-4cba-9ae2-6e749531171d.fields.903af3a1-d0bf-48a2-ad64-b5afa826e268.settings.typeSettings.__assoc__.7.0','\"tel\"'),('matrixBlockTypes.bb8b1ade-0718-4cba-9ae2-6e749531171d.fields.903af3a1-d0bf-48a2-ad64-b5afa826e268.settings.typeSettings.__assoc__.7.1.__assoc__.0.0','\"disableValidation\"'),('matrixBlockTypes.bb8b1ade-0718-4cba-9ae2-6e749531171d.fields.903af3a1-d0bf-48a2-ad64-b5afa826e268.settings.typeSettings.__assoc__.7.1.__assoc__.0.1','\"\"'),('matrixBlockTypes.bb8b1ade-0718-4cba-9ae2-6e749531171d.fields.903af3a1-d0bf-48a2-ad64-b5afa826e268.settings.typeSettings.__assoc__.7.1.__assoc__.1.0','\"allowAliases\"'),('matrixBlockTypes.bb8b1ade-0718-4cba-9ae2-6e749531171d.fields.903af3a1-d0bf-48a2-ad64-b5afa826e268.settings.typeSettings.__assoc__.7.1.__assoc__.1.1','\"\"'),('matrixBlockTypes.bb8b1ade-0718-4cba-9ae2-6e749531171d.fields.903af3a1-d0bf-48a2-ad64-b5afa826e268.settings.typeSettings.__assoc__.8.0','\"url\"'),('matrixBlockTypes.bb8b1ade-0718-4cba-9ae2-6e749531171d.fields.903af3a1-d0bf-48a2-ad64-b5afa826e268.settings.typeSettings.__assoc__.8.1.__assoc__.0.0','\"disableValidation\"'),('matrixBlockTypes.bb8b1ade-0718-4cba-9ae2-6e749531171d.fields.903af3a1-d0bf-48a2-ad64-b5afa826e268.settings.typeSettings.__assoc__.8.1.__assoc__.0.1','\"\"'),('matrixBlockTypes.bb8b1ade-0718-4cba-9ae2-6e749531171d.fields.903af3a1-d0bf-48a2-ad64-b5afa826e268.settings.typeSettings.__assoc__.8.1.__assoc__.1.0','\"allowAliases\"'),('matrixBlockTypes.bb8b1ade-0718-4cba-9ae2-6e749531171d.fields.903af3a1-d0bf-48a2-ad64-b5afa826e268.settings.typeSettings.__assoc__.8.1.__assoc__.1.1','\"\"'),('matrixBlockTypes.bb8b1ade-0718-4cba-9ae2-6e749531171d.fields.903af3a1-d0bf-48a2-ad64-b5afa826e268.translationKeyFormat','null'),('matrixBlockTypes.bb8b1ade-0718-4cba-9ae2-6e749531171d.fields.903af3a1-d0bf-48a2-ad64-b5afa826e268.translationMethod','\"none\"'),('matrixBlockTypes.bb8b1ade-0718-4cba-9ae2-6e749531171d.fields.903af3a1-d0bf-48a2-ad64-b5afa826e268.type','\"typedlinkfield\\\\fields\\\\LinkField\"'),('matrixBlockTypes.bb8b1ade-0718-4cba-9ae2-6e749531171d.fields.d2ed2223-7bc8-4e0b-a214-aac9858b9f7d.contentColumnType','\"text\"'),('matrixBlockTypes.bb8b1ade-0718-4cba-9ae2-6e749531171d.fields.d2ed2223-7bc8-4e0b-a214-aac9858b9f7d.fieldGroup','null'),('matrixBlockTypes.bb8b1ade-0718-4cba-9ae2-6e749531171d.fields.d2ed2223-7bc8-4e0b-a214-aac9858b9f7d.handle','\"heading\"'),('matrixBlockTypes.bb8b1ade-0718-4cba-9ae2-6e749531171d.fields.d2ed2223-7bc8-4e0b-a214-aac9858b9f7d.instructions','\"\"'),('matrixBlockTypes.bb8b1ade-0718-4cba-9ae2-6e749531171d.fields.d2ed2223-7bc8-4e0b-a214-aac9858b9f7d.name','\"Heading\"'),('matrixBlockTypes.bb8b1ade-0718-4cba-9ae2-6e749531171d.fields.d2ed2223-7bc8-4e0b-a214-aac9858b9f7d.searchable','true'),('matrixBlockTypes.bb8b1ade-0718-4cba-9ae2-6e749531171d.fields.d2ed2223-7bc8-4e0b-a214-aac9858b9f7d.settings.byteLimit','null'),('matrixBlockTypes.bb8b1ade-0718-4cba-9ae2-6e749531171d.fields.d2ed2223-7bc8-4e0b-a214-aac9858b9f7d.settings.charLimit','null'),('matrixBlockTypes.bb8b1ade-0718-4cba-9ae2-6e749531171d.fields.d2ed2223-7bc8-4e0b-a214-aac9858b9f7d.settings.code','\"\"'),('matrixBlockTypes.bb8b1ade-0718-4cba-9ae2-6e749531171d.fields.d2ed2223-7bc8-4e0b-a214-aac9858b9f7d.settings.columnType','null'),('matrixBlockTypes.bb8b1ade-0718-4cba-9ae2-6e749531171d.fields.d2ed2223-7bc8-4e0b-a214-aac9858b9f7d.settings.initialRows','\"4\"'),('matrixBlockTypes.bb8b1ade-0718-4cba-9ae2-6e749531171d.fields.d2ed2223-7bc8-4e0b-a214-aac9858b9f7d.settings.multiline','\"\"'),('matrixBlockTypes.bb8b1ade-0718-4cba-9ae2-6e749531171d.fields.d2ed2223-7bc8-4e0b-a214-aac9858b9f7d.settings.placeholder','\"\"'),('matrixBlockTypes.bb8b1ade-0718-4cba-9ae2-6e749531171d.fields.d2ed2223-7bc8-4e0b-a214-aac9858b9f7d.translationKeyFormat','null'),('matrixBlockTypes.bb8b1ade-0718-4cba-9ae2-6e749531171d.fields.d2ed2223-7bc8-4e0b-a214-aac9858b9f7d.translationMethod','\"none\"'),('matrixBlockTypes.bb8b1ade-0718-4cba-9ae2-6e749531171d.fields.d2ed2223-7bc8-4e0b-a214-aac9858b9f7d.type','\"craft\\\\fields\\\\PlainText\"'),('matrixBlockTypes.bb8b1ade-0718-4cba-9ae2-6e749531171d.fields.dee15867-e67b-485e-9bb4-462d27a45db3.contentColumnType','\"text\"'),('matrixBlockTypes.bb8b1ade-0718-4cba-9ae2-6e749531171d.fields.dee15867-e67b-485e-9bb4-462d27a45db3.fieldGroup','null'),('matrixBlockTypes.bb8b1ade-0718-4cba-9ae2-6e749531171d.fields.dee15867-e67b-485e-9bb4-462d27a45db3.handle','\"copy\"'),('matrixBlockTypes.bb8b1ade-0718-4cba-9ae2-6e749531171d.fields.dee15867-e67b-485e-9bb4-462d27a45db3.instructions','\"\"'),('matrixBlockTypes.bb8b1ade-0718-4cba-9ae2-6e749531171d.fields.dee15867-e67b-485e-9bb4-462d27a45db3.name','\"Copy\"'),('matrixBlockTypes.bb8b1ade-0718-4cba-9ae2-6e749531171d.fields.dee15867-e67b-485e-9bb4-462d27a45db3.searchable','true'),('matrixBlockTypes.bb8b1ade-0718-4cba-9ae2-6e749531171d.fields.dee15867-e67b-485e-9bb4-462d27a45db3.settings.availableTransforms','\"*\"'),('matrixBlockTypes.bb8b1ade-0718-4cba-9ae2-6e749531171d.fields.dee15867-e67b-485e-9bb4-462d27a45db3.settings.availableVolumes','\"\"'),('matrixBlockTypes.bb8b1ade-0718-4cba-9ae2-6e749531171d.fields.dee15867-e67b-485e-9bb4-462d27a45db3.settings.cleanupHtml','true'),('matrixBlockTypes.bb8b1ade-0718-4cba-9ae2-6e749531171d.fields.dee15867-e67b-485e-9bb4-462d27a45db3.settings.columnType','\"text\"'),('matrixBlockTypes.bb8b1ade-0718-4cba-9ae2-6e749531171d.fields.dee15867-e67b-485e-9bb4-462d27a45db3.settings.purifierConfig','\"\"'),('matrixBlockTypes.bb8b1ade-0718-4cba-9ae2-6e749531171d.fields.dee15867-e67b-485e-9bb4-462d27a45db3.settings.purifyHtml','\"1\"'),('matrixBlockTypes.bb8b1ade-0718-4cba-9ae2-6e749531171d.fields.dee15867-e67b-485e-9bb4-462d27a45db3.settings.redactorConfig','\"Simple.json\"'),('matrixBlockTypes.bb8b1ade-0718-4cba-9ae2-6e749531171d.fields.dee15867-e67b-485e-9bb4-462d27a45db3.settings.removeEmptyTags','\"1\"'),('matrixBlockTypes.bb8b1ade-0718-4cba-9ae2-6e749531171d.fields.dee15867-e67b-485e-9bb4-462d27a45db3.settings.removeInlineStyles','\"1\"'),('matrixBlockTypes.bb8b1ade-0718-4cba-9ae2-6e749531171d.fields.dee15867-e67b-485e-9bb4-462d27a45db3.settings.removeNbsp','\"1\"'),('matrixBlockTypes.bb8b1ade-0718-4cba-9ae2-6e749531171d.fields.dee15867-e67b-485e-9bb4-462d27a45db3.settings.showUnpermittedFiles','false'),('matrixBlockTypes.bb8b1ade-0718-4cba-9ae2-6e749531171d.fields.dee15867-e67b-485e-9bb4-462d27a45db3.settings.showUnpermittedVolumes','false'),('matrixBlockTypes.bb8b1ade-0718-4cba-9ae2-6e749531171d.fields.dee15867-e67b-485e-9bb4-462d27a45db3.translationKeyFormat','null'),('matrixBlockTypes.bb8b1ade-0718-4cba-9ae2-6e749531171d.fields.dee15867-e67b-485e-9bb4-462d27a45db3.translationMethod','\"none\"'),('matrixBlockTypes.bb8b1ade-0718-4cba-9ae2-6e749531171d.fields.dee15867-e67b-485e-9bb4-462d27a45db3.type','\"craft\\\\redactor\\\\Field\"'),('matrixBlockTypes.bb8b1ade-0718-4cba-9ae2-6e749531171d.handle','\"blogCards\"'),('matrixBlockTypes.bb8b1ade-0718-4cba-9ae2-6e749531171d.name','\"Blog Cards\"'),('matrixBlockTypes.bb8b1ade-0718-4cba-9ae2-6e749531171d.sortOrder','6'),('matrixBlockTypes.bbbf3de7-d661-43dd-a98a-978035dae401.field','\"1eb0ac2f-150c-4071-b0a0-cdbc98ace82e\"'),('matrixBlockTypes.bbbf3de7-d661-43dd-a98a-978035dae401.fieldLayouts.da5a158b-2242-46e6-b249-975006211ad4.tabs.0.fields.31ecffca-3812-4519-bda2-18bbf6468634.required','false'),('matrixBlockTypes.bbbf3de7-d661-43dd-a98a-978035dae401.fieldLayouts.da5a158b-2242-46e6-b249-975006211ad4.tabs.0.fields.31ecffca-3812-4519-bda2-18bbf6468634.sortOrder','2'),('matrixBlockTypes.bbbf3de7-d661-43dd-a98a-978035dae401.fieldLayouts.da5a158b-2242-46e6-b249-975006211ad4.tabs.0.fields.71126e09-32d3-4987-962a-da5c02492042.required','true'),('matrixBlockTypes.bbbf3de7-d661-43dd-a98a-978035dae401.fieldLayouts.da5a158b-2242-46e6-b249-975006211ad4.tabs.0.fields.71126e09-32d3-4987-962a-da5c02492042.sortOrder','1'),('matrixBlockTypes.bbbf3de7-d661-43dd-a98a-978035dae401.fieldLayouts.da5a158b-2242-46e6-b249-975006211ad4.tabs.0.name','\"Content\"'),('matrixBlockTypes.bbbf3de7-d661-43dd-a98a-978035dae401.fieldLayouts.da5a158b-2242-46e6-b249-975006211ad4.tabs.0.sortOrder','1'),('matrixBlockTypes.bbbf3de7-d661-43dd-a98a-978035dae401.fields.31ecffca-3812-4519-bda2-18bbf6468634.contentColumnType','\"text\"'),('matrixBlockTypes.bbbf3de7-d661-43dd-a98a-978035dae401.fields.31ecffca-3812-4519-bda2-18bbf6468634.fieldGroup','null'),('matrixBlockTypes.bbbf3de7-d661-43dd-a98a-978035dae401.fields.31ecffca-3812-4519-bda2-18bbf6468634.handle','\"author\"'),('matrixBlockTypes.bbbf3de7-d661-43dd-a98a-978035dae401.fields.31ecffca-3812-4519-bda2-18bbf6468634.instructions','\"\"'),('matrixBlockTypes.bbbf3de7-d661-43dd-a98a-978035dae401.fields.31ecffca-3812-4519-bda2-18bbf6468634.name','\"Author\"'),('matrixBlockTypes.bbbf3de7-d661-43dd-a98a-978035dae401.fields.31ecffca-3812-4519-bda2-18bbf6468634.searchable','true'),('matrixBlockTypes.bbbf3de7-d661-43dd-a98a-978035dae401.fields.31ecffca-3812-4519-bda2-18bbf6468634.settings.byteLimit','null'),('matrixBlockTypes.bbbf3de7-d661-43dd-a98a-978035dae401.fields.31ecffca-3812-4519-bda2-18bbf6468634.settings.charLimit','null'),('matrixBlockTypes.bbbf3de7-d661-43dd-a98a-978035dae401.fields.31ecffca-3812-4519-bda2-18bbf6468634.settings.code','\"\"'),('matrixBlockTypes.bbbf3de7-d661-43dd-a98a-978035dae401.fields.31ecffca-3812-4519-bda2-18bbf6468634.settings.columnType','null'),('matrixBlockTypes.bbbf3de7-d661-43dd-a98a-978035dae401.fields.31ecffca-3812-4519-bda2-18bbf6468634.settings.initialRows','\"4\"'),('matrixBlockTypes.bbbf3de7-d661-43dd-a98a-978035dae401.fields.31ecffca-3812-4519-bda2-18bbf6468634.settings.multiline','\"\"'),('matrixBlockTypes.bbbf3de7-d661-43dd-a98a-978035dae401.fields.31ecffca-3812-4519-bda2-18bbf6468634.settings.placeholder','\"\"'),('matrixBlockTypes.bbbf3de7-d661-43dd-a98a-978035dae401.fields.31ecffca-3812-4519-bda2-18bbf6468634.translationKeyFormat','null'),('matrixBlockTypes.bbbf3de7-d661-43dd-a98a-978035dae401.fields.31ecffca-3812-4519-bda2-18bbf6468634.translationMethod','\"none\"'),('matrixBlockTypes.bbbf3de7-d661-43dd-a98a-978035dae401.fields.31ecffca-3812-4519-bda2-18bbf6468634.type','\"craft\\\\fields\\\\PlainText\"'),('matrixBlockTypes.bbbf3de7-d661-43dd-a98a-978035dae401.fields.71126e09-32d3-4987-962a-da5c02492042.contentColumnType','\"text\"'),('matrixBlockTypes.bbbf3de7-d661-43dd-a98a-978035dae401.fields.71126e09-32d3-4987-962a-da5c02492042.fieldGroup','null'),('matrixBlockTypes.bbbf3de7-d661-43dd-a98a-978035dae401.fields.71126e09-32d3-4987-962a-da5c02492042.handle','\"quote\"'),('matrixBlockTypes.bbbf3de7-d661-43dd-a98a-978035dae401.fields.71126e09-32d3-4987-962a-da5c02492042.instructions','\"\"'),('matrixBlockTypes.bbbf3de7-d661-43dd-a98a-978035dae401.fields.71126e09-32d3-4987-962a-da5c02492042.name','\"Quote\"'),('matrixBlockTypes.bbbf3de7-d661-43dd-a98a-978035dae401.fields.71126e09-32d3-4987-962a-da5c02492042.searchable','true'),('matrixBlockTypes.bbbf3de7-d661-43dd-a98a-978035dae401.fields.71126e09-32d3-4987-962a-da5c02492042.settings.availableTransforms','\"*\"'),('matrixBlockTypes.bbbf3de7-d661-43dd-a98a-978035dae401.fields.71126e09-32d3-4987-962a-da5c02492042.settings.availableVolumes','\"\"'),('matrixBlockTypes.bbbf3de7-d661-43dd-a98a-978035dae401.fields.71126e09-32d3-4987-962a-da5c02492042.settings.cleanupHtml','true'),('matrixBlockTypes.bbbf3de7-d661-43dd-a98a-978035dae401.fields.71126e09-32d3-4987-962a-da5c02492042.settings.columnType','\"text\"'),('matrixBlockTypes.bbbf3de7-d661-43dd-a98a-978035dae401.fields.71126e09-32d3-4987-962a-da5c02492042.settings.purifierConfig','\"\"'),('matrixBlockTypes.bbbf3de7-d661-43dd-a98a-978035dae401.fields.71126e09-32d3-4987-962a-da5c02492042.settings.purifyHtml','\"1\"'),('matrixBlockTypes.bbbf3de7-d661-43dd-a98a-978035dae401.fields.71126e09-32d3-4987-962a-da5c02492042.settings.redactorConfig','\"Simple.json\"'),('matrixBlockTypes.bbbf3de7-d661-43dd-a98a-978035dae401.fields.71126e09-32d3-4987-962a-da5c02492042.settings.removeEmptyTags','\"1\"'),('matrixBlockTypes.bbbf3de7-d661-43dd-a98a-978035dae401.fields.71126e09-32d3-4987-962a-da5c02492042.settings.removeInlineStyles','\"1\"'),('matrixBlockTypes.bbbf3de7-d661-43dd-a98a-978035dae401.fields.71126e09-32d3-4987-962a-da5c02492042.settings.removeNbsp','\"1\"'),('matrixBlockTypes.bbbf3de7-d661-43dd-a98a-978035dae401.fields.71126e09-32d3-4987-962a-da5c02492042.settings.showUnpermittedFiles','false'),('matrixBlockTypes.bbbf3de7-d661-43dd-a98a-978035dae401.fields.71126e09-32d3-4987-962a-da5c02492042.settings.showUnpermittedVolumes','false'),('matrixBlockTypes.bbbf3de7-d661-43dd-a98a-978035dae401.fields.71126e09-32d3-4987-962a-da5c02492042.translationKeyFormat','null'),('matrixBlockTypes.bbbf3de7-d661-43dd-a98a-978035dae401.fields.71126e09-32d3-4987-962a-da5c02492042.translationMethod','\"none\"'),('matrixBlockTypes.bbbf3de7-d661-43dd-a98a-978035dae401.fields.71126e09-32d3-4987-962a-da5c02492042.type','\"craft\\\\redactor\\\\Field\"'),('matrixBlockTypes.bbbf3de7-d661-43dd-a98a-978035dae401.handle','\"pullQuote\"'),('matrixBlockTypes.bbbf3de7-d661-43dd-a98a-978035dae401.name','\"Pull Quote\"'),('matrixBlockTypes.bbbf3de7-d661-43dd-a98a-978035dae401.sortOrder','13'),('matrixBlockTypes.e2c917c0-a0ed-42fa-8e2a-d6cd9df1e434.field','\"1eb0ac2f-150c-4071-b0a0-cdbc98ace82e\"'),('matrixBlockTypes.e2c917c0-a0ed-42fa-8e2a-d6cd9df1e434.fieldLayouts.afc10c64-cf62-4a91-9346-dfff6c5d78f2.tabs.0.fields.71299b67-37c8-4c3e-b1b9-c54f1ad88595.required','false'),('matrixBlockTypes.e2c917c0-a0ed-42fa-8e2a-d6cd9df1e434.fieldLayouts.afc10c64-cf62-4a91-9346-dfff6c5d78f2.tabs.0.fields.71299b67-37c8-4c3e-b1b9-c54f1ad88595.sortOrder','3'),('matrixBlockTypes.e2c917c0-a0ed-42fa-8e2a-d6cd9df1e434.fieldLayouts.afc10c64-cf62-4a91-9346-dfff6c5d78f2.tabs.0.fields.b7e77750-23a3-4d65-9793-70e7782204b4.required','true'),('matrixBlockTypes.e2c917c0-a0ed-42fa-8e2a-d6cd9df1e434.fieldLayouts.afc10c64-cf62-4a91-9346-dfff6c5d78f2.tabs.0.fields.b7e77750-23a3-4d65-9793-70e7782204b4.sortOrder','2'),('matrixBlockTypes.e2c917c0-a0ed-42fa-8e2a-d6cd9df1e434.fieldLayouts.afc10c64-cf62-4a91-9346-dfff6c5d78f2.tabs.0.fields.ce11e6d6-11cf-44cd-94da-6c0a2f79b19b.required','false'),('matrixBlockTypes.e2c917c0-a0ed-42fa-8e2a-d6cd9df1e434.fieldLayouts.afc10c64-cf62-4a91-9346-dfff6c5d78f2.tabs.0.fields.ce11e6d6-11cf-44cd-94da-6c0a2f79b19b.sortOrder','1'),('matrixBlockTypes.e2c917c0-a0ed-42fa-8e2a-d6cd9df1e434.fieldLayouts.afc10c64-cf62-4a91-9346-dfff6c5d78f2.tabs.0.name','\"Content\"'),('matrixBlockTypes.e2c917c0-a0ed-42fa-8e2a-d6cd9df1e434.fieldLayouts.afc10c64-cf62-4a91-9346-dfff6c5d78f2.tabs.0.sortOrder','1'),('matrixBlockTypes.e2c917c0-a0ed-42fa-8e2a-d6cd9df1e434.fields.71299b67-37c8-4c3e-b1b9-c54f1ad88595.contentColumnType','\"text\"'),('matrixBlockTypes.e2c917c0-a0ed-42fa-8e2a-d6cd9df1e434.fields.71299b67-37c8-4c3e-b1b9-c54f1ad88595.fieldGroup','null'),('matrixBlockTypes.e2c917c0-a0ed-42fa-8e2a-d6cd9df1e434.fields.71299b67-37c8-4c3e-b1b9-c54f1ad88595.handle','\"callToActionButton\"'),('matrixBlockTypes.e2c917c0-a0ed-42fa-8e2a-d6cd9df1e434.fields.71299b67-37c8-4c3e-b1b9-c54f1ad88595.instructions','\"\"'),('matrixBlockTypes.e2c917c0-a0ed-42fa-8e2a-d6cd9df1e434.fields.71299b67-37c8-4c3e-b1b9-c54f1ad88595.name','\"Call to Action Button\"'),('matrixBlockTypes.e2c917c0-a0ed-42fa-8e2a-d6cd9df1e434.fields.71299b67-37c8-4c3e-b1b9-c54f1ad88595.searchable','false'),('matrixBlockTypes.e2c917c0-a0ed-42fa-8e2a-d6cd9df1e434.fields.71299b67-37c8-4c3e-b1b9-c54f1ad88595.settings.allowCustomText','\"1\"'),('matrixBlockTypes.e2c917c0-a0ed-42fa-8e2a-d6cd9df1e434.fields.71299b67-37c8-4c3e-b1b9-c54f1ad88595.settings.allowedLinkNames.3','\"entry\"'),('matrixBlockTypes.e2c917c0-a0ed-42fa-8e2a-d6cd9df1e434.fields.71299b67-37c8-4c3e-b1b9-c54f1ad88595.settings.allowedLinkNames.6','\"custom\"'),('matrixBlockTypes.e2c917c0-a0ed-42fa-8e2a-d6cd9df1e434.fields.71299b67-37c8-4c3e-b1b9-c54f1ad88595.settings.allowedLinkNames.7','\"email\"'),('matrixBlockTypes.e2c917c0-a0ed-42fa-8e2a-d6cd9df1e434.fields.71299b67-37c8-4c3e-b1b9-c54f1ad88595.settings.allowedLinkNames.8','\"tel\"'),('matrixBlockTypes.e2c917c0-a0ed-42fa-8e2a-d6cd9df1e434.fields.71299b67-37c8-4c3e-b1b9-c54f1ad88595.settings.allowTarget','\"1\"'),('matrixBlockTypes.e2c917c0-a0ed-42fa-8e2a-d6cd9df1e434.fields.71299b67-37c8-4c3e-b1b9-c54f1ad88595.settings.autoNoReferrer','\"\"'),('matrixBlockTypes.e2c917c0-a0ed-42fa-8e2a-d6cd9df1e434.fields.71299b67-37c8-4c3e-b1b9-c54f1ad88595.settings.defaultLinkName','\"entry\"'),('matrixBlockTypes.e2c917c0-a0ed-42fa-8e2a-d6cd9df1e434.fields.71299b67-37c8-4c3e-b1b9-c54f1ad88595.settings.defaultText','\"\"'),('matrixBlockTypes.e2c917c0-a0ed-42fa-8e2a-d6cd9df1e434.fields.71299b67-37c8-4c3e-b1b9-c54f1ad88595.settings.enableAriaLabel','\"\"'),('matrixBlockTypes.e2c917c0-a0ed-42fa-8e2a-d6cd9df1e434.fields.71299b67-37c8-4c3e-b1b9-c54f1ad88595.settings.enableTitle','\"\"'),('matrixBlockTypes.e2c917c0-a0ed-42fa-8e2a-d6cd9df1e434.fields.71299b67-37c8-4c3e-b1b9-c54f1ad88595.settings.typeSettings.__assoc__.0.0','\"asset\"'),('matrixBlockTypes.e2c917c0-a0ed-42fa-8e2a-d6cd9df1e434.fields.71299b67-37c8-4c3e-b1b9-c54f1ad88595.settings.typeSettings.__assoc__.0.1.__assoc__.0.0','\"sources\"'),('matrixBlockTypes.e2c917c0-a0ed-42fa-8e2a-d6cd9df1e434.fields.71299b67-37c8-4c3e-b1b9-c54f1ad88595.settings.typeSettings.__assoc__.0.1.__assoc__.0.1','\"*\"'),('matrixBlockTypes.e2c917c0-a0ed-42fa-8e2a-d6cd9df1e434.fields.71299b67-37c8-4c3e-b1b9-c54f1ad88595.settings.typeSettings.__assoc__.0.1.__assoc__.1.0','\"allowCustomQuery\"'),('matrixBlockTypes.e2c917c0-a0ed-42fa-8e2a-d6cd9df1e434.fields.71299b67-37c8-4c3e-b1b9-c54f1ad88595.settings.typeSettings.__assoc__.0.1.__assoc__.1.1','\"\"'),('matrixBlockTypes.e2c917c0-a0ed-42fa-8e2a-d6cd9df1e434.fields.71299b67-37c8-4c3e-b1b9-c54f1ad88595.settings.typeSettings.__assoc__.1.0','\"category\"'),('matrixBlockTypes.e2c917c0-a0ed-42fa-8e2a-d6cd9df1e434.fields.71299b67-37c8-4c3e-b1b9-c54f1ad88595.settings.typeSettings.__assoc__.1.1.__assoc__.0.0','\"sources\"'),('matrixBlockTypes.e2c917c0-a0ed-42fa-8e2a-d6cd9df1e434.fields.71299b67-37c8-4c3e-b1b9-c54f1ad88595.settings.typeSettings.__assoc__.1.1.__assoc__.0.1','\"*\"'),('matrixBlockTypes.e2c917c0-a0ed-42fa-8e2a-d6cd9df1e434.fields.71299b67-37c8-4c3e-b1b9-c54f1ad88595.settings.typeSettings.__assoc__.1.1.__assoc__.1.0','\"allowCustomQuery\"'),('matrixBlockTypes.e2c917c0-a0ed-42fa-8e2a-d6cd9df1e434.fields.71299b67-37c8-4c3e-b1b9-c54f1ad88595.settings.typeSettings.__assoc__.1.1.__assoc__.1.1','\"\"'),('matrixBlockTypes.e2c917c0-a0ed-42fa-8e2a-d6cd9df1e434.fields.71299b67-37c8-4c3e-b1b9-c54f1ad88595.settings.typeSettings.__assoc__.2.0','\"entry\"'),('matrixBlockTypes.e2c917c0-a0ed-42fa-8e2a-d6cd9df1e434.fields.71299b67-37c8-4c3e-b1b9-c54f1ad88595.settings.typeSettings.__assoc__.2.1.__assoc__.0.0','\"sources\"'),('matrixBlockTypes.e2c917c0-a0ed-42fa-8e2a-d6cd9df1e434.fields.71299b67-37c8-4c3e-b1b9-c54f1ad88595.settings.typeSettings.__assoc__.2.1.__assoc__.0.1.0','\"singles\"'),('matrixBlockTypes.e2c917c0-a0ed-42fa-8e2a-d6cd9df1e434.fields.71299b67-37c8-4c3e-b1b9-c54f1ad88595.settings.typeSettings.__assoc__.2.1.__assoc__.0.1.1','\"section:2f1f0ea0-4b22-4e9d-bb51-9e1e32a94cba\"'),('matrixBlockTypes.e2c917c0-a0ed-42fa-8e2a-d6cd9df1e434.fields.71299b67-37c8-4c3e-b1b9-c54f1ad88595.settings.typeSettings.__assoc__.2.1.__assoc__.0.1.2','\"section:cefc4625-a115-4b71-b22d-5f6784b3aada\"'),('matrixBlockTypes.e2c917c0-a0ed-42fa-8e2a-d6cd9df1e434.fields.71299b67-37c8-4c3e-b1b9-c54f1ad88595.settings.typeSettings.__assoc__.2.1.__assoc__.1.0','\"allowCustomQuery\"'),('matrixBlockTypes.e2c917c0-a0ed-42fa-8e2a-d6cd9df1e434.fields.71299b67-37c8-4c3e-b1b9-c54f1ad88595.settings.typeSettings.__assoc__.2.1.__assoc__.1.1','\"\"'),('matrixBlockTypes.e2c917c0-a0ed-42fa-8e2a-d6cd9df1e434.fields.71299b67-37c8-4c3e-b1b9-c54f1ad88595.settings.typeSettings.__assoc__.3.0','\"site\"'),('matrixBlockTypes.e2c917c0-a0ed-42fa-8e2a-d6cd9df1e434.fields.71299b67-37c8-4c3e-b1b9-c54f1ad88595.settings.typeSettings.__assoc__.3.1.__assoc__.0.0','\"sites\"'),('matrixBlockTypes.e2c917c0-a0ed-42fa-8e2a-d6cd9df1e434.fields.71299b67-37c8-4c3e-b1b9-c54f1ad88595.settings.typeSettings.__assoc__.3.1.__assoc__.0.1','\"*\"'),('matrixBlockTypes.e2c917c0-a0ed-42fa-8e2a-d6cd9df1e434.fields.71299b67-37c8-4c3e-b1b9-c54f1ad88595.settings.typeSettings.__assoc__.4.0','\"user\"'),('matrixBlockTypes.e2c917c0-a0ed-42fa-8e2a-d6cd9df1e434.fields.71299b67-37c8-4c3e-b1b9-c54f1ad88595.settings.typeSettings.__assoc__.4.1.__assoc__.0.0','\"sources\"'),('matrixBlockTypes.e2c917c0-a0ed-42fa-8e2a-d6cd9df1e434.fields.71299b67-37c8-4c3e-b1b9-c54f1ad88595.settings.typeSettings.__assoc__.4.1.__assoc__.0.1','\"*\"'),('matrixBlockTypes.e2c917c0-a0ed-42fa-8e2a-d6cd9df1e434.fields.71299b67-37c8-4c3e-b1b9-c54f1ad88595.settings.typeSettings.__assoc__.4.1.__assoc__.1.0','\"allowCustomQuery\"'),('matrixBlockTypes.e2c917c0-a0ed-42fa-8e2a-d6cd9df1e434.fields.71299b67-37c8-4c3e-b1b9-c54f1ad88595.settings.typeSettings.__assoc__.4.1.__assoc__.1.1','\"\"'),('matrixBlockTypes.e2c917c0-a0ed-42fa-8e2a-d6cd9df1e434.fields.71299b67-37c8-4c3e-b1b9-c54f1ad88595.settings.typeSettings.__assoc__.5.0','\"custom\"'),('matrixBlockTypes.e2c917c0-a0ed-42fa-8e2a-d6cd9df1e434.fields.71299b67-37c8-4c3e-b1b9-c54f1ad88595.settings.typeSettings.__assoc__.5.1.__assoc__.0.0','\"disableValidation\"'),('matrixBlockTypes.e2c917c0-a0ed-42fa-8e2a-d6cd9df1e434.fields.71299b67-37c8-4c3e-b1b9-c54f1ad88595.settings.typeSettings.__assoc__.5.1.__assoc__.0.1','\"\"'),('matrixBlockTypes.e2c917c0-a0ed-42fa-8e2a-d6cd9df1e434.fields.71299b67-37c8-4c3e-b1b9-c54f1ad88595.settings.typeSettings.__assoc__.5.1.__assoc__.1.0','\"allowAliases\"'),('matrixBlockTypes.e2c917c0-a0ed-42fa-8e2a-d6cd9df1e434.fields.71299b67-37c8-4c3e-b1b9-c54f1ad88595.settings.typeSettings.__assoc__.5.1.__assoc__.1.1','\"\"'),('matrixBlockTypes.e2c917c0-a0ed-42fa-8e2a-d6cd9df1e434.fields.71299b67-37c8-4c3e-b1b9-c54f1ad88595.settings.typeSettings.__assoc__.6.0','\"email\"'),('matrixBlockTypes.e2c917c0-a0ed-42fa-8e2a-d6cd9df1e434.fields.71299b67-37c8-4c3e-b1b9-c54f1ad88595.settings.typeSettings.__assoc__.6.1.__assoc__.0.0','\"disableValidation\"'),('matrixBlockTypes.e2c917c0-a0ed-42fa-8e2a-d6cd9df1e434.fields.71299b67-37c8-4c3e-b1b9-c54f1ad88595.settings.typeSettings.__assoc__.6.1.__assoc__.0.1','\"\"'),('matrixBlockTypes.e2c917c0-a0ed-42fa-8e2a-d6cd9df1e434.fields.71299b67-37c8-4c3e-b1b9-c54f1ad88595.settings.typeSettings.__assoc__.6.1.__assoc__.1.0','\"allowAliases\"'),('matrixBlockTypes.e2c917c0-a0ed-42fa-8e2a-d6cd9df1e434.fields.71299b67-37c8-4c3e-b1b9-c54f1ad88595.settings.typeSettings.__assoc__.6.1.__assoc__.1.1','\"\"'),('matrixBlockTypes.e2c917c0-a0ed-42fa-8e2a-d6cd9df1e434.fields.71299b67-37c8-4c3e-b1b9-c54f1ad88595.settings.typeSettings.__assoc__.7.0','\"tel\"'),('matrixBlockTypes.e2c917c0-a0ed-42fa-8e2a-d6cd9df1e434.fields.71299b67-37c8-4c3e-b1b9-c54f1ad88595.settings.typeSettings.__assoc__.7.1.__assoc__.0.0','\"disableValidation\"'),('matrixBlockTypes.e2c917c0-a0ed-42fa-8e2a-d6cd9df1e434.fields.71299b67-37c8-4c3e-b1b9-c54f1ad88595.settings.typeSettings.__assoc__.7.1.__assoc__.0.1','\"\"'),('matrixBlockTypes.e2c917c0-a0ed-42fa-8e2a-d6cd9df1e434.fields.71299b67-37c8-4c3e-b1b9-c54f1ad88595.settings.typeSettings.__assoc__.7.1.__assoc__.1.0','\"allowAliases\"'),('matrixBlockTypes.e2c917c0-a0ed-42fa-8e2a-d6cd9df1e434.fields.71299b67-37c8-4c3e-b1b9-c54f1ad88595.settings.typeSettings.__assoc__.7.1.__assoc__.1.1','\"\"'),('matrixBlockTypes.e2c917c0-a0ed-42fa-8e2a-d6cd9df1e434.fields.71299b67-37c8-4c3e-b1b9-c54f1ad88595.settings.typeSettings.__assoc__.8.0','\"url\"'),('matrixBlockTypes.e2c917c0-a0ed-42fa-8e2a-d6cd9df1e434.fields.71299b67-37c8-4c3e-b1b9-c54f1ad88595.settings.typeSettings.__assoc__.8.1.__assoc__.0.0','\"disableValidation\"'),('matrixBlockTypes.e2c917c0-a0ed-42fa-8e2a-d6cd9df1e434.fields.71299b67-37c8-4c3e-b1b9-c54f1ad88595.settings.typeSettings.__assoc__.8.1.__assoc__.0.1','\"\"'),('matrixBlockTypes.e2c917c0-a0ed-42fa-8e2a-d6cd9df1e434.fields.71299b67-37c8-4c3e-b1b9-c54f1ad88595.settings.typeSettings.__assoc__.8.1.__assoc__.1.0','\"allowAliases\"'),('matrixBlockTypes.e2c917c0-a0ed-42fa-8e2a-d6cd9df1e434.fields.71299b67-37c8-4c3e-b1b9-c54f1ad88595.settings.typeSettings.__assoc__.8.1.__assoc__.1.1','\"\"'),('matrixBlockTypes.e2c917c0-a0ed-42fa-8e2a-d6cd9df1e434.fields.71299b67-37c8-4c3e-b1b9-c54f1ad88595.translationKeyFormat','null'),('matrixBlockTypes.e2c917c0-a0ed-42fa-8e2a-d6cd9df1e434.fields.71299b67-37c8-4c3e-b1b9-c54f1ad88595.translationMethod','\"none\"'),('matrixBlockTypes.e2c917c0-a0ed-42fa-8e2a-d6cd9df1e434.fields.71299b67-37c8-4c3e-b1b9-c54f1ad88595.type','\"typedlinkfield\\\\fields\\\\LinkField\"'),('matrixBlockTypes.e2c917c0-a0ed-42fa-8e2a-d6cd9df1e434.fields.b7e77750-23a3-4d65-9793-70e7782204b4.contentColumnType','\"string\"'),('matrixBlockTypes.e2c917c0-a0ed-42fa-8e2a-d6cd9df1e434.fields.b7e77750-23a3-4d65-9793-70e7782204b4.fieldGroup','null'),('matrixBlockTypes.e2c917c0-a0ed-42fa-8e2a-d6cd9df1e434.fields.b7e77750-23a3-4d65-9793-70e7782204b4.handle','\"cards\"'),('matrixBlockTypes.e2c917c0-a0ed-42fa-8e2a-d6cd9df1e434.fields.b7e77750-23a3-4d65-9793-70e7782204b4.instructions','\"\"'),('matrixBlockTypes.e2c917c0-a0ed-42fa-8e2a-d6cd9df1e434.fields.b7e77750-23a3-4d65-9793-70e7782204b4.name','\"Cards\"'),('matrixBlockTypes.e2c917c0-a0ed-42fa-8e2a-d6cd9df1e434.fields.b7e77750-23a3-4d65-9793-70e7782204b4.searchable','true'),('matrixBlockTypes.e2c917c0-a0ed-42fa-8e2a-d6cd9df1e434.fields.b7e77750-23a3-4d65-9793-70e7782204b4.settings.columns.__assoc__.0.0','\"a538518b-d594-484e-a083-9f5df7dea3d9\"'),('matrixBlockTypes.e2c917c0-a0ed-42fa-8e2a-d6cd9df1e434.fields.b7e77750-23a3-4d65-9793-70e7782204b4.settings.columns.__assoc__.0.1.__assoc__.0.0','\"width\"'),('matrixBlockTypes.e2c917c0-a0ed-42fa-8e2a-d6cd9df1e434.fields.b7e77750-23a3-4d65-9793-70e7782204b4.settings.columns.__assoc__.0.1.__assoc__.0.1','\"\"'),('matrixBlockTypes.e2c917c0-a0ed-42fa-8e2a-d6cd9df1e434.fields.b7e77750-23a3-4d65-9793-70e7782204b4.settings.columns.__assoc__.1.0','\"630bcfcd-7f1c-4395-9be5-63844c0edce9\"'),('matrixBlockTypes.e2c917c0-a0ed-42fa-8e2a-d6cd9df1e434.fields.b7e77750-23a3-4d65-9793-70e7782204b4.settings.columns.__assoc__.1.1.__assoc__.0.0','\"width\"'),('matrixBlockTypes.e2c917c0-a0ed-42fa-8e2a-d6cd9df1e434.fields.b7e77750-23a3-4d65-9793-70e7782204b4.settings.columns.__assoc__.1.1.__assoc__.0.1','\"\"'),('matrixBlockTypes.e2c917c0-a0ed-42fa-8e2a-d6cd9df1e434.fields.b7e77750-23a3-4d65-9793-70e7782204b4.settings.columns.__assoc__.2.0','\"ddf74a4a-c638-4ea0-8a09-f090b9f43287\"'),('matrixBlockTypes.e2c917c0-a0ed-42fa-8e2a-d6cd9df1e434.fields.b7e77750-23a3-4d65-9793-70e7782204b4.settings.columns.__assoc__.2.1.__assoc__.0.0','\"width\"'),('matrixBlockTypes.e2c917c0-a0ed-42fa-8e2a-d6cd9df1e434.fields.b7e77750-23a3-4d65-9793-70e7782204b4.settings.columns.__assoc__.2.1.__assoc__.0.1','\"\"'),('matrixBlockTypes.e2c917c0-a0ed-42fa-8e2a-d6cd9df1e434.fields.b7e77750-23a3-4d65-9793-70e7782204b4.settings.contentTable','\"{{%stc_8_cards}}\"'),('matrixBlockTypes.e2c917c0-a0ed-42fa-8e2a-d6cd9df1e434.fields.b7e77750-23a3-4d65-9793-70e7782204b4.settings.fieldLayout','\"table\"'),('matrixBlockTypes.e2c917c0-a0ed-42fa-8e2a-d6cd9df1e434.fields.b7e77750-23a3-4d65-9793-70e7782204b4.settings.maxRows','\"3\"'),('matrixBlockTypes.e2c917c0-a0ed-42fa-8e2a-d6cd9df1e434.fields.b7e77750-23a3-4d65-9793-70e7782204b4.settings.minRows','\"1\"'),('matrixBlockTypes.e2c917c0-a0ed-42fa-8e2a-d6cd9df1e434.fields.b7e77750-23a3-4d65-9793-70e7782204b4.settings.propagationMethod','\"all\"'),('matrixBlockTypes.e2c917c0-a0ed-42fa-8e2a-d6cd9df1e434.fields.b7e77750-23a3-4d65-9793-70e7782204b4.settings.selectionLabel','\"Add a Card\"'),('matrixBlockTypes.e2c917c0-a0ed-42fa-8e2a-d6cd9df1e434.fields.b7e77750-23a3-4d65-9793-70e7782204b4.settings.staticField','\"\"'),('matrixBlockTypes.e2c917c0-a0ed-42fa-8e2a-d6cd9df1e434.fields.b7e77750-23a3-4d65-9793-70e7782204b4.translationKeyFormat','null'),('matrixBlockTypes.e2c917c0-a0ed-42fa-8e2a-d6cd9df1e434.fields.b7e77750-23a3-4d65-9793-70e7782204b4.translationMethod','\"site\"'),('matrixBlockTypes.e2c917c0-a0ed-42fa-8e2a-d6cd9df1e434.fields.b7e77750-23a3-4d65-9793-70e7782204b4.type','\"verbb\\\\supertable\\\\fields\\\\SuperTableField\"'),('matrixBlockTypes.e2c917c0-a0ed-42fa-8e2a-d6cd9df1e434.fields.ce11e6d6-11cf-44cd-94da-6c0a2f79b19b.contentColumnType','\"text\"'),('matrixBlockTypes.e2c917c0-a0ed-42fa-8e2a-d6cd9df1e434.fields.ce11e6d6-11cf-44cd-94da-6c0a2f79b19b.fieldGroup','null'),('matrixBlockTypes.e2c917c0-a0ed-42fa-8e2a-d6cd9df1e434.fields.ce11e6d6-11cf-44cd-94da-6c0a2f79b19b.handle','\"heading\"'),('matrixBlockTypes.e2c917c0-a0ed-42fa-8e2a-d6cd9df1e434.fields.ce11e6d6-11cf-44cd-94da-6c0a2f79b19b.instructions','\"\"'),('matrixBlockTypes.e2c917c0-a0ed-42fa-8e2a-d6cd9df1e434.fields.ce11e6d6-11cf-44cd-94da-6c0a2f79b19b.name','\"Heading\"'),('matrixBlockTypes.e2c917c0-a0ed-42fa-8e2a-d6cd9df1e434.fields.ce11e6d6-11cf-44cd-94da-6c0a2f79b19b.searchable','true'),('matrixBlockTypes.e2c917c0-a0ed-42fa-8e2a-d6cd9df1e434.fields.ce11e6d6-11cf-44cd-94da-6c0a2f79b19b.settings.byteLimit','null'),('matrixBlockTypes.e2c917c0-a0ed-42fa-8e2a-d6cd9df1e434.fields.ce11e6d6-11cf-44cd-94da-6c0a2f79b19b.settings.charLimit','null'),('matrixBlockTypes.e2c917c0-a0ed-42fa-8e2a-d6cd9df1e434.fields.ce11e6d6-11cf-44cd-94da-6c0a2f79b19b.settings.code','\"\"'),('matrixBlockTypes.e2c917c0-a0ed-42fa-8e2a-d6cd9df1e434.fields.ce11e6d6-11cf-44cd-94da-6c0a2f79b19b.settings.columnType','null'),('matrixBlockTypes.e2c917c0-a0ed-42fa-8e2a-d6cd9df1e434.fields.ce11e6d6-11cf-44cd-94da-6c0a2f79b19b.settings.initialRows','\"4\"'),('matrixBlockTypes.e2c917c0-a0ed-42fa-8e2a-d6cd9df1e434.fields.ce11e6d6-11cf-44cd-94da-6c0a2f79b19b.settings.multiline','\"\"'),('matrixBlockTypes.e2c917c0-a0ed-42fa-8e2a-d6cd9df1e434.fields.ce11e6d6-11cf-44cd-94da-6c0a2f79b19b.settings.placeholder','\"\"'),('matrixBlockTypes.e2c917c0-a0ed-42fa-8e2a-d6cd9df1e434.fields.ce11e6d6-11cf-44cd-94da-6c0a2f79b19b.translationKeyFormat','null'),('matrixBlockTypes.e2c917c0-a0ed-42fa-8e2a-d6cd9df1e434.fields.ce11e6d6-11cf-44cd-94da-6c0a2f79b19b.translationMethod','\"none\"'),('matrixBlockTypes.e2c917c0-a0ed-42fa-8e2a-d6cd9df1e434.fields.ce11e6d6-11cf-44cd-94da-6c0a2f79b19b.type','\"craft\\\\fields\\\\PlainText\"'),('matrixBlockTypes.e2c917c0-a0ed-42fa-8e2a-d6cd9df1e434.handle','\"callToActionCards\"'),('matrixBlockTypes.e2c917c0-a0ed-42fa-8e2a-d6cd9df1e434.name','\"Call to Action Cards\"'),('matrixBlockTypes.e2c917c0-a0ed-42fa-8e2a-d6cd9df1e434.sortOrder','7'),('matrixBlockTypes.eaa344ea-c740-432d-9e93-62fc11a6f99c.field','\"1eb0ac2f-150c-4071-b0a0-cdbc98ace82e\"'),('matrixBlockTypes.eaa344ea-c740-432d-9e93-62fc11a6f99c.fieldLayouts.fc27acdc-5f3c-4c89-bf76-02e271a6b01b.tabs.0.fields.82806a86-3ff5-404a-bc1b-9819ca09c888.required','true'),('matrixBlockTypes.eaa344ea-c740-432d-9e93-62fc11a6f99c.fieldLayouts.fc27acdc-5f3c-4c89-bf76-02e271a6b01b.tabs.0.fields.82806a86-3ff5-404a-bc1b-9819ca09c888.sortOrder','1'),('matrixBlockTypes.eaa344ea-c740-432d-9e93-62fc11a6f99c.fieldLayouts.fc27acdc-5f3c-4c89-bf76-02e271a6b01b.tabs.0.fields.de741c47-e0f4-402f-a0ed-f50a3c59dff3.required','false'),('matrixBlockTypes.eaa344ea-c740-432d-9e93-62fc11a6f99c.fieldLayouts.fc27acdc-5f3c-4c89-bf76-02e271a6b01b.tabs.0.fields.de741c47-e0f4-402f-a0ed-f50a3c59dff3.sortOrder','2'),('matrixBlockTypes.eaa344ea-c740-432d-9e93-62fc11a6f99c.fieldLayouts.fc27acdc-5f3c-4c89-bf76-02e271a6b01b.tabs.0.name','\"Content\"'),('matrixBlockTypes.eaa344ea-c740-432d-9e93-62fc11a6f99c.fieldLayouts.fc27acdc-5f3c-4c89-bf76-02e271a6b01b.tabs.0.sortOrder','1'),('matrixBlockTypes.eaa344ea-c740-432d-9e93-62fc11a6f99c.fields.82806a86-3ff5-404a-bc1b-9819ca09c888.contentColumnType','\"string\"'),('matrixBlockTypes.eaa344ea-c740-432d-9e93-62fc11a6f99c.fields.82806a86-3ff5-404a-bc1b-9819ca09c888.fieldGroup','null'),('matrixBlockTypes.eaa344ea-c740-432d-9e93-62fc11a6f99c.fields.82806a86-3ff5-404a-bc1b-9819ca09c888.handle','\"slides\"'),('matrixBlockTypes.eaa344ea-c740-432d-9e93-62fc11a6f99c.fields.82806a86-3ff5-404a-bc1b-9819ca09c888.instructions','\"\"'),('matrixBlockTypes.eaa344ea-c740-432d-9e93-62fc11a6f99c.fields.82806a86-3ff5-404a-bc1b-9819ca09c888.name','\"Slides\"'),('matrixBlockTypes.eaa344ea-c740-432d-9e93-62fc11a6f99c.fields.82806a86-3ff5-404a-bc1b-9819ca09c888.searchable','false'),('matrixBlockTypes.eaa344ea-c740-432d-9e93-62fc11a6f99c.fields.82806a86-3ff5-404a-bc1b-9819ca09c888.settings.columns.__assoc__.0.0','\"76f37263-7616-44be-9203-c9a00193f2f9\"'),('matrixBlockTypes.eaa344ea-c740-432d-9e93-62fc11a6f99c.fields.82806a86-3ff5-404a-bc1b-9819ca09c888.settings.columns.__assoc__.0.1.__assoc__.0.0','\"width\"'),('matrixBlockTypes.eaa344ea-c740-432d-9e93-62fc11a6f99c.fields.82806a86-3ff5-404a-bc1b-9819ca09c888.settings.columns.__assoc__.0.1.__assoc__.0.1','\"\"'),('matrixBlockTypes.eaa344ea-c740-432d-9e93-62fc11a6f99c.fields.82806a86-3ff5-404a-bc1b-9819ca09c888.settings.columns.__assoc__.1.0','\"8049eec0-b05c-482b-820a-83a95460a262\"'),('matrixBlockTypes.eaa344ea-c740-432d-9e93-62fc11a6f99c.fields.82806a86-3ff5-404a-bc1b-9819ca09c888.settings.columns.__assoc__.1.1.__assoc__.0.0','\"width\"'),('matrixBlockTypes.eaa344ea-c740-432d-9e93-62fc11a6f99c.fields.82806a86-3ff5-404a-bc1b-9819ca09c888.settings.columns.__assoc__.1.1.__assoc__.0.1','\"\"'),('matrixBlockTypes.eaa344ea-c740-432d-9e93-62fc11a6f99c.fields.82806a86-3ff5-404a-bc1b-9819ca09c888.settings.columns.__assoc__.2.0','\"e659771a-929a-41d2-bab4-9f6dd3ee21aa\"'),('matrixBlockTypes.eaa344ea-c740-432d-9e93-62fc11a6f99c.fields.82806a86-3ff5-404a-bc1b-9819ca09c888.settings.columns.__assoc__.2.1.__assoc__.0.0','\"width\"'),('matrixBlockTypes.eaa344ea-c740-432d-9e93-62fc11a6f99c.fields.82806a86-3ff5-404a-bc1b-9819ca09c888.settings.columns.__assoc__.2.1.__assoc__.0.1','\"\"'),('matrixBlockTypes.eaa344ea-c740-432d-9e93-62fc11a6f99c.fields.82806a86-3ff5-404a-bc1b-9819ca09c888.settings.columns.__assoc__.3.0','\"9f0fd987-261e-4cf3-b47b-ff56a9175a77\"'),('matrixBlockTypes.eaa344ea-c740-432d-9e93-62fc11a6f99c.fields.82806a86-3ff5-404a-bc1b-9819ca09c888.settings.columns.__assoc__.3.1.__assoc__.0.0','\"width\"'),('matrixBlockTypes.eaa344ea-c740-432d-9e93-62fc11a6f99c.fields.82806a86-3ff5-404a-bc1b-9819ca09c888.settings.columns.__assoc__.3.1.__assoc__.0.1','\"\"'),('matrixBlockTypes.eaa344ea-c740-432d-9e93-62fc11a6f99c.fields.82806a86-3ff5-404a-bc1b-9819ca09c888.settings.columns.__assoc__.4.0','\"84f66ba0-cac2-484e-b97c-e3a5081a4e65\"'),('matrixBlockTypes.eaa344ea-c740-432d-9e93-62fc11a6f99c.fields.82806a86-3ff5-404a-bc1b-9819ca09c888.settings.columns.__assoc__.4.1.__assoc__.0.0','\"width\"'),('matrixBlockTypes.eaa344ea-c740-432d-9e93-62fc11a6f99c.fields.82806a86-3ff5-404a-bc1b-9819ca09c888.settings.columns.__assoc__.4.1.__assoc__.0.1','\"\"'),('matrixBlockTypes.eaa344ea-c740-432d-9e93-62fc11a6f99c.fields.82806a86-3ff5-404a-bc1b-9819ca09c888.settings.contentTable','\"{{%stc_10_slides}}\"'),('matrixBlockTypes.eaa344ea-c740-432d-9e93-62fc11a6f99c.fields.82806a86-3ff5-404a-bc1b-9819ca09c888.settings.fieldLayout','\"row\"'),('matrixBlockTypes.eaa344ea-c740-432d-9e93-62fc11a6f99c.fields.82806a86-3ff5-404a-bc1b-9819ca09c888.settings.maxRows','\"3\"'),('matrixBlockTypes.eaa344ea-c740-432d-9e93-62fc11a6f99c.fields.82806a86-3ff5-404a-bc1b-9819ca09c888.settings.minRows','\"1\"'),('matrixBlockTypes.eaa344ea-c740-432d-9e93-62fc11a6f99c.fields.82806a86-3ff5-404a-bc1b-9819ca09c888.settings.propagationMethod','\"all\"'),('matrixBlockTypes.eaa344ea-c740-432d-9e93-62fc11a6f99c.fields.82806a86-3ff5-404a-bc1b-9819ca09c888.settings.selectionLabel','\"Add a Slide\"'),('matrixBlockTypes.eaa344ea-c740-432d-9e93-62fc11a6f99c.fields.82806a86-3ff5-404a-bc1b-9819ca09c888.settings.staticField','\"\"'),('matrixBlockTypes.eaa344ea-c740-432d-9e93-62fc11a6f99c.fields.82806a86-3ff5-404a-bc1b-9819ca09c888.translationKeyFormat','null'),('matrixBlockTypes.eaa344ea-c740-432d-9e93-62fc11a6f99c.fields.82806a86-3ff5-404a-bc1b-9819ca09c888.translationMethod','\"site\"'),('matrixBlockTypes.eaa344ea-c740-432d-9e93-62fc11a6f99c.fields.82806a86-3ff5-404a-bc1b-9819ca09c888.type','\"verbb\\\\supertable\\\\fields\\\\SuperTableField\"'),('matrixBlockTypes.eaa344ea-c740-432d-9e93-62fc11a6f99c.fields.de741c47-e0f4-402f-a0ed-f50a3c59dff3.contentColumnType','\"boolean\"'),('matrixBlockTypes.eaa344ea-c740-432d-9e93-62fc11a6f99c.fields.de741c47-e0f4-402f-a0ed-f50a3c59dff3.fieldGroup','null'),('matrixBlockTypes.eaa344ea-c740-432d-9e93-62fc11a6f99c.fields.de741c47-e0f4-402f-a0ed-f50a3c59dff3.handle','\"automaticTransition\"'),('matrixBlockTypes.eaa344ea-c740-432d-9e93-62fc11a6f99c.fields.de741c47-e0f4-402f-a0ed-f50a3c59dff3.instructions','\"When enabled the slides will automatically transition from slide to slide.\"'),('matrixBlockTypes.eaa344ea-c740-432d-9e93-62fc11a6f99c.fields.de741c47-e0f4-402f-a0ed-f50a3c59dff3.name','\"Automatic Transition\"'),('matrixBlockTypes.eaa344ea-c740-432d-9e93-62fc11a6f99c.fields.de741c47-e0f4-402f-a0ed-f50a3c59dff3.searchable','false'),('matrixBlockTypes.eaa344ea-c740-432d-9e93-62fc11a6f99c.fields.de741c47-e0f4-402f-a0ed-f50a3c59dff3.settings.default','\"\"'),('matrixBlockTypes.eaa344ea-c740-432d-9e93-62fc11a6f99c.fields.de741c47-e0f4-402f-a0ed-f50a3c59dff3.translationKeyFormat','null'),('matrixBlockTypes.eaa344ea-c740-432d-9e93-62fc11a6f99c.fields.de741c47-e0f4-402f-a0ed-f50a3c59dff3.translationMethod','\"none\"'),('matrixBlockTypes.eaa344ea-c740-432d-9e93-62fc11a6f99c.fields.de741c47-e0f4-402f-a0ed-f50a3c59dff3.type','\"craft\\\\fields\\\\Lightswitch\"'),('matrixBlockTypes.eaa344ea-c740-432d-9e93-62fc11a6f99c.handle','\"carouselHero\"'),('matrixBlockTypes.eaa344ea-c740-432d-9e93-62fc11a6f99c.name','\"Carousel Hero\"'),('matrixBlockTypes.eaa344ea-c740-432d-9e93-62fc11a6f99c.sortOrder','9'),('matrixBlockTypes.f0b6c21d-e8b8-4e9d-ab61-576d34438c8d.field','\"1eb0ac2f-150c-4071-b0a0-cdbc98ace82e\"'),('matrixBlockTypes.f0b6c21d-e8b8-4e9d-ab61-576d34438c8d.fieldLayouts.9ee42bdc-62f8-44e9-91e6-e4624a55f525.tabs.0.fields.6d1ccaa5-5f84-4a09-8f06-707a41d34f06.required','false'),('matrixBlockTypes.f0b6c21d-e8b8-4e9d-ab61-576d34438c8d.fieldLayouts.9ee42bdc-62f8-44e9-91e6-e4624a55f525.tabs.0.fields.6d1ccaa5-5f84-4a09-8f06-707a41d34f06.sortOrder','3'),('matrixBlockTypes.f0b6c21d-e8b8-4e9d-ab61-576d34438c8d.fieldLayouts.9ee42bdc-62f8-44e9-91e6-e4624a55f525.tabs.0.fields.6fb5d678-58a6-480b-b57c-10829b8019ae.required','false'),('matrixBlockTypes.f0b6c21d-e8b8-4e9d-ab61-576d34438c8d.fieldLayouts.9ee42bdc-62f8-44e9-91e6-e4624a55f525.tabs.0.fields.6fb5d678-58a6-480b-b57c-10829b8019ae.sortOrder','1'),('matrixBlockTypes.f0b6c21d-e8b8-4e9d-ab61-576d34438c8d.fieldLayouts.9ee42bdc-62f8-44e9-91e6-e4624a55f525.tabs.0.fields.7a91d99a-0526-440a-af03-851dfe8870a0.required','false'),('matrixBlockTypes.f0b6c21d-e8b8-4e9d-ab61-576d34438c8d.fieldLayouts.9ee42bdc-62f8-44e9-91e6-e4624a55f525.tabs.0.fields.7a91d99a-0526-440a-af03-851dfe8870a0.sortOrder','5'),('matrixBlockTypes.f0b6c21d-e8b8-4e9d-ab61-576d34438c8d.fieldLayouts.9ee42bdc-62f8-44e9-91e6-e4624a55f525.tabs.0.fields.b4c68c10-3cb4-442b-895f-49616e457330.required','false'),('matrixBlockTypes.f0b6c21d-e8b8-4e9d-ab61-576d34438c8d.fieldLayouts.9ee42bdc-62f8-44e9-91e6-e4624a55f525.tabs.0.fields.b4c68c10-3cb4-442b-895f-49616e457330.sortOrder','2'),('matrixBlockTypes.f0b6c21d-e8b8-4e9d-ab61-576d34438c8d.fieldLayouts.9ee42bdc-62f8-44e9-91e6-e4624a55f525.tabs.0.fields.d9ea6ae0-be14-4df0-a59f-b9dd21844f74.required','true'),('matrixBlockTypes.f0b6c21d-e8b8-4e9d-ab61-576d34438c8d.fieldLayouts.9ee42bdc-62f8-44e9-91e6-e4624a55f525.tabs.0.fields.d9ea6ae0-be14-4df0-a59f-b9dd21844f74.sortOrder','4'),('matrixBlockTypes.f0b6c21d-e8b8-4e9d-ab61-576d34438c8d.fieldLayouts.9ee42bdc-62f8-44e9-91e6-e4624a55f525.tabs.0.name','\"Content\"'),('matrixBlockTypes.f0b6c21d-e8b8-4e9d-ab61-576d34438c8d.fieldLayouts.9ee42bdc-62f8-44e9-91e6-e4624a55f525.tabs.0.sortOrder','1'),('matrixBlockTypes.f0b6c21d-e8b8-4e9d-ab61-576d34438c8d.fields.6d1ccaa5-5f84-4a09-8f06-707a41d34f06.contentColumnType','\"text\"'),('matrixBlockTypes.f0b6c21d-e8b8-4e9d-ab61-576d34438c8d.fields.6d1ccaa5-5f84-4a09-8f06-707a41d34f06.fieldGroup','null'),('matrixBlockTypes.f0b6c21d-e8b8-4e9d-ab61-576d34438c8d.fields.6d1ccaa5-5f84-4a09-8f06-707a41d34f06.handle','\"callToActionButton\"'),('matrixBlockTypes.f0b6c21d-e8b8-4e9d-ab61-576d34438c8d.fields.6d1ccaa5-5f84-4a09-8f06-707a41d34f06.instructions','\"\"'),('matrixBlockTypes.f0b6c21d-e8b8-4e9d-ab61-576d34438c8d.fields.6d1ccaa5-5f84-4a09-8f06-707a41d34f06.name','\"Call to Action Button\"'),('matrixBlockTypes.f0b6c21d-e8b8-4e9d-ab61-576d34438c8d.fields.6d1ccaa5-5f84-4a09-8f06-707a41d34f06.searchable','false'),('matrixBlockTypes.f0b6c21d-e8b8-4e9d-ab61-576d34438c8d.fields.6d1ccaa5-5f84-4a09-8f06-707a41d34f06.settings.allowCustomText','\"1\"'),('matrixBlockTypes.f0b6c21d-e8b8-4e9d-ab61-576d34438c8d.fields.6d1ccaa5-5f84-4a09-8f06-707a41d34f06.settings.allowedLinkNames.3','\"entry\"'),('matrixBlockTypes.f0b6c21d-e8b8-4e9d-ab61-576d34438c8d.fields.6d1ccaa5-5f84-4a09-8f06-707a41d34f06.settings.allowedLinkNames.6','\"custom\"'),('matrixBlockTypes.f0b6c21d-e8b8-4e9d-ab61-576d34438c8d.fields.6d1ccaa5-5f84-4a09-8f06-707a41d34f06.settings.allowedLinkNames.7','\"email\"'),('matrixBlockTypes.f0b6c21d-e8b8-4e9d-ab61-576d34438c8d.fields.6d1ccaa5-5f84-4a09-8f06-707a41d34f06.settings.allowedLinkNames.8','\"tel\"'),('matrixBlockTypes.f0b6c21d-e8b8-4e9d-ab61-576d34438c8d.fields.6d1ccaa5-5f84-4a09-8f06-707a41d34f06.settings.allowTarget','\"1\"'),('matrixBlockTypes.f0b6c21d-e8b8-4e9d-ab61-576d34438c8d.fields.6d1ccaa5-5f84-4a09-8f06-707a41d34f06.settings.autoNoReferrer','\"\"'),('matrixBlockTypes.f0b6c21d-e8b8-4e9d-ab61-576d34438c8d.fields.6d1ccaa5-5f84-4a09-8f06-707a41d34f06.settings.defaultLinkName','\"entry\"'),('matrixBlockTypes.f0b6c21d-e8b8-4e9d-ab61-576d34438c8d.fields.6d1ccaa5-5f84-4a09-8f06-707a41d34f06.settings.defaultText','\"\"'),('matrixBlockTypes.f0b6c21d-e8b8-4e9d-ab61-576d34438c8d.fields.6d1ccaa5-5f84-4a09-8f06-707a41d34f06.settings.enableAriaLabel','\"\"'),('matrixBlockTypes.f0b6c21d-e8b8-4e9d-ab61-576d34438c8d.fields.6d1ccaa5-5f84-4a09-8f06-707a41d34f06.settings.enableTitle','\"\"'),('matrixBlockTypes.f0b6c21d-e8b8-4e9d-ab61-576d34438c8d.fields.6d1ccaa5-5f84-4a09-8f06-707a41d34f06.settings.typeSettings.__assoc__.0.0','\"asset\"'),('matrixBlockTypes.f0b6c21d-e8b8-4e9d-ab61-576d34438c8d.fields.6d1ccaa5-5f84-4a09-8f06-707a41d34f06.settings.typeSettings.__assoc__.0.1.__assoc__.0.0','\"sources\"'),('matrixBlockTypes.f0b6c21d-e8b8-4e9d-ab61-576d34438c8d.fields.6d1ccaa5-5f84-4a09-8f06-707a41d34f06.settings.typeSettings.__assoc__.0.1.__assoc__.0.1','\"*\"'),('matrixBlockTypes.f0b6c21d-e8b8-4e9d-ab61-576d34438c8d.fields.6d1ccaa5-5f84-4a09-8f06-707a41d34f06.settings.typeSettings.__assoc__.0.1.__assoc__.1.0','\"allowCustomQuery\"'),('matrixBlockTypes.f0b6c21d-e8b8-4e9d-ab61-576d34438c8d.fields.6d1ccaa5-5f84-4a09-8f06-707a41d34f06.settings.typeSettings.__assoc__.0.1.__assoc__.1.1','\"\"'),('matrixBlockTypes.f0b6c21d-e8b8-4e9d-ab61-576d34438c8d.fields.6d1ccaa5-5f84-4a09-8f06-707a41d34f06.settings.typeSettings.__assoc__.1.0','\"category\"'),('matrixBlockTypes.f0b6c21d-e8b8-4e9d-ab61-576d34438c8d.fields.6d1ccaa5-5f84-4a09-8f06-707a41d34f06.settings.typeSettings.__assoc__.1.1.__assoc__.0.0','\"sources\"'),('matrixBlockTypes.f0b6c21d-e8b8-4e9d-ab61-576d34438c8d.fields.6d1ccaa5-5f84-4a09-8f06-707a41d34f06.settings.typeSettings.__assoc__.1.1.__assoc__.0.1','\"*\"'),('matrixBlockTypes.f0b6c21d-e8b8-4e9d-ab61-576d34438c8d.fields.6d1ccaa5-5f84-4a09-8f06-707a41d34f06.settings.typeSettings.__assoc__.1.1.__assoc__.1.0','\"allowCustomQuery\"'),('matrixBlockTypes.f0b6c21d-e8b8-4e9d-ab61-576d34438c8d.fields.6d1ccaa5-5f84-4a09-8f06-707a41d34f06.settings.typeSettings.__assoc__.1.1.__assoc__.1.1','\"\"'),('matrixBlockTypes.f0b6c21d-e8b8-4e9d-ab61-576d34438c8d.fields.6d1ccaa5-5f84-4a09-8f06-707a41d34f06.settings.typeSettings.__assoc__.2.0','\"entry\"'),('matrixBlockTypes.f0b6c21d-e8b8-4e9d-ab61-576d34438c8d.fields.6d1ccaa5-5f84-4a09-8f06-707a41d34f06.settings.typeSettings.__assoc__.2.1.__assoc__.0.0','\"sources\"'),('matrixBlockTypes.f0b6c21d-e8b8-4e9d-ab61-576d34438c8d.fields.6d1ccaa5-5f84-4a09-8f06-707a41d34f06.settings.typeSettings.__assoc__.2.1.__assoc__.0.1.0','\"singles\"'),('matrixBlockTypes.f0b6c21d-e8b8-4e9d-ab61-576d34438c8d.fields.6d1ccaa5-5f84-4a09-8f06-707a41d34f06.settings.typeSettings.__assoc__.2.1.__assoc__.0.1.1','\"section:2f1f0ea0-4b22-4e9d-bb51-9e1e32a94cba\"'),('matrixBlockTypes.f0b6c21d-e8b8-4e9d-ab61-576d34438c8d.fields.6d1ccaa5-5f84-4a09-8f06-707a41d34f06.settings.typeSettings.__assoc__.2.1.__assoc__.0.1.2','\"section:cefc4625-a115-4b71-b22d-5f6784b3aada\"'),('matrixBlockTypes.f0b6c21d-e8b8-4e9d-ab61-576d34438c8d.fields.6d1ccaa5-5f84-4a09-8f06-707a41d34f06.settings.typeSettings.__assoc__.2.1.__assoc__.1.0','\"allowCustomQuery\"'),('matrixBlockTypes.f0b6c21d-e8b8-4e9d-ab61-576d34438c8d.fields.6d1ccaa5-5f84-4a09-8f06-707a41d34f06.settings.typeSettings.__assoc__.2.1.__assoc__.1.1','\"\"'),('matrixBlockTypes.f0b6c21d-e8b8-4e9d-ab61-576d34438c8d.fields.6d1ccaa5-5f84-4a09-8f06-707a41d34f06.settings.typeSettings.__assoc__.3.0','\"site\"'),('matrixBlockTypes.f0b6c21d-e8b8-4e9d-ab61-576d34438c8d.fields.6d1ccaa5-5f84-4a09-8f06-707a41d34f06.settings.typeSettings.__assoc__.3.1.__assoc__.0.0','\"sites\"'),('matrixBlockTypes.f0b6c21d-e8b8-4e9d-ab61-576d34438c8d.fields.6d1ccaa5-5f84-4a09-8f06-707a41d34f06.settings.typeSettings.__assoc__.3.1.__assoc__.0.1','\"*\"'),('matrixBlockTypes.f0b6c21d-e8b8-4e9d-ab61-576d34438c8d.fields.6d1ccaa5-5f84-4a09-8f06-707a41d34f06.settings.typeSettings.__assoc__.4.0','\"user\"'),('matrixBlockTypes.f0b6c21d-e8b8-4e9d-ab61-576d34438c8d.fields.6d1ccaa5-5f84-4a09-8f06-707a41d34f06.settings.typeSettings.__assoc__.4.1.__assoc__.0.0','\"sources\"'),('matrixBlockTypes.f0b6c21d-e8b8-4e9d-ab61-576d34438c8d.fields.6d1ccaa5-5f84-4a09-8f06-707a41d34f06.settings.typeSettings.__assoc__.4.1.__assoc__.0.1','\"*\"'),('matrixBlockTypes.f0b6c21d-e8b8-4e9d-ab61-576d34438c8d.fields.6d1ccaa5-5f84-4a09-8f06-707a41d34f06.settings.typeSettings.__assoc__.4.1.__assoc__.1.0','\"allowCustomQuery\"'),('matrixBlockTypes.f0b6c21d-e8b8-4e9d-ab61-576d34438c8d.fields.6d1ccaa5-5f84-4a09-8f06-707a41d34f06.settings.typeSettings.__assoc__.4.1.__assoc__.1.1','\"\"'),('matrixBlockTypes.f0b6c21d-e8b8-4e9d-ab61-576d34438c8d.fields.6d1ccaa5-5f84-4a09-8f06-707a41d34f06.settings.typeSettings.__assoc__.5.0','\"custom\"'),('matrixBlockTypes.f0b6c21d-e8b8-4e9d-ab61-576d34438c8d.fields.6d1ccaa5-5f84-4a09-8f06-707a41d34f06.settings.typeSettings.__assoc__.5.1.__assoc__.0.0','\"disableValidation\"'),('matrixBlockTypes.f0b6c21d-e8b8-4e9d-ab61-576d34438c8d.fields.6d1ccaa5-5f84-4a09-8f06-707a41d34f06.settings.typeSettings.__assoc__.5.1.__assoc__.0.1','\"\"'),('matrixBlockTypes.f0b6c21d-e8b8-4e9d-ab61-576d34438c8d.fields.6d1ccaa5-5f84-4a09-8f06-707a41d34f06.settings.typeSettings.__assoc__.5.1.__assoc__.1.0','\"allowAliases\"'),('matrixBlockTypes.f0b6c21d-e8b8-4e9d-ab61-576d34438c8d.fields.6d1ccaa5-5f84-4a09-8f06-707a41d34f06.settings.typeSettings.__assoc__.5.1.__assoc__.1.1','\"\"'),('matrixBlockTypes.f0b6c21d-e8b8-4e9d-ab61-576d34438c8d.fields.6d1ccaa5-5f84-4a09-8f06-707a41d34f06.settings.typeSettings.__assoc__.6.0','\"email\"'),('matrixBlockTypes.f0b6c21d-e8b8-4e9d-ab61-576d34438c8d.fields.6d1ccaa5-5f84-4a09-8f06-707a41d34f06.settings.typeSettings.__assoc__.6.1.__assoc__.0.0','\"disableValidation\"'),('matrixBlockTypes.f0b6c21d-e8b8-4e9d-ab61-576d34438c8d.fields.6d1ccaa5-5f84-4a09-8f06-707a41d34f06.settings.typeSettings.__assoc__.6.1.__assoc__.0.1','\"\"'),('matrixBlockTypes.f0b6c21d-e8b8-4e9d-ab61-576d34438c8d.fields.6d1ccaa5-5f84-4a09-8f06-707a41d34f06.settings.typeSettings.__assoc__.6.1.__assoc__.1.0','\"allowAliases\"'),('matrixBlockTypes.f0b6c21d-e8b8-4e9d-ab61-576d34438c8d.fields.6d1ccaa5-5f84-4a09-8f06-707a41d34f06.settings.typeSettings.__assoc__.6.1.__assoc__.1.1','\"\"'),('matrixBlockTypes.f0b6c21d-e8b8-4e9d-ab61-576d34438c8d.fields.6d1ccaa5-5f84-4a09-8f06-707a41d34f06.settings.typeSettings.__assoc__.7.0','\"tel\"'),('matrixBlockTypes.f0b6c21d-e8b8-4e9d-ab61-576d34438c8d.fields.6d1ccaa5-5f84-4a09-8f06-707a41d34f06.settings.typeSettings.__assoc__.7.1.__assoc__.0.0','\"disableValidation\"'),('matrixBlockTypes.f0b6c21d-e8b8-4e9d-ab61-576d34438c8d.fields.6d1ccaa5-5f84-4a09-8f06-707a41d34f06.settings.typeSettings.__assoc__.7.1.__assoc__.0.1','\"\"'),('matrixBlockTypes.f0b6c21d-e8b8-4e9d-ab61-576d34438c8d.fields.6d1ccaa5-5f84-4a09-8f06-707a41d34f06.settings.typeSettings.__assoc__.7.1.__assoc__.1.0','\"allowAliases\"'),('matrixBlockTypes.f0b6c21d-e8b8-4e9d-ab61-576d34438c8d.fields.6d1ccaa5-5f84-4a09-8f06-707a41d34f06.settings.typeSettings.__assoc__.7.1.__assoc__.1.1','\"\"'),('matrixBlockTypes.f0b6c21d-e8b8-4e9d-ab61-576d34438c8d.fields.6d1ccaa5-5f84-4a09-8f06-707a41d34f06.settings.typeSettings.__assoc__.8.0','\"url\"'),('matrixBlockTypes.f0b6c21d-e8b8-4e9d-ab61-576d34438c8d.fields.6d1ccaa5-5f84-4a09-8f06-707a41d34f06.settings.typeSettings.__assoc__.8.1.__assoc__.0.0','\"disableValidation\"'),('matrixBlockTypes.f0b6c21d-e8b8-4e9d-ab61-576d34438c8d.fields.6d1ccaa5-5f84-4a09-8f06-707a41d34f06.settings.typeSettings.__assoc__.8.1.__assoc__.0.1','\"\"'),('matrixBlockTypes.f0b6c21d-e8b8-4e9d-ab61-576d34438c8d.fields.6d1ccaa5-5f84-4a09-8f06-707a41d34f06.settings.typeSettings.__assoc__.8.1.__assoc__.1.0','\"allowAliases\"'),('matrixBlockTypes.f0b6c21d-e8b8-4e9d-ab61-576d34438c8d.fields.6d1ccaa5-5f84-4a09-8f06-707a41d34f06.settings.typeSettings.__assoc__.8.1.__assoc__.1.1','\"\"'),('matrixBlockTypes.f0b6c21d-e8b8-4e9d-ab61-576d34438c8d.fields.6d1ccaa5-5f84-4a09-8f06-707a41d34f06.translationKeyFormat','null'),('matrixBlockTypes.f0b6c21d-e8b8-4e9d-ab61-576d34438c8d.fields.6d1ccaa5-5f84-4a09-8f06-707a41d34f06.translationMethod','\"none\"'),('matrixBlockTypes.f0b6c21d-e8b8-4e9d-ab61-576d34438c8d.fields.6d1ccaa5-5f84-4a09-8f06-707a41d34f06.type','\"typedlinkfield\\\\fields\\\\LinkField\"'),('matrixBlockTypes.f0b6c21d-e8b8-4e9d-ab61-576d34438c8d.fields.6fb5d678-58a6-480b-b57c-10829b8019ae.contentColumnType','\"text\"'),('matrixBlockTypes.f0b6c21d-e8b8-4e9d-ab61-576d34438c8d.fields.6fb5d678-58a6-480b-b57c-10829b8019ae.fieldGroup','null'),('matrixBlockTypes.f0b6c21d-e8b8-4e9d-ab61-576d34438c8d.fields.6fb5d678-58a6-480b-b57c-10829b8019ae.handle','\"heading\"'),('matrixBlockTypes.f0b6c21d-e8b8-4e9d-ab61-576d34438c8d.fields.6fb5d678-58a6-480b-b57c-10829b8019ae.instructions','\"\"'),('matrixBlockTypes.f0b6c21d-e8b8-4e9d-ab61-576d34438c8d.fields.6fb5d678-58a6-480b-b57c-10829b8019ae.name','\"Heading\"'),('matrixBlockTypes.f0b6c21d-e8b8-4e9d-ab61-576d34438c8d.fields.6fb5d678-58a6-480b-b57c-10829b8019ae.searchable','true'),('matrixBlockTypes.f0b6c21d-e8b8-4e9d-ab61-576d34438c8d.fields.6fb5d678-58a6-480b-b57c-10829b8019ae.settings.byteLimit','null'),('matrixBlockTypes.f0b6c21d-e8b8-4e9d-ab61-576d34438c8d.fields.6fb5d678-58a6-480b-b57c-10829b8019ae.settings.charLimit','null'),('matrixBlockTypes.f0b6c21d-e8b8-4e9d-ab61-576d34438c8d.fields.6fb5d678-58a6-480b-b57c-10829b8019ae.settings.code','\"\"'),('matrixBlockTypes.f0b6c21d-e8b8-4e9d-ab61-576d34438c8d.fields.6fb5d678-58a6-480b-b57c-10829b8019ae.settings.columnType','null'),('matrixBlockTypes.f0b6c21d-e8b8-4e9d-ab61-576d34438c8d.fields.6fb5d678-58a6-480b-b57c-10829b8019ae.settings.initialRows','\"4\"'),('matrixBlockTypes.f0b6c21d-e8b8-4e9d-ab61-576d34438c8d.fields.6fb5d678-58a6-480b-b57c-10829b8019ae.settings.multiline','\"\"'),('matrixBlockTypes.f0b6c21d-e8b8-4e9d-ab61-576d34438c8d.fields.6fb5d678-58a6-480b-b57c-10829b8019ae.settings.placeholder','\"\"'),('matrixBlockTypes.f0b6c21d-e8b8-4e9d-ab61-576d34438c8d.fields.6fb5d678-58a6-480b-b57c-10829b8019ae.translationKeyFormat','null'),('matrixBlockTypes.f0b6c21d-e8b8-4e9d-ab61-576d34438c8d.fields.6fb5d678-58a6-480b-b57c-10829b8019ae.translationMethod','\"none\"'),('matrixBlockTypes.f0b6c21d-e8b8-4e9d-ab61-576d34438c8d.fields.6fb5d678-58a6-480b-b57c-10829b8019ae.type','\"craft\\\\fields\\\\PlainText\"'),('matrixBlockTypes.f0b6c21d-e8b8-4e9d-ab61-576d34438c8d.fields.7a91d99a-0526-440a-af03-851dfe8870a0.contentColumnType','\"string\"'),('matrixBlockTypes.f0b6c21d-e8b8-4e9d-ab61-576d34438c8d.fields.7a91d99a-0526-440a-af03-851dfe8870a0.fieldGroup','null'),('matrixBlockTypes.f0b6c21d-e8b8-4e9d-ab61-576d34438c8d.fields.7a91d99a-0526-440a-af03-851dfe8870a0.handle','\"imagePosition\"'),('matrixBlockTypes.f0b6c21d-e8b8-4e9d-ab61-576d34438c8d.fields.7a91d99a-0526-440a-af03-851dfe8870a0.instructions','\"\"'),('matrixBlockTypes.f0b6c21d-e8b8-4e9d-ab61-576d34438c8d.fields.7a91d99a-0526-440a-af03-851dfe8870a0.name','\"Image Position\"'),('matrixBlockTypes.f0b6c21d-e8b8-4e9d-ab61-576d34438c8d.fields.7a91d99a-0526-440a-af03-851dfe8870a0.searchable','true'),('matrixBlockTypes.f0b6c21d-e8b8-4e9d-ab61-576d34438c8d.fields.7a91d99a-0526-440a-af03-851dfe8870a0.settings.optgroups','true'),('matrixBlockTypes.f0b6c21d-e8b8-4e9d-ab61-576d34438c8d.fields.7a91d99a-0526-440a-af03-851dfe8870a0.settings.options.0.__assoc__.0.0','\"label\"'),('matrixBlockTypes.f0b6c21d-e8b8-4e9d-ab61-576d34438c8d.fields.7a91d99a-0526-440a-af03-851dfe8870a0.settings.options.0.__assoc__.0.1','\"Right\"'),('matrixBlockTypes.f0b6c21d-e8b8-4e9d-ab61-576d34438c8d.fields.7a91d99a-0526-440a-af03-851dfe8870a0.settings.options.0.__assoc__.1.0','\"value\"'),('matrixBlockTypes.f0b6c21d-e8b8-4e9d-ab61-576d34438c8d.fields.7a91d99a-0526-440a-af03-851dfe8870a0.settings.options.0.__assoc__.1.1','\"right\"'),('matrixBlockTypes.f0b6c21d-e8b8-4e9d-ab61-576d34438c8d.fields.7a91d99a-0526-440a-af03-851dfe8870a0.settings.options.0.__assoc__.2.0','\"default\"'),('matrixBlockTypes.f0b6c21d-e8b8-4e9d-ab61-576d34438c8d.fields.7a91d99a-0526-440a-af03-851dfe8870a0.settings.options.0.__assoc__.2.1','\"1\"'),('matrixBlockTypes.f0b6c21d-e8b8-4e9d-ab61-576d34438c8d.fields.7a91d99a-0526-440a-af03-851dfe8870a0.settings.options.1.__assoc__.0.0','\"label\"'),('matrixBlockTypes.f0b6c21d-e8b8-4e9d-ab61-576d34438c8d.fields.7a91d99a-0526-440a-af03-851dfe8870a0.settings.options.1.__assoc__.0.1','\"Left\"'),('matrixBlockTypes.f0b6c21d-e8b8-4e9d-ab61-576d34438c8d.fields.7a91d99a-0526-440a-af03-851dfe8870a0.settings.options.1.__assoc__.1.0','\"value\"'),('matrixBlockTypes.f0b6c21d-e8b8-4e9d-ab61-576d34438c8d.fields.7a91d99a-0526-440a-af03-851dfe8870a0.settings.options.1.__assoc__.1.1','\"left\"'),('matrixBlockTypes.f0b6c21d-e8b8-4e9d-ab61-576d34438c8d.fields.7a91d99a-0526-440a-af03-851dfe8870a0.settings.options.1.__assoc__.2.0','\"default\"'),('matrixBlockTypes.f0b6c21d-e8b8-4e9d-ab61-576d34438c8d.fields.7a91d99a-0526-440a-af03-851dfe8870a0.settings.options.1.__assoc__.2.1','\"\"'),('matrixBlockTypes.f0b6c21d-e8b8-4e9d-ab61-576d34438c8d.fields.7a91d99a-0526-440a-af03-851dfe8870a0.translationKeyFormat','null'),('matrixBlockTypes.f0b6c21d-e8b8-4e9d-ab61-576d34438c8d.fields.7a91d99a-0526-440a-af03-851dfe8870a0.translationMethod','\"none\"'),('matrixBlockTypes.f0b6c21d-e8b8-4e9d-ab61-576d34438c8d.fields.7a91d99a-0526-440a-af03-851dfe8870a0.type','\"craft\\\\fields\\\\Dropdown\"'),('matrixBlockTypes.f0b6c21d-e8b8-4e9d-ab61-576d34438c8d.fields.b4c68c10-3cb4-442b-895f-49616e457330.contentColumnType','\"text\"'),('matrixBlockTypes.f0b6c21d-e8b8-4e9d-ab61-576d34438c8d.fields.b4c68c10-3cb4-442b-895f-49616e457330.fieldGroup','null'),('matrixBlockTypes.f0b6c21d-e8b8-4e9d-ab61-576d34438c8d.fields.b4c68c10-3cb4-442b-895f-49616e457330.handle','\"copy\"'),('matrixBlockTypes.f0b6c21d-e8b8-4e9d-ab61-576d34438c8d.fields.b4c68c10-3cb4-442b-895f-49616e457330.instructions','\"\"'),('matrixBlockTypes.f0b6c21d-e8b8-4e9d-ab61-576d34438c8d.fields.b4c68c10-3cb4-442b-895f-49616e457330.name','\"Copy\"'),('matrixBlockTypes.f0b6c21d-e8b8-4e9d-ab61-576d34438c8d.fields.b4c68c10-3cb4-442b-895f-49616e457330.searchable','true'),('matrixBlockTypes.f0b6c21d-e8b8-4e9d-ab61-576d34438c8d.fields.b4c68c10-3cb4-442b-895f-49616e457330.settings.availableTransforms','\"*\"'),('matrixBlockTypes.f0b6c21d-e8b8-4e9d-ab61-576d34438c8d.fields.b4c68c10-3cb4-442b-895f-49616e457330.settings.availableVolumes','\"\"'),('matrixBlockTypes.f0b6c21d-e8b8-4e9d-ab61-576d34438c8d.fields.b4c68c10-3cb4-442b-895f-49616e457330.settings.cleanupHtml','true'),('matrixBlockTypes.f0b6c21d-e8b8-4e9d-ab61-576d34438c8d.fields.b4c68c10-3cb4-442b-895f-49616e457330.settings.columnType','\"text\"'),('matrixBlockTypes.f0b6c21d-e8b8-4e9d-ab61-576d34438c8d.fields.b4c68c10-3cb4-442b-895f-49616e457330.settings.purifierConfig','\"\"'),('matrixBlockTypes.f0b6c21d-e8b8-4e9d-ab61-576d34438c8d.fields.b4c68c10-3cb4-442b-895f-49616e457330.settings.purifyHtml','\"1\"'),('matrixBlockTypes.f0b6c21d-e8b8-4e9d-ab61-576d34438c8d.fields.b4c68c10-3cb4-442b-895f-49616e457330.settings.redactorConfig','\"Standard.json\"'),('matrixBlockTypes.f0b6c21d-e8b8-4e9d-ab61-576d34438c8d.fields.b4c68c10-3cb4-442b-895f-49616e457330.settings.removeEmptyTags','\"1\"'),('matrixBlockTypes.f0b6c21d-e8b8-4e9d-ab61-576d34438c8d.fields.b4c68c10-3cb4-442b-895f-49616e457330.settings.removeInlineStyles','\"1\"'),('matrixBlockTypes.f0b6c21d-e8b8-4e9d-ab61-576d34438c8d.fields.b4c68c10-3cb4-442b-895f-49616e457330.settings.removeNbsp','\"1\"'),('matrixBlockTypes.f0b6c21d-e8b8-4e9d-ab61-576d34438c8d.fields.b4c68c10-3cb4-442b-895f-49616e457330.settings.showUnpermittedFiles','false'),('matrixBlockTypes.f0b6c21d-e8b8-4e9d-ab61-576d34438c8d.fields.b4c68c10-3cb4-442b-895f-49616e457330.settings.showUnpermittedVolumes','false'),('matrixBlockTypes.f0b6c21d-e8b8-4e9d-ab61-576d34438c8d.fields.b4c68c10-3cb4-442b-895f-49616e457330.translationKeyFormat','null'),('matrixBlockTypes.f0b6c21d-e8b8-4e9d-ab61-576d34438c8d.fields.b4c68c10-3cb4-442b-895f-49616e457330.translationMethod','\"none\"'),('matrixBlockTypes.f0b6c21d-e8b8-4e9d-ab61-576d34438c8d.fields.b4c68c10-3cb4-442b-895f-49616e457330.type','\"craft\\\\redactor\\\\Field\"'),('matrixBlockTypes.f0b6c21d-e8b8-4e9d-ab61-576d34438c8d.fields.d9ea6ae0-be14-4df0-a59f-b9dd21844f74.contentColumnType','\"string\"'),('matrixBlockTypes.f0b6c21d-e8b8-4e9d-ab61-576d34438c8d.fields.d9ea6ae0-be14-4df0-a59f-b9dd21844f74.fieldGroup','null'),('matrixBlockTypes.f0b6c21d-e8b8-4e9d-ab61-576d34438c8d.fields.d9ea6ae0-be14-4df0-a59f-b9dd21844f74.handle','\"image\"'),('matrixBlockTypes.f0b6c21d-e8b8-4e9d-ab61-576d34438c8d.fields.d9ea6ae0-be14-4df0-a59f-b9dd21844f74.instructions','\"\"'),('matrixBlockTypes.f0b6c21d-e8b8-4e9d-ab61-576d34438c8d.fields.d9ea6ae0-be14-4df0-a59f-b9dd21844f74.name','\"Image\"'),('matrixBlockTypes.f0b6c21d-e8b8-4e9d-ab61-576d34438c8d.fields.d9ea6ae0-be14-4df0-a59f-b9dd21844f74.searchable','false'),('matrixBlockTypes.f0b6c21d-e8b8-4e9d-ab61-576d34438c8d.fields.d9ea6ae0-be14-4df0-a59f-b9dd21844f74.settings.allowedKinds','null'),('matrixBlockTypes.f0b6c21d-e8b8-4e9d-ab61-576d34438c8d.fields.d9ea6ae0-be14-4df0-a59f-b9dd21844f74.settings.defaultUploadLocationSource','\"volume:8b0fd7f7-2623-4a21-a578-698d8c0aef75\"'),('matrixBlockTypes.f0b6c21d-e8b8-4e9d-ab61-576d34438c8d.fields.d9ea6ae0-be14-4df0-a59f-b9dd21844f74.settings.defaultUploadLocationSubpath','\"\"'),('matrixBlockTypes.f0b6c21d-e8b8-4e9d-ab61-576d34438c8d.fields.d9ea6ae0-be14-4df0-a59f-b9dd21844f74.settings.limit','\"1\"'),('matrixBlockTypes.f0b6c21d-e8b8-4e9d-ab61-576d34438c8d.fields.d9ea6ae0-be14-4df0-a59f-b9dd21844f74.settings.localizeRelations','false'),('matrixBlockTypes.f0b6c21d-e8b8-4e9d-ab61-576d34438c8d.fields.d9ea6ae0-be14-4df0-a59f-b9dd21844f74.settings.restrictFiles','\"\"'),('matrixBlockTypes.f0b6c21d-e8b8-4e9d-ab61-576d34438c8d.fields.d9ea6ae0-be14-4df0-a59f-b9dd21844f74.settings.selectionLabel','\"Add an Image\"'),('matrixBlockTypes.f0b6c21d-e8b8-4e9d-ab61-576d34438c8d.fields.d9ea6ae0-be14-4df0-a59f-b9dd21844f74.settings.showUnpermittedFiles','false'),('matrixBlockTypes.f0b6c21d-e8b8-4e9d-ab61-576d34438c8d.fields.d9ea6ae0-be14-4df0-a59f-b9dd21844f74.settings.showUnpermittedVolumes','false'),('matrixBlockTypes.f0b6c21d-e8b8-4e9d-ab61-576d34438c8d.fields.d9ea6ae0-be14-4df0-a59f-b9dd21844f74.settings.singleUploadLocationSource','\"volume:8b0fd7f7-2623-4a21-a578-698d8c0aef75\"'),('matrixBlockTypes.f0b6c21d-e8b8-4e9d-ab61-576d34438c8d.fields.d9ea6ae0-be14-4df0-a59f-b9dd21844f74.settings.singleUploadLocationSubpath','\"\"'),('matrixBlockTypes.f0b6c21d-e8b8-4e9d-ab61-576d34438c8d.fields.d9ea6ae0-be14-4df0-a59f-b9dd21844f74.settings.source','null'),('matrixBlockTypes.f0b6c21d-e8b8-4e9d-ab61-576d34438c8d.fields.d9ea6ae0-be14-4df0-a59f-b9dd21844f74.settings.sources','\"*\"'),('matrixBlockTypes.f0b6c21d-e8b8-4e9d-ab61-576d34438c8d.fields.d9ea6ae0-be14-4df0-a59f-b9dd21844f74.settings.targetSiteId','null'),('matrixBlockTypes.f0b6c21d-e8b8-4e9d-ab61-576d34438c8d.fields.d9ea6ae0-be14-4df0-a59f-b9dd21844f74.settings.useSingleFolder','true'),('matrixBlockTypes.f0b6c21d-e8b8-4e9d-ab61-576d34438c8d.fields.d9ea6ae0-be14-4df0-a59f-b9dd21844f74.settings.validateRelatedElements','\"1\"'),('matrixBlockTypes.f0b6c21d-e8b8-4e9d-ab61-576d34438c8d.fields.d9ea6ae0-be14-4df0-a59f-b9dd21844f74.settings.viewMode','\"large\"'),('matrixBlockTypes.f0b6c21d-e8b8-4e9d-ab61-576d34438c8d.fields.d9ea6ae0-be14-4df0-a59f-b9dd21844f74.translationKeyFormat','null'),('matrixBlockTypes.f0b6c21d-e8b8-4e9d-ab61-576d34438c8d.fields.d9ea6ae0-be14-4df0-a59f-b9dd21844f74.translationMethod','\"site\"'),('matrixBlockTypes.f0b6c21d-e8b8-4e9d-ab61-576d34438c8d.fields.d9ea6ae0-be14-4df0-a59f-b9dd21844f74.type','\"craft\\\\fields\\\\Assets\"'),('matrixBlockTypes.f0b6c21d-e8b8-4e9d-ab61-576d34438c8d.handle','\"richTextImage\"'),('matrixBlockTypes.f0b6c21d-e8b8-4e9d-ab61-576d34438c8d.name','\"Rich Text & Image\"'),('matrixBlockTypes.f0b6c21d-e8b8-4e9d-ab61-576d34438c8d.sortOrder','4'),('matrixBlockTypes.f4a82115-b93b-4608-89a3-428bff6eed53.field','\"1eb0ac2f-150c-4071-b0a0-cdbc98ace82e\"'),('matrixBlockTypes.f4a82115-b93b-4608-89a3-428bff6eed53.fieldLayouts.5a6da519-d818-4a31-9d5c-9fecd916d300.tabs.0.fields.35958387-7672-4675-8c27-88be958785df.required','true'),('matrixBlockTypes.f4a82115-b93b-4608-89a3-428bff6eed53.fieldLayouts.5a6da519-d818-4a31-9d5c-9fecd916d300.tabs.0.fields.35958387-7672-4675-8c27-88be958785df.sortOrder','1'),('matrixBlockTypes.f4a82115-b93b-4608-89a3-428bff6eed53.fieldLayouts.5a6da519-d818-4a31-9d5c-9fecd916d300.tabs.0.fields.7d04901c-8ecd-4062-970e-ee5fee357416.required','true'),('matrixBlockTypes.f4a82115-b93b-4608-89a3-428bff6eed53.fieldLayouts.5a6da519-d818-4a31-9d5c-9fecd916d300.tabs.0.fields.7d04901c-8ecd-4062-970e-ee5fee357416.sortOrder','2'),('matrixBlockTypes.f4a82115-b93b-4608-89a3-428bff6eed53.fieldLayouts.5a6da519-d818-4a31-9d5c-9fecd916d300.tabs.0.name','\"Content\"'),('matrixBlockTypes.f4a82115-b93b-4608-89a3-428bff6eed53.fieldLayouts.5a6da519-d818-4a31-9d5c-9fecd916d300.tabs.0.sortOrder','1'),('matrixBlockTypes.f4a82115-b93b-4608-89a3-428bff6eed53.fields.35958387-7672-4675-8c27-88be958785df.contentColumnType','\"string\"'),('matrixBlockTypes.f4a82115-b93b-4608-89a3-428bff6eed53.fields.35958387-7672-4675-8c27-88be958785df.fieldGroup','null'),('matrixBlockTypes.f4a82115-b93b-4608-89a3-428bff6eed53.fields.35958387-7672-4675-8c27-88be958785df.handle','\"source\"'),('matrixBlockTypes.f4a82115-b93b-4608-89a3-428bff6eed53.fields.35958387-7672-4675-8c27-88be958785df.instructions','\"\"'),('matrixBlockTypes.f4a82115-b93b-4608-89a3-428bff6eed53.fields.35958387-7672-4675-8c27-88be958785df.name','\"Source\"'),('matrixBlockTypes.f4a82115-b93b-4608-89a3-428bff6eed53.fields.35958387-7672-4675-8c27-88be958785df.searchable','false'),('matrixBlockTypes.f4a82115-b93b-4608-89a3-428bff6eed53.fields.35958387-7672-4675-8c27-88be958785df.settings.optgroups','true'),('matrixBlockTypes.f4a82115-b93b-4608-89a3-428bff6eed53.fields.35958387-7672-4675-8c27-88be958785df.settings.options.0.__assoc__.0.0','\"label\"'),('matrixBlockTypes.f4a82115-b93b-4608-89a3-428bff6eed53.fields.35958387-7672-4675-8c27-88be958785df.settings.options.0.__assoc__.0.1','\"YouTube\"'),('matrixBlockTypes.f4a82115-b93b-4608-89a3-428bff6eed53.fields.35958387-7672-4675-8c27-88be958785df.settings.options.0.__assoc__.1.0','\"value\"'),('matrixBlockTypes.f4a82115-b93b-4608-89a3-428bff6eed53.fields.35958387-7672-4675-8c27-88be958785df.settings.options.0.__assoc__.1.1','\"youtube\"'),('matrixBlockTypes.f4a82115-b93b-4608-89a3-428bff6eed53.fields.35958387-7672-4675-8c27-88be958785df.settings.options.0.__assoc__.2.0','\"default\"'),('matrixBlockTypes.f4a82115-b93b-4608-89a3-428bff6eed53.fields.35958387-7672-4675-8c27-88be958785df.settings.options.0.__assoc__.2.1','\"1\"'),('matrixBlockTypes.f4a82115-b93b-4608-89a3-428bff6eed53.fields.35958387-7672-4675-8c27-88be958785df.settings.options.1.__assoc__.0.0','\"label\"'),('matrixBlockTypes.f4a82115-b93b-4608-89a3-428bff6eed53.fields.35958387-7672-4675-8c27-88be958785df.settings.options.1.__assoc__.0.1','\"Vimeo\"'),('matrixBlockTypes.f4a82115-b93b-4608-89a3-428bff6eed53.fields.35958387-7672-4675-8c27-88be958785df.settings.options.1.__assoc__.1.0','\"value\"'),('matrixBlockTypes.f4a82115-b93b-4608-89a3-428bff6eed53.fields.35958387-7672-4675-8c27-88be958785df.settings.options.1.__assoc__.1.1','\"vimeo\"'),('matrixBlockTypes.f4a82115-b93b-4608-89a3-428bff6eed53.fields.35958387-7672-4675-8c27-88be958785df.settings.options.1.__assoc__.2.0','\"default\"'),('matrixBlockTypes.f4a82115-b93b-4608-89a3-428bff6eed53.fields.35958387-7672-4675-8c27-88be958785df.settings.options.1.__assoc__.2.1','\"\"'),('matrixBlockTypes.f4a82115-b93b-4608-89a3-428bff6eed53.fields.35958387-7672-4675-8c27-88be958785df.translationKeyFormat','null'),('matrixBlockTypes.f4a82115-b93b-4608-89a3-428bff6eed53.fields.35958387-7672-4675-8c27-88be958785df.translationMethod','\"none\"'),('matrixBlockTypes.f4a82115-b93b-4608-89a3-428bff6eed53.fields.35958387-7672-4675-8c27-88be958785df.type','\"craft\\\\fields\\\\Dropdown\"'),('matrixBlockTypes.f4a82115-b93b-4608-89a3-428bff6eed53.fields.7d04901c-8ecd-4062-970e-ee5fee357416.contentColumnType','\"text\"'),('matrixBlockTypes.f4a82115-b93b-4608-89a3-428bff6eed53.fields.7d04901c-8ecd-4062-970e-ee5fee357416.fieldGroup','null'),('matrixBlockTypes.f4a82115-b93b-4608-89a3-428bff6eed53.fields.7d04901c-8ecd-4062-970e-ee5fee357416.handle','\"videoId\"'),('matrixBlockTypes.f4a82115-b93b-4608-89a3-428bff6eed53.fields.7d04901c-8ecd-4062-970e-ee5fee357416.instructions','\"\"'),('matrixBlockTypes.f4a82115-b93b-4608-89a3-428bff6eed53.fields.7d04901c-8ecd-4062-970e-ee5fee357416.name','\"Video ID\"'),('matrixBlockTypes.f4a82115-b93b-4608-89a3-428bff6eed53.fields.7d04901c-8ecd-4062-970e-ee5fee357416.searchable','false'),('matrixBlockTypes.f4a82115-b93b-4608-89a3-428bff6eed53.fields.7d04901c-8ecd-4062-970e-ee5fee357416.settings.byteLimit','null'),('matrixBlockTypes.f4a82115-b93b-4608-89a3-428bff6eed53.fields.7d04901c-8ecd-4062-970e-ee5fee357416.settings.charLimit','null'),('matrixBlockTypes.f4a82115-b93b-4608-89a3-428bff6eed53.fields.7d04901c-8ecd-4062-970e-ee5fee357416.settings.code','\"1\"'),('matrixBlockTypes.f4a82115-b93b-4608-89a3-428bff6eed53.fields.7d04901c-8ecd-4062-970e-ee5fee357416.settings.columnType','null'),('matrixBlockTypes.f4a82115-b93b-4608-89a3-428bff6eed53.fields.7d04901c-8ecd-4062-970e-ee5fee357416.settings.initialRows','\"4\"'),('matrixBlockTypes.f4a82115-b93b-4608-89a3-428bff6eed53.fields.7d04901c-8ecd-4062-970e-ee5fee357416.settings.multiline','\"\"'),('matrixBlockTypes.f4a82115-b93b-4608-89a3-428bff6eed53.fields.7d04901c-8ecd-4062-970e-ee5fee357416.settings.placeholder','\"\"'),('matrixBlockTypes.f4a82115-b93b-4608-89a3-428bff6eed53.fields.7d04901c-8ecd-4062-970e-ee5fee357416.translationKeyFormat','null'),('matrixBlockTypes.f4a82115-b93b-4608-89a3-428bff6eed53.fields.7d04901c-8ecd-4062-970e-ee5fee357416.translationMethod','\"none\"'),('matrixBlockTypes.f4a82115-b93b-4608-89a3-428bff6eed53.fields.7d04901c-8ecd-4062-970e-ee5fee357416.type','\"craft\\\\fields\\\\PlainText\"'),('matrixBlockTypes.f4a82115-b93b-4608-89a3-428bff6eed53.handle','\"video\"'),('matrixBlockTypes.f4a82115-b93b-4608-89a3-428bff6eed53.name','\"Video\"'),('matrixBlockTypes.f4a82115-b93b-4608-89a3-428bff6eed53.sortOrder','3'),('plugins.eager-beaver.edition','\"standard\"'),('plugins.eager-beaver.enabled','true'),('plugins.eager-beaver.schemaVersion','\"1.0.0\"'),('plugins.element-api.edition','\"standard\"'),('plugins.element-api.enabled','true'),('plugins.element-api.schemaVersion','\"1.0.0\"'),('plugins.imager.edition','\"standard\"'),('plugins.imager.enabled','true'),('plugins.imager.schemaVersion','\"2.0.0\"'),('plugins.matrixmate.edition','\"standard\"'),('plugins.matrixmate.enabled','true'),('plugins.matrixmate.schemaVersion','\"1.0.0\"'),('plugins.read-time.edition','\"standard\"'),('plugins.read-time.enabled','true'),('plugins.read-time.schemaVersion','\"1.0.0\"'),('plugins.redactor.edition','\"standard\"'),('plugins.redactor.enabled','true'),('plugins.redactor.schemaVersion','\"2.3.0\"'),('plugins.relabel.edition','\"standard\"'),('plugins.relabel.enabled','true'),('plugins.relabel.schemaVersion','\"1.1.0\"'),('plugins.seo.edition','\"standard\"'),('plugins.seo.enabled','true'),('plugins.seo.schemaVersion','\"3.1.0\"'),('plugins.smith.edition','\"standard\"'),('plugins.smith.enabled','true'),('plugins.smith.schemaVersion','\"1.0.0\"'),('plugins.splash.edition','\"standard\"'),('plugins.splash.enabled','true'),('plugins.splash.schemaVersion','\"3.0.0\"'),('plugins.super-table.edition','\"standard\"'),('plugins.super-table.enabled','true'),('plugins.super-table.schemaVersion','\"2.2.1\"'),('plugins.typedlinkfield.edition','\"standard\"'),('plugins.typedlinkfield.enabled','true'),('plugins.typedlinkfield.schemaVersion','\"1.0.0\"'),('relabel.01028bea-98c9-401b-a7ae-e73c5461fa20.field','\"27eb5f6d-5e7b-4401-a20a-5259596e045a\"'),('relabel.01028bea-98c9-401b-a7ae-e73c5461fa20.fieldLayout','\"fd59a6c7-4d22-4d28-ac85-65901eeb0eef\"'),('relabel.01028bea-98c9-401b-a7ae-e73c5461fa20.instructions','\"\"'),('relabel.01028bea-98c9-401b-a7ae-e73c5461fa20.name','\"Link\"'),('relabel.0eb0d7e2-ca78-4175-9496-c6a1a06c2b03.field','\"2e2cf186-585b-46ee-a435-b3a1737847ca\"'),('relabel.0eb0d7e2-ca78-4175-9496-c6a1a06c2b03.fieldLayout','\"a621d199-8f4b-4fd4-b954-c816aa1839d2\"'),('relabel.0eb0d7e2-ca78-4175-9496-c6a1a06c2b03.instructions','\"Use this banner to notify the user of important information such as a temporary closing or major change.\"'),('relabel.0eb0d7e2-ca78-4175-9496-c6a1a06c2b03.name','\"Notification Banner\"'),('relabel.1655ef87-4391-41ef-a1ee-42d76b9819d3.field','\"2e2cf186-585b-46ee-a435-b3a1737847ca\"'),('relabel.1655ef87-4391-41ef-a1ee-42d76b9819d3.fieldLayout','\"6a327dfc-42dc-4126-b5ec-12ba877b02fd\"'),('relabel.1655ef87-4391-41ef-a1ee-42d76b9819d3.instructions','\"Provide a brief article description. This will be used whenever this article is linked on other pages.\"'),('relabel.1655ef87-4391-41ef-a1ee-42d76b9819d3.name','\"Teaser Text\"'),('relabel.24499899-af2b-47d2-a5d2-da63d8c04ab5.field','\"2e2cf186-585b-46ee-a435-b3a1737847ca\"'),('relabel.24499899-af2b-47d2-a5d2-da63d8c04ab5.fieldLayout','\"9d512349-69c2-4901-8dd6-2459420aefa2\"'),('relabel.24499899-af2b-47d2-a5d2-da63d8c04ab5.instructions','\"\"'),('relabel.24499899-af2b-47d2-a5d2-da63d8c04ab5.name','\"Author\'s Name\"'),('relabel.293c1dcc-453a-41ae-80e5-ce41422de170.field','\"27eb5f6d-5e7b-4401-a20a-5259596e045a\"'),('relabel.293c1dcc-453a-41ae-80e5-ce41422de170.fieldLayout','\"f7245435-6bdc-47c3-a316-531ba7e32b0d\"'),('relabel.293c1dcc-453a-41ae-80e5-ce41422de170.instructions','\"\"'),('relabel.293c1dcc-453a-41ae-80e5-ce41422de170.name','\"Link\"'),('relabel.2c989637-017b-494d-907e-db90d2530b20.field','\"f945ce9d-f3ac-4903-94eb-4c89c31411bf\"'),('relabel.2c989637-017b-494d-907e-db90d2530b20.fieldLayout','\"9d512349-69c2-4901-8dd6-2459420aefa2\"'),('relabel.2c989637-017b-494d-907e-db90d2530b20.instructions','\"The eye is drawn to faces and helps testimonies stand out. Adding a smiling photo of the testimonies author helps reassure users of authenticity and believability.\"'),('relabel.2c989637-017b-494d-907e-db90d2530b20.name','\"User Image\"'),('relabel.490e28d8-48ec-4b50-9118-5b230a362643.field','\"ae9afa56-8cc0-4317-8b83-794e77f73e68\"'),('relabel.490e28d8-48ec-4b50-9118-5b230a362643.fieldLayout','\"9d512349-69c2-4901-8dd6-2459420aefa2\"'),('relabel.490e28d8-48ec-4b50-9118-5b230a362643.instructions','\"Provide a title for the author to help build credibility. \"'),('relabel.490e28d8-48ec-4b50-9118-5b230a362643.name','\"Author\'s Title\"'),('relabel.4d402cc2-1777-4cd2-a587-b17b6d1ce348.field','\"2e2cf186-585b-46ee-a435-b3a1737847ca\"'),('relabel.4d402cc2-1777-4cd2-a587-b17b6d1ce348.fieldLayout','\"eb52858a-5cbf-4207-9da7-a9bcf21ff878\"'),('relabel.4d402cc2-1777-4cd2-a587-b17b6d1ce348.instructions','\"\"'),('relabel.4d402cc2-1777-4cd2-a587-b17b6d1ce348.name','\"Heading\"'),('relabel.5b8c2280-5908-4bff-b053-6473652e8abb.field','\"f945ce9d-f3ac-4903-94eb-4c89c31411bf\"'),('relabel.5b8c2280-5908-4bff-b053-6473652e8abb.fieldLayout','\"6a327dfc-42dc-4126-b5ec-12ba877b02fd\"'),('relabel.5b8c2280-5908-4bff-b053-6473652e8abb.instructions','\"\"'),('relabel.5b8c2280-5908-4bff-b053-6473652e8abb.name','\"Thumbnail Image\"'),('relabel.b18a3bdb-9d32-40af-aa61-9dfc7d5ec62f.field','\"f697001b-d1ba-48d7-92ee-0eb172e00ac1\"'),('relabel.b18a3bdb-9d32-40af-aa61-9dfc7d5ec62f.fieldLayout','\"eb52858a-5cbf-4207-9da7-a9bcf21ff878\"'),('relabel.b18a3bdb-9d32-40af-aa61-9dfc7d5ec62f.instructions','\"\"'),('relabel.b18a3bdb-9d32-40af-aa61-9dfc7d5ec62f.name','\"Copy\"'),('relabel.ba81f55e-f51b-4fe4-a72e-bfbfe46a2a43.field','\"f697001b-d1ba-48d7-92ee-0eb172e00ac1\"'),('relabel.ba81f55e-f51b-4fe4-a72e-bfbfe46a2a43.fieldLayout','\"9d512349-69c2-4901-8dd6-2459420aefa2\"'),('relabel.ba81f55e-f51b-4fe4-a72e-bfbfe46a2a43.instructions','\"\"'),('relabel.ba81f55e-f51b-4fe4-a72e-bfbfe46a2a43.name','\"Testimony\"'),('relabel.e69d1cbe-8aa3-4434-ab5b-3e931061112b.field','\"f697001b-d1ba-48d7-92ee-0eb172e00ac1\"'),('relabel.e69d1cbe-8aa3-4434-ab5b-3e931061112b.fieldLayout','\"ae4dd40b-e640-4115-b9c9-44a3e2ecd79b\"'),('relabel.e69d1cbe-8aa3-4434-ab5b-3e931061112b.instructions','\"This information will be displayed below the logo in the footer. Typically an address, phone number, or email address is displayed.\"'),('relabel.e69d1cbe-8aa3-4434-ab5b-3e931061112b.name','\"Organization Details\"'),('relabel.fff4d98d-7c30-4fb5-b2ff-22da27951c10.field','\"f945ce9d-f3ac-4903-94eb-4c89c31411bf\"'),('relabel.fff4d98d-7c30-4fb5-b2ff-22da27951c10.fieldLayout','\"eb52858a-5cbf-4207-9da7-a9bcf21ff878\"'),('relabel.fff4d98d-7c30-4fb5-b2ff-22da27951c10.instructions','\"\"'),('relabel.fff4d98d-7c30-4fb5-b2ff-22da27951c10.name','\"Background Image\"'),('sections.0936733c-c126-4ffa-b5d3-af75d96117c8.enableVersioning','true'),('sections.0936733c-c126-4ffa-b5d3-af75d96117c8.entryTypes.f1e49616-743e-4e6c-93f1-15beeee38852.fieldLayouts.8e3524b3-a04b-43d1-918a-a71bb0e04578.tabs.0.fields.52566efb-1a8e-4da5-af1d-a3e038558780.required','false'),('sections.0936733c-c126-4ffa-b5d3-af75d96117c8.entryTypes.f1e49616-743e-4e6c-93f1-15beeee38852.fieldLayouts.8e3524b3-a04b-43d1-918a-a71bb0e04578.tabs.0.fields.52566efb-1a8e-4da5-af1d-a3e038558780.sortOrder','1'),('sections.0936733c-c126-4ffa-b5d3-af75d96117c8.entryTypes.f1e49616-743e-4e6c-93f1-15beeee38852.fieldLayouts.8e3524b3-a04b-43d1-918a-a71bb0e04578.tabs.0.name','\"Tab 1\"'),('sections.0936733c-c126-4ffa-b5d3-af75d96117c8.entryTypes.f1e49616-743e-4e6c-93f1-15beeee38852.fieldLayouts.8e3524b3-a04b-43d1-918a-a71bb0e04578.tabs.0.sortOrder','1'),('sections.0936733c-c126-4ffa-b5d3-af75d96117c8.entryTypes.f1e49616-743e-4e6c-93f1-15beeee38852.handle','\"submission\"'),('sections.0936733c-c126-4ffa-b5d3-af75d96117c8.entryTypes.f1e49616-743e-4e6c-93f1-15beeee38852.hasTitleField','true'),('sections.0936733c-c126-4ffa-b5d3-af75d96117c8.entryTypes.f1e49616-743e-4e6c-93f1-15beeee38852.name','\"Submission\"'),('sections.0936733c-c126-4ffa-b5d3-af75d96117c8.entryTypes.f1e49616-743e-4e6c-93f1-15beeee38852.sortOrder','1'),('sections.0936733c-c126-4ffa-b5d3-af75d96117c8.entryTypes.f1e49616-743e-4e6c-93f1-15beeee38852.titleFormat','\"\"'),('sections.0936733c-c126-4ffa-b5d3-af75d96117c8.entryTypes.f1e49616-743e-4e6c-93f1-15beeee38852.titleLabel','\"Form Submission\"'),('sections.0936733c-c126-4ffa-b5d3-af75d96117c8.handle','\"formSubmissions\"'),('sections.0936733c-c126-4ffa-b5d3-af75d96117c8.name','\"Form Submissions\"'),('sections.0936733c-c126-4ffa-b5d3-af75d96117c8.propagationMethod','\"all\"'),('sections.0936733c-c126-4ffa-b5d3-af75d96117c8.siteSettings.8d2ceaf6-270f-4376-a57e-b67d74fe3518.enabledByDefault','true'),('sections.0936733c-c126-4ffa-b5d3-af75d96117c8.siteSettings.8d2ceaf6-270f-4376-a57e-b67d74fe3518.hasUrls','false'),('sections.0936733c-c126-4ffa-b5d3-af75d96117c8.siteSettings.8d2ceaf6-270f-4376-a57e-b67d74fe3518.template','null'),('sections.0936733c-c126-4ffa-b5d3-af75d96117c8.siteSettings.8d2ceaf6-270f-4376-a57e-b67d74fe3518.uriFormat','\"\"'),('sections.0936733c-c126-4ffa-b5d3-af75d96117c8.type','\"channel\"'),('sections.1cb268c1-1b36-4ad0-a69b-c0559d0a4ea0.enableVersioning','true'),('sections.1cb268c1-1b36-4ad0-a69b-c0559d0a4ea0.entryTypes.6637f267-6f2b-4888-a86f-2bea60127eab.fieldLayouts.f7245435-6bdc-47c3-a316-531ba7e32b0d.tabs.0.fields.27eb5f6d-5e7b-4401-a20a-5259596e045a.required','false'),('sections.1cb268c1-1b36-4ad0-a69b-c0559d0a4ea0.entryTypes.6637f267-6f2b-4888-a86f-2bea60127eab.fieldLayouts.f7245435-6bdc-47c3-a316-531ba7e32b0d.tabs.0.fields.27eb5f6d-5e7b-4401-a20a-5259596e045a.sortOrder','1'),('sections.1cb268c1-1b36-4ad0-a69b-c0559d0a4ea0.entryTypes.6637f267-6f2b-4888-a86f-2bea60127eab.fieldLayouts.f7245435-6bdc-47c3-a316-531ba7e32b0d.tabs.0.name','\"Tab 1\"'),('sections.1cb268c1-1b36-4ad0-a69b-c0559d0a4ea0.entryTypes.6637f267-6f2b-4888-a86f-2bea60127eab.fieldLayouts.f7245435-6bdc-47c3-a316-531ba7e32b0d.tabs.0.sortOrder','1'),('sections.1cb268c1-1b36-4ad0-a69b-c0559d0a4ea0.entryTypes.6637f267-6f2b-4888-a86f-2bea60127eab.handle','\"footerNavigation\"'),('sections.1cb268c1-1b36-4ad0-a69b-c0559d0a4ea0.entryTypes.6637f267-6f2b-4888-a86f-2bea60127eab.hasTitleField','true'),('sections.1cb268c1-1b36-4ad0-a69b-c0559d0a4ea0.entryTypes.6637f267-6f2b-4888-a86f-2bea60127eab.name','\"Footer Navigation\"'),('sections.1cb268c1-1b36-4ad0-a69b-c0559d0a4ea0.entryTypes.6637f267-6f2b-4888-a86f-2bea60127eab.sortOrder','1'),('sections.1cb268c1-1b36-4ad0-a69b-c0559d0a4ea0.entryTypes.6637f267-6f2b-4888-a86f-2bea60127eab.titleFormat','\"\"'),('sections.1cb268c1-1b36-4ad0-a69b-c0559d0a4ea0.entryTypes.6637f267-6f2b-4888-a86f-2bea60127eab.titleLabel','\"Link Text\"'),('sections.1cb268c1-1b36-4ad0-a69b-c0559d0a4ea0.handle','\"footerNavigation\"'),('sections.1cb268c1-1b36-4ad0-a69b-c0559d0a4ea0.name','\"Footer Navigation\"'),('sections.1cb268c1-1b36-4ad0-a69b-c0559d0a4ea0.propagationMethod','\"all\"'),('sections.1cb268c1-1b36-4ad0-a69b-c0559d0a4ea0.siteSettings.8d2ceaf6-270f-4376-a57e-b67d74fe3518.enabledByDefault','true'),('sections.1cb268c1-1b36-4ad0-a69b-c0559d0a4ea0.siteSettings.8d2ceaf6-270f-4376-a57e-b67d74fe3518.hasUrls','false'),('sections.1cb268c1-1b36-4ad0-a69b-c0559d0a4ea0.siteSettings.8d2ceaf6-270f-4376-a57e-b67d74fe3518.template','null'),('sections.1cb268c1-1b36-4ad0-a69b-c0559d0a4ea0.siteSettings.8d2ceaf6-270f-4376-a57e-b67d74fe3518.uriFormat','\"\"'),('sections.1cb268c1-1b36-4ad0-a69b-c0559d0a4ea0.structure.maxLevels','2'),('sections.1cb268c1-1b36-4ad0-a69b-c0559d0a4ea0.structure.uid','\"078fbb41-9b2a-4a5c-9d2c-43213ba64328\"'),('sections.1cb268c1-1b36-4ad0-a69b-c0559d0a4ea0.type','\"structure\"'),('sections.24687ffb-2733-4ded-9c95-d3cb8b880bcb.enableVersioning','true'),('sections.24687ffb-2733-4ded-9c95-d3cb8b880bcb.entryTypes.b0447330-993f-4e72-ac21-0325868ae130.fieldLayouts.26ddf562-bd4c-4e68-b3c7-59428871e0cc.tabs.0.fields.6d0a70db-0951-40b4-9be4-1fa67bc2d9a4.required','false'),('sections.24687ffb-2733-4ded-9c95-d3cb8b880bcb.entryTypes.b0447330-993f-4e72-ac21-0325868ae130.fieldLayouts.26ddf562-bd4c-4e68-b3c7-59428871e0cc.tabs.0.fields.6d0a70db-0951-40b4-9be4-1fa67bc2d9a4.sortOrder','4'),('sections.24687ffb-2733-4ded-9c95-d3cb8b880bcb.entryTypes.b0447330-993f-4e72-ac21-0325868ae130.fieldLayouts.26ddf562-bd4c-4e68-b3c7-59428871e0cc.tabs.0.name','\"Settings\"'),('sections.24687ffb-2733-4ded-9c95-d3cb8b880bcb.entryTypes.b0447330-993f-4e72-ac21-0325868ae130.fieldLayouts.26ddf562-bd4c-4e68-b3c7-59428871e0cc.tabs.0.sortOrder','1'),('sections.24687ffb-2733-4ded-9c95-d3cb8b880bcb.entryTypes.b0447330-993f-4e72-ac21-0325868ae130.fieldLayouts.26ddf562-bd4c-4e68-b3c7-59428871e0cc.tabs.1.name','\"Form\"'),('sections.24687ffb-2733-4ded-9c95-d3cb8b880bcb.entryTypes.b0447330-993f-4e72-ac21-0325868ae130.fieldLayouts.26ddf562-bd4c-4e68-b3c7-59428871e0cc.tabs.1.sortOrder','2'),('sections.24687ffb-2733-4ded-9c95-d3cb8b880bcb.entryTypes.b0447330-993f-4e72-ac21-0325868ae130.handle','\"forms\"'),('sections.24687ffb-2733-4ded-9c95-d3cb8b880bcb.entryTypes.b0447330-993f-4e72-ac21-0325868ae130.hasTitleField','true'),('sections.24687ffb-2733-4ded-9c95-d3cb8b880bcb.entryTypes.b0447330-993f-4e72-ac21-0325868ae130.name','\"Forms\"'),('sections.24687ffb-2733-4ded-9c95-d3cb8b880bcb.entryTypes.b0447330-993f-4e72-ac21-0325868ae130.sortOrder','1'),('sections.24687ffb-2733-4ded-9c95-d3cb8b880bcb.entryTypes.b0447330-993f-4e72-ac21-0325868ae130.titleFormat','\"\"'),('sections.24687ffb-2733-4ded-9c95-d3cb8b880bcb.entryTypes.b0447330-993f-4e72-ac21-0325868ae130.titleLabel','\"Title\"'),('sections.24687ffb-2733-4ded-9c95-d3cb8b880bcb.handle','\"forms\"'),('sections.24687ffb-2733-4ded-9c95-d3cb8b880bcb.name','\"Forms\"'),('sections.24687ffb-2733-4ded-9c95-d3cb8b880bcb.propagationMethod','\"all\"'),('sections.24687ffb-2733-4ded-9c95-d3cb8b880bcb.siteSettings.8d2ceaf6-270f-4376-a57e-b67d74fe3518.enabledByDefault','true'),('sections.24687ffb-2733-4ded-9c95-d3cb8b880bcb.siteSettings.8d2ceaf6-270f-4376-a57e-b67d74fe3518.hasUrls','true'),('sections.24687ffb-2733-4ded-9c95-d3cb8b880bcb.siteSettings.8d2ceaf6-270f-4376-a57e-b67d74fe3518.template','\"_forms/index.twig\"'),('sections.24687ffb-2733-4ded-9c95-d3cb8b880bcb.siteSettings.8d2ceaf6-270f-4376-a57e-b67d74fe3518.uriFormat','\"forms/{slug}\"'),('sections.24687ffb-2733-4ded-9c95-d3cb8b880bcb.type','\"channel\"'),('sections.28b71e8e-d2dc-4c34-98c4-66e91dfbbab4.enableVersioning','true'),('sections.28b71e8e-d2dc-4c34-98c4-66e91dfbbab4.entryTypes.c7c95731-17d9-49ef-bcef-39653503472d.fieldLayouts.f40d69a2-6725-4334-9e07-082db17549df.tabs.0.fields.27eb5f6d-5e7b-4401-a20a-5259596e045a.required','true'),('sections.28b71e8e-d2dc-4c34-98c4-66e91dfbbab4.entryTypes.c7c95731-17d9-49ef-bcef-39653503472d.fieldLayouts.f40d69a2-6725-4334-9e07-082db17549df.tabs.0.fields.27eb5f6d-5e7b-4401-a20a-5259596e045a.sortOrder','1'),('sections.28b71e8e-d2dc-4c34-98c4-66e91dfbbab4.entryTypes.c7c95731-17d9-49ef-bcef-39653503472d.fieldLayouts.f40d69a2-6725-4334-9e07-082db17549df.tabs.0.name','\"Tab 1\"'),('sections.28b71e8e-d2dc-4c34-98c4-66e91dfbbab4.entryTypes.c7c95731-17d9-49ef-bcef-39653503472d.fieldLayouts.f40d69a2-6725-4334-9e07-082db17549df.tabs.0.sortOrder','1'),('sections.28b71e8e-d2dc-4c34-98c4-66e91dfbbab4.entryTypes.c7c95731-17d9-49ef-bcef-39653503472d.handle','\"utilityNavigaiton\"'),('sections.28b71e8e-d2dc-4c34-98c4-66e91dfbbab4.entryTypes.c7c95731-17d9-49ef-bcef-39653503472d.hasTitleField','true'),('sections.28b71e8e-d2dc-4c34-98c4-66e91dfbbab4.entryTypes.c7c95731-17d9-49ef-bcef-39653503472d.name','\"Utility Navigaiton\"'),('sections.28b71e8e-d2dc-4c34-98c4-66e91dfbbab4.entryTypes.c7c95731-17d9-49ef-bcef-39653503472d.sortOrder','1'),('sections.28b71e8e-d2dc-4c34-98c4-66e91dfbbab4.entryTypes.c7c95731-17d9-49ef-bcef-39653503472d.titleFormat','\"\"'),('sections.28b71e8e-d2dc-4c34-98c4-66e91dfbbab4.entryTypes.c7c95731-17d9-49ef-bcef-39653503472d.titleLabel','\"Title\"'),('sections.28b71e8e-d2dc-4c34-98c4-66e91dfbbab4.handle','\"utilityNavigaiton\"'),('sections.28b71e8e-d2dc-4c34-98c4-66e91dfbbab4.name','\"Utility Navigaiton\"'),('sections.28b71e8e-d2dc-4c34-98c4-66e91dfbbab4.propagationMethod','\"all\"'),('sections.28b71e8e-d2dc-4c34-98c4-66e91dfbbab4.siteSettings.8d2ceaf6-270f-4376-a57e-b67d74fe3518.enabledByDefault','true'),('sections.28b71e8e-d2dc-4c34-98c4-66e91dfbbab4.siteSettings.8d2ceaf6-270f-4376-a57e-b67d74fe3518.hasUrls','false'),('sections.28b71e8e-d2dc-4c34-98c4-66e91dfbbab4.siteSettings.8d2ceaf6-270f-4376-a57e-b67d74fe3518.template','null'),('sections.28b71e8e-d2dc-4c34-98c4-66e91dfbbab4.siteSettings.8d2ceaf6-270f-4376-a57e-b67d74fe3518.uriFormat','\"\"'),('sections.28b71e8e-d2dc-4c34-98c4-66e91dfbbab4.structure.maxLevels','1'),('sections.28b71e8e-d2dc-4c34-98c4-66e91dfbbab4.structure.uid','\"48f1e9cb-1c12-4337-88af-4daf19345384\"'),('sections.28b71e8e-d2dc-4c34-98c4-66e91dfbbab4.type','\"structure\"'),('sections.2f1f0ea0-4b22-4e9d-bb51-9e1e32a94cba.enableVersioning','true'),('sections.2f1f0ea0-4b22-4e9d-bb51-9e1e32a94cba.entryTypes.a8facf3b-667d-4971-b801-f9a131ffbdee.fieldLayouts.6a327dfc-42dc-4126-b5ec-12ba877b02fd.tabs.0.fields.2e2cf186-585b-46ee-a435-b3a1737847ca.required','false'),('sections.2f1f0ea0-4b22-4e9d-bb51-9e1e32a94cba.entryTypes.a8facf3b-667d-4971-b801-f9a131ffbdee.fieldLayouts.6a327dfc-42dc-4126-b5ec-12ba877b02fd.tabs.0.fields.2e2cf186-585b-46ee-a435-b3a1737847ca.sortOrder','2'),('sections.2f1f0ea0-4b22-4e9d-bb51-9e1e32a94cba.entryTypes.a8facf3b-667d-4971-b801-f9a131ffbdee.fieldLayouts.6a327dfc-42dc-4126-b5ec-12ba877b02fd.tabs.0.fields.c3700058-6021-4036-bc94-eb253d6cdb04.required','false'),('sections.2f1f0ea0-4b22-4e9d-bb51-9e1e32a94cba.entryTypes.a8facf3b-667d-4971-b801-f9a131ffbdee.fieldLayouts.6a327dfc-42dc-4126-b5ec-12ba877b02fd.tabs.0.fields.c3700058-6021-4036-bc94-eb253d6cdb04.sortOrder','4'),('sections.2f1f0ea0-4b22-4e9d-bb51-9e1e32a94cba.entryTypes.a8facf3b-667d-4971-b801-f9a131ffbdee.fieldLayouts.6a327dfc-42dc-4126-b5ec-12ba877b02fd.tabs.0.fields.e43c44da-7b7a-4acb-a650-a9759477d295.required','false'),('sections.2f1f0ea0-4b22-4e9d-bb51-9e1e32a94cba.entryTypes.a8facf3b-667d-4971-b801-f9a131ffbdee.fieldLayouts.6a327dfc-42dc-4126-b5ec-12ba877b02fd.tabs.0.fields.e43c44da-7b7a-4acb-a650-a9759477d295.sortOrder','3'),('sections.2f1f0ea0-4b22-4e9d-bb51-9e1e32a94cba.entryTypes.a8facf3b-667d-4971-b801-f9a131ffbdee.fieldLayouts.6a327dfc-42dc-4126-b5ec-12ba877b02fd.tabs.0.fields.f945ce9d-f3ac-4903-94eb-4c89c31411bf.required','true'),('sections.2f1f0ea0-4b22-4e9d-bb51-9e1e32a94cba.entryTypes.a8facf3b-667d-4971-b801-f9a131ffbdee.fieldLayouts.6a327dfc-42dc-4126-b5ec-12ba877b02fd.tabs.0.fields.f945ce9d-f3ac-4903-94eb-4c89c31411bf.sortOrder','1'),('sections.2f1f0ea0-4b22-4e9d-bb51-9e1e32a94cba.entryTypes.a8facf3b-667d-4971-b801-f9a131ffbdee.fieldLayouts.6a327dfc-42dc-4126-b5ec-12ba877b02fd.tabs.0.name','\"Details\"'),('sections.2f1f0ea0-4b22-4e9d-bb51-9e1e32a94cba.entryTypes.a8facf3b-667d-4971-b801-f9a131ffbdee.fieldLayouts.6a327dfc-42dc-4126-b5ec-12ba877b02fd.tabs.0.sortOrder','1'),('sections.2f1f0ea0-4b22-4e9d-bb51-9e1e32a94cba.entryTypes.a8facf3b-667d-4971-b801-f9a131ffbdee.fieldLayouts.6a327dfc-42dc-4126-b5ec-12ba877b02fd.tabs.1.fields.1eb0ac2f-150c-4071-b0a0-cdbc98ace82e.required','true'),('sections.2f1f0ea0-4b22-4e9d-bb51-9e1e32a94cba.entryTypes.a8facf3b-667d-4971-b801-f9a131ffbdee.fieldLayouts.6a327dfc-42dc-4126-b5ec-12ba877b02fd.tabs.1.fields.1eb0ac2f-150c-4071-b0a0-cdbc98ace82e.sortOrder','1'),('sections.2f1f0ea0-4b22-4e9d-bb51-9e1e32a94cba.entryTypes.a8facf3b-667d-4971-b801-f9a131ffbdee.fieldLayouts.6a327dfc-42dc-4126-b5ec-12ba877b02fd.tabs.1.name','\"Content\"'),('sections.2f1f0ea0-4b22-4e9d-bb51-9e1e32a94cba.entryTypes.a8facf3b-667d-4971-b801-f9a131ffbdee.fieldLayouts.6a327dfc-42dc-4126-b5ec-12ba877b02fd.tabs.1.sortOrder','2'),('sections.2f1f0ea0-4b22-4e9d-bb51-9e1e32a94cba.entryTypes.a8facf3b-667d-4971-b801-f9a131ffbdee.fieldLayouts.6a327dfc-42dc-4126-b5ec-12ba877b02fd.tabs.2.fields.f34e1148-6584-4d08-a0e3-3d253ef838b8.required','false'),('sections.2f1f0ea0-4b22-4e9d-bb51-9e1e32a94cba.entryTypes.a8facf3b-667d-4971-b801-f9a131ffbdee.fieldLayouts.6a327dfc-42dc-4126-b5ec-12ba877b02fd.tabs.2.fields.f34e1148-6584-4d08-a0e3-3d253ef838b8.sortOrder','1'),('sections.2f1f0ea0-4b22-4e9d-bb51-9e1e32a94cba.entryTypes.a8facf3b-667d-4971-b801-f9a131ffbdee.fieldLayouts.6a327dfc-42dc-4126-b5ec-12ba877b02fd.tabs.2.name','\"Settings\"'),('sections.2f1f0ea0-4b22-4e9d-bb51-9e1e32a94cba.entryTypes.a8facf3b-667d-4971-b801-f9a131ffbdee.fieldLayouts.6a327dfc-42dc-4126-b5ec-12ba877b02fd.tabs.2.sortOrder','3'),('sections.2f1f0ea0-4b22-4e9d-bb51-9e1e32a94cba.entryTypes.a8facf3b-667d-4971-b801-f9a131ffbdee.handle','\"articles\"'),('sections.2f1f0ea0-4b22-4e9d-bb51-9e1e32a94cba.entryTypes.a8facf3b-667d-4971-b801-f9a131ffbdee.hasTitleField','true'),('sections.2f1f0ea0-4b22-4e9d-bb51-9e1e32a94cba.entryTypes.a8facf3b-667d-4971-b801-f9a131ffbdee.name','\"Articles\"'),('sections.2f1f0ea0-4b22-4e9d-bb51-9e1e32a94cba.entryTypes.a8facf3b-667d-4971-b801-f9a131ffbdee.sortOrder','1'),('sections.2f1f0ea0-4b22-4e9d-bb51-9e1e32a94cba.entryTypes.a8facf3b-667d-4971-b801-f9a131ffbdee.titleFormat','\"\"'),('sections.2f1f0ea0-4b22-4e9d-bb51-9e1e32a94cba.entryTypes.a8facf3b-667d-4971-b801-f9a131ffbdee.titleLabel','\"Title\"'),('sections.2f1f0ea0-4b22-4e9d-bb51-9e1e32a94cba.handle','\"articles\"'),('sections.2f1f0ea0-4b22-4e9d-bb51-9e1e32a94cba.name','\"Articles\"'),('sections.2f1f0ea0-4b22-4e9d-bb51-9e1e32a94cba.propagationMethod','\"all\"'),('sections.2f1f0ea0-4b22-4e9d-bb51-9e1e32a94cba.siteSettings.8d2ceaf6-270f-4376-a57e-b67d74fe3518.enabledByDefault','true'),('sections.2f1f0ea0-4b22-4e9d-bb51-9e1e32a94cba.siteSettings.8d2ceaf6-270f-4376-a57e-b67d74fe3518.hasUrls','true'),('sections.2f1f0ea0-4b22-4e9d-bb51-9e1e32a94cba.siteSettings.8d2ceaf6-270f-4376-a57e-b67d74fe3518.template','\"_pages/index\"'),('sections.2f1f0ea0-4b22-4e9d-bb51-9e1e32a94cba.siteSettings.8d2ceaf6-270f-4376-a57e-b67d74fe3518.uriFormat','\"blog/{slug}\"'),('sections.2f1f0ea0-4b22-4e9d-bb51-9e1e32a94cba.type','\"channel\"'),('sections.3ac720f7-dbfb-440a-ba4d-ab09c7aa583c.enableVersioning','true'),('sections.3ac720f7-dbfb-440a-ba4d-ab09c7aa583c.entryTypes.78436d80-d50b-488d-88ad-d9c41c057dcb.fieldLayouts.9d512349-69c2-4901-8dd6-2459420aefa2.tabs.0.fields.2e2cf186-585b-46ee-a435-b3a1737847ca.required','true'),('sections.3ac720f7-dbfb-440a-ba4d-ab09c7aa583c.entryTypes.78436d80-d50b-488d-88ad-d9c41c057dcb.fieldLayouts.9d512349-69c2-4901-8dd6-2459420aefa2.tabs.0.fields.2e2cf186-585b-46ee-a435-b3a1737847ca.sortOrder','2'),('sections.3ac720f7-dbfb-440a-ba4d-ab09c7aa583c.entryTypes.78436d80-d50b-488d-88ad-d9c41c057dcb.fieldLayouts.9d512349-69c2-4901-8dd6-2459420aefa2.tabs.0.fields.ae9afa56-8cc0-4317-8b83-794e77f73e68.required','false'),('sections.3ac720f7-dbfb-440a-ba4d-ab09c7aa583c.entryTypes.78436d80-d50b-488d-88ad-d9c41c057dcb.fieldLayouts.9d512349-69c2-4901-8dd6-2459420aefa2.tabs.0.fields.ae9afa56-8cc0-4317-8b83-794e77f73e68.sortOrder','3'),('sections.3ac720f7-dbfb-440a-ba4d-ab09c7aa583c.entryTypes.78436d80-d50b-488d-88ad-d9c41c057dcb.fieldLayouts.9d512349-69c2-4901-8dd6-2459420aefa2.tabs.0.fields.f697001b-d1ba-48d7-92ee-0eb172e00ac1.required','true'),('sections.3ac720f7-dbfb-440a-ba4d-ab09c7aa583c.entryTypes.78436d80-d50b-488d-88ad-d9c41c057dcb.fieldLayouts.9d512349-69c2-4901-8dd6-2459420aefa2.tabs.0.fields.f697001b-d1ba-48d7-92ee-0eb172e00ac1.sortOrder','1'),('sections.3ac720f7-dbfb-440a-ba4d-ab09c7aa583c.entryTypes.78436d80-d50b-488d-88ad-d9c41c057dcb.fieldLayouts.9d512349-69c2-4901-8dd6-2459420aefa2.tabs.0.fields.f945ce9d-f3ac-4903-94eb-4c89c31411bf.required','false'),('sections.3ac720f7-dbfb-440a-ba4d-ab09c7aa583c.entryTypes.78436d80-d50b-488d-88ad-d9c41c057dcb.fieldLayouts.9d512349-69c2-4901-8dd6-2459420aefa2.tabs.0.fields.f945ce9d-f3ac-4903-94eb-4c89c31411bf.sortOrder','4'),('sections.3ac720f7-dbfb-440a-ba4d-ab09c7aa583c.entryTypes.78436d80-d50b-488d-88ad-d9c41c057dcb.fieldLayouts.9d512349-69c2-4901-8dd6-2459420aefa2.tabs.0.name','\"Tab 1\"'),('sections.3ac720f7-dbfb-440a-ba4d-ab09c7aa583c.entryTypes.78436d80-d50b-488d-88ad-d9c41c057dcb.fieldLayouts.9d512349-69c2-4901-8dd6-2459420aefa2.tabs.0.sortOrder','1'),('sections.3ac720f7-dbfb-440a-ba4d-ab09c7aa583c.entryTypes.78436d80-d50b-488d-88ad-d9c41c057dcb.handle','\"testimonials\"'),('sections.3ac720f7-dbfb-440a-ba4d-ab09c7aa583c.entryTypes.78436d80-d50b-488d-88ad-d9c41c057dcb.hasTitleField','true'),('sections.3ac720f7-dbfb-440a-ba4d-ab09c7aa583c.entryTypes.78436d80-d50b-488d-88ad-d9c41c057dcb.name','\"Testimonials\"'),('sections.3ac720f7-dbfb-440a-ba4d-ab09c7aa583c.entryTypes.78436d80-d50b-488d-88ad-d9c41c057dcb.sortOrder','1'),('sections.3ac720f7-dbfb-440a-ba4d-ab09c7aa583c.entryTypes.78436d80-d50b-488d-88ad-d9c41c057dcb.titleFormat','\"\"'),('sections.3ac720f7-dbfb-440a-ba4d-ab09c7aa583c.entryTypes.78436d80-d50b-488d-88ad-d9c41c057dcb.titleLabel','\"Title\"'),('sections.3ac720f7-dbfb-440a-ba4d-ab09c7aa583c.handle','\"testimonials\"'),('sections.3ac720f7-dbfb-440a-ba4d-ab09c7aa583c.name','\"Testimonials\"'),('sections.3ac720f7-dbfb-440a-ba4d-ab09c7aa583c.propagationMethod','\"all\"'),('sections.3ac720f7-dbfb-440a-ba4d-ab09c7aa583c.siteSettings.8d2ceaf6-270f-4376-a57e-b67d74fe3518.enabledByDefault','true'),('sections.3ac720f7-dbfb-440a-ba4d-ab09c7aa583c.siteSettings.8d2ceaf6-270f-4376-a57e-b67d74fe3518.hasUrls','false'),('sections.3ac720f7-dbfb-440a-ba4d-ab09c7aa583c.siteSettings.8d2ceaf6-270f-4376-a57e-b67d74fe3518.template','null'),('sections.3ac720f7-dbfb-440a-ba4d-ab09c7aa583c.siteSettings.8d2ceaf6-270f-4376-a57e-b67d74fe3518.uriFormat','\"\"'),('sections.3ac720f7-dbfb-440a-ba4d-ab09c7aa583c.type','\"channel\"'),('sections.762dff31-6995-4a69-a951-48d8e6cceb0e.enableVersioning','true'),('sections.762dff31-6995-4a69-a951-48d8e6cceb0e.entryTypes.b2fe81aa-82f5-470b-ad93-b8f4ed7a4017.fieldLayouts.c926afb9-c34e-4e6b-b32d-70861cde8a20.tabs.0.fields.f34e1148-6584-4d08-a0e3-3d253ef838b8.required','false'),('sections.762dff31-6995-4a69-a951-48d8e6cceb0e.entryTypes.b2fe81aa-82f5-470b-ad93-b8f4ed7a4017.fieldLayouts.c926afb9-c34e-4e6b-b32d-70861cde8a20.tabs.0.fields.f34e1148-6584-4d08-a0e3-3d253ef838b8.sortOrder','1'),('sections.762dff31-6995-4a69-a951-48d8e6cceb0e.entryTypes.b2fe81aa-82f5-470b-ad93-b8f4ed7a4017.fieldLayouts.c926afb9-c34e-4e6b-b32d-70861cde8a20.tabs.0.name','\"Settings\"'),('sections.762dff31-6995-4a69-a951-48d8e6cceb0e.entryTypes.b2fe81aa-82f5-470b-ad93-b8f4ed7a4017.fieldLayouts.c926afb9-c34e-4e6b-b32d-70861cde8a20.tabs.0.sortOrder','1'),('sections.762dff31-6995-4a69-a951-48d8e6cceb0e.entryTypes.b2fe81aa-82f5-470b-ad93-b8f4ed7a4017.handle','\"homepage\"'),('sections.762dff31-6995-4a69-a951-48d8e6cceb0e.entryTypes.b2fe81aa-82f5-470b-ad93-b8f4ed7a4017.hasTitleField','false'),('sections.762dff31-6995-4a69-a951-48d8e6cceb0e.entryTypes.b2fe81aa-82f5-470b-ad93-b8f4ed7a4017.name','\"Homepage\"'),('sections.762dff31-6995-4a69-a951-48d8e6cceb0e.entryTypes.b2fe81aa-82f5-470b-ad93-b8f4ed7a4017.sortOrder','1'),('sections.762dff31-6995-4a69-a951-48d8e6cceb0e.entryTypes.b2fe81aa-82f5-470b-ad93-b8f4ed7a4017.titleFormat','\"{section.name|raw}\"'),('sections.762dff31-6995-4a69-a951-48d8e6cceb0e.entryTypes.b2fe81aa-82f5-470b-ad93-b8f4ed7a4017.titleLabel','\"\"'),('sections.762dff31-6995-4a69-a951-48d8e6cceb0e.handle','\"homepage\"'),('sections.762dff31-6995-4a69-a951-48d8e6cceb0e.name','\"Homepage\"'),('sections.762dff31-6995-4a69-a951-48d8e6cceb0e.propagationMethod','\"all\"'),('sections.762dff31-6995-4a69-a951-48d8e6cceb0e.siteSettings.8d2ceaf6-270f-4376-a57e-b67d74fe3518.enabledByDefault','true'),('sections.762dff31-6995-4a69-a951-48d8e6cceb0e.siteSettings.8d2ceaf6-270f-4376-a57e-b67d74fe3518.hasUrls','true'),('sections.762dff31-6995-4a69-a951-48d8e6cceb0e.siteSettings.8d2ceaf6-270f-4376-a57e-b67d74fe3518.template','\"_pages/index\"'),('sections.762dff31-6995-4a69-a951-48d8e6cceb0e.siteSettings.8d2ceaf6-270f-4376-a57e-b67d74fe3518.uriFormat','\"__home__\"'),('sections.762dff31-6995-4a69-a951-48d8e6cceb0e.type','\"single\"'),('sections.b9215289-18df-43f7-8aec-9164cf035280.enableVersioning','true'),('sections.b9215289-18df-43f7-8aec-9164cf035280.entryTypes.952aafeb-e91d-4224-ad3f-797108e0743c.fieldLayouts.fd59a6c7-4d22-4d28-ac85-65901eeb0eef.tabs.0.fields.27eb5f6d-5e7b-4401-a20a-5259596e045a.required','false'),('sections.b9215289-18df-43f7-8aec-9164cf035280.entryTypes.952aafeb-e91d-4224-ad3f-797108e0743c.fieldLayouts.fd59a6c7-4d22-4d28-ac85-65901eeb0eef.tabs.0.fields.27eb5f6d-5e7b-4401-a20a-5259596e045a.sortOrder','1'),('sections.b9215289-18df-43f7-8aec-9164cf035280.entryTypes.952aafeb-e91d-4224-ad3f-797108e0743c.fieldLayouts.fd59a6c7-4d22-4d28-ac85-65901eeb0eef.tabs.0.name','\"Tab 1\"'),('sections.b9215289-18df-43f7-8aec-9164cf035280.entryTypes.952aafeb-e91d-4224-ad3f-797108e0743c.fieldLayouts.fd59a6c7-4d22-4d28-ac85-65901eeb0eef.tabs.0.sortOrder','1'),('sections.b9215289-18df-43f7-8aec-9164cf035280.entryTypes.952aafeb-e91d-4224-ad3f-797108e0743c.handle','\"headerNavigation\"'),('sections.b9215289-18df-43f7-8aec-9164cf035280.entryTypes.952aafeb-e91d-4224-ad3f-797108e0743c.hasTitleField','true'),('sections.b9215289-18df-43f7-8aec-9164cf035280.entryTypes.952aafeb-e91d-4224-ad3f-797108e0743c.name','\"Header Navigation\"'),('sections.b9215289-18df-43f7-8aec-9164cf035280.entryTypes.952aafeb-e91d-4224-ad3f-797108e0743c.sortOrder','1'),('sections.b9215289-18df-43f7-8aec-9164cf035280.entryTypes.952aafeb-e91d-4224-ad3f-797108e0743c.titleFormat','\"\"'),('sections.b9215289-18df-43f7-8aec-9164cf035280.entryTypes.952aafeb-e91d-4224-ad3f-797108e0743c.titleLabel','\"Link Text\"'),('sections.b9215289-18df-43f7-8aec-9164cf035280.handle','\"headerNavigation\"'),('sections.b9215289-18df-43f7-8aec-9164cf035280.name','\"Header Navigation\"'),('sections.b9215289-18df-43f7-8aec-9164cf035280.propagationMethod','\"all\"'),('sections.b9215289-18df-43f7-8aec-9164cf035280.siteSettings.8d2ceaf6-270f-4376-a57e-b67d74fe3518.enabledByDefault','true'),('sections.b9215289-18df-43f7-8aec-9164cf035280.siteSettings.8d2ceaf6-270f-4376-a57e-b67d74fe3518.hasUrls','false'),('sections.b9215289-18df-43f7-8aec-9164cf035280.siteSettings.8d2ceaf6-270f-4376-a57e-b67d74fe3518.template','null'),('sections.b9215289-18df-43f7-8aec-9164cf035280.siteSettings.8d2ceaf6-270f-4376-a57e-b67d74fe3518.uriFormat','\"\"'),('sections.b9215289-18df-43f7-8aec-9164cf035280.structure.maxLevels','2'),('sections.b9215289-18df-43f7-8aec-9164cf035280.structure.uid','\"aa94cce7-8c5f-4b20-8aa6-22825ece2c52\"'),('sections.b9215289-18df-43f7-8aec-9164cf035280.type','\"structure\"'),('sections.cefc4625-a115-4b71-b22d-5f6784b3aada.enableVersioning','true'),('sections.cefc4625-a115-4b71-b22d-5f6784b3aada.entryTypes.9fd402b7-a8f4-4f00-835e-2ee0375dd762.fieldLayouts.8171cde9-d2c7-4d54-977a-7a9d8f27a7d5.tabs.0.fields.1eb0ac2f-150c-4071-b0a0-cdbc98ace82e.required','true'),('sections.cefc4625-a115-4b71-b22d-5f6784b3aada.entryTypes.9fd402b7-a8f4-4f00-835e-2ee0375dd762.fieldLayouts.8171cde9-d2c7-4d54-977a-7a9d8f27a7d5.tabs.0.fields.1eb0ac2f-150c-4071-b0a0-cdbc98ace82e.sortOrder','1'),('sections.cefc4625-a115-4b71-b22d-5f6784b3aada.entryTypes.9fd402b7-a8f4-4f00-835e-2ee0375dd762.fieldLayouts.8171cde9-d2c7-4d54-977a-7a9d8f27a7d5.tabs.0.name','\"Content\"'),('sections.cefc4625-a115-4b71-b22d-5f6784b3aada.entryTypes.9fd402b7-a8f4-4f00-835e-2ee0375dd762.fieldLayouts.8171cde9-d2c7-4d54-977a-7a9d8f27a7d5.tabs.0.sortOrder','1'),('sections.cefc4625-a115-4b71-b22d-5f6784b3aada.entryTypes.9fd402b7-a8f4-4f00-835e-2ee0375dd762.fieldLayouts.8171cde9-d2c7-4d54-977a-7a9d8f27a7d5.tabs.1.fields.6d0a70db-0951-40b4-9be4-1fa67bc2d9a4.required','false'),('sections.cefc4625-a115-4b71-b22d-5f6784b3aada.entryTypes.9fd402b7-a8f4-4f00-835e-2ee0375dd762.fieldLayouts.8171cde9-d2c7-4d54-977a-7a9d8f27a7d5.tabs.1.fields.6d0a70db-0951-40b4-9be4-1fa67bc2d9a4.sortOrder','1'),('sections.cefc4625-a115-4b71-b22d-5f6784b3aada.entryTypes.9fd402b7-a8f4-4f00-835e-2ee0375dd762.fieldLayouts.8171cde9-d2c7-4d54-977a-7a9d8f27a7d5.tabs.1.fields.f34e1148-6584-4d08-a0e3-3d253ef838b8.required','false'),('sections.cefc4625-a115-4b71-b22d-5f6784b3aada.entryTypes.9fd402b7-a8f4-4f00-835e-2ee0375dd762.fieldLayouts.8171cde9-d2c7-4d54-977a-7a9d8f27a7d5.tabs.1.fields.f34e1148-6584-4d08-a0e3-3d253ef838b8.sortOrder','2'),('sections.cefc4625-a115-4b71-b22d-5f6784b3aada.entryTypes.9fd402b7-a8f4-4f00-835e-2ee0375dd762.fieldLayouts.8171cde9-d2c7-4d54-977a-7a9d8f27a7d5.tabs.1.name','\"Settings\"'),('sections.cefc4625-a115-4b71-b22d-5f6784b3aada.entryTypes.9fd402b7-a8f4-4f00-835e-2ee0375dd762.fieldLayouts.8171cde9-d2c7-4d54-977a-7a9d8f27a7d5.tabs.1.sortOrder','2'),('sections.cefc4625-a115-4b71-b22d-5f6784b3aada.entryTypes.9fd402b7-a8f4-4f00-835e-2ee0375dd762.handle','\"pages\"'),('sections.cefc4625-a115-4b71-b22d-5f6784b3aada.entryTypes.9fd402b7-a8f4-4f00-835e-2ee0375dd762.hasTitleField','true'),('sections.cefc4625-a115-4b71-b22d-5f6784b3aada.entryTypes.9fd402b7-a8f4-4f00-835e-2ee0375dd762.name','\"Pages\"'),('sections.cefc4625-a115-4b71-b22d-5f6784b3aada.entryTypes.9fd402b7-a8f4-4f00-835e-2ee0375dd762.sortOrder','1'),('sections.cefc4625-a115-4b71-b22d-5f6784b3aada.entryTypes.9fd402b7-a8f4-4f00-835e-2ee0375dd762.titleFormat','\"\"'),('sections.cefc4625-a115-4b71-b22d-5f6784b3aada.entryTypes.9fd402b7-a8f4-4f00-835e-2ee0375dd762.titleLabel','\"Title\"'),('sections.cefc4625-a115-4b71-b22d-5f6784b3aada.handle','\"pages\"'),('sections.cefc4625-a115-4b71-b22d-5f6784b3aada.name','\"Pages\"'),('sections.cefc4625-a115-4b71-b22d-5f6784b3aada.propagationMethod','\"all\"'),('sections.cefc4625-a115-4b71-b22d-5f6784b3aada.siteSettings.8d2ceaf6-270f-4376-a57e-b67d74fe3518.enabledByDefault','true'),('sections.cefc4625-a115-4b71-b22d-5f6784b3aada.siteSettings.8d2ceaf6-270f-4376-a57e-b67d74fe3518.hasUrls','true'),('sections.cefc4625-a115-4b71-b22d-5f6784b3aada.siteSettings.8d2ceaf6-270f-4376-a57e-b67d74fe3518.template','\"_pages/index\"'),('sections.cefc4625-a115-4b71-b22d-5f6784b3aada.siteSettings.8d2ceaf6-270f-4376-a57e-b67d74fe3518.uriFormat','\"{parent.uri}/{slug}\"'),('sections.cefc4625-a115-4b71-b22d-5f6784b3aada.structure.maxLevels','null'),('sections.cefc4625-a115-4b71-b22d-5f6784b3aada.structure.uid','\"f455c565-f7eb-4bc3-b1e3-f2e8055dc216\"'),('sections.cefc4625-a115-4b71-b22d-5f6784b3aada.type','\"structure\"'),('sections.fc636500-a798-4d09-8ecf-384a5c3239a1.enableVersioning','true'),('sections.fc636500-a798-4d09-8ecf-384a5c3239a1.entryTypes.5842aec8-f698-4140-adf9-d67bbbb03cc4.fieldLayouts.58d45f7d-7a11-4134-b995-3928e89369c7.tabs.0.fields.f34e1148-6584-4d08-a0e3-3d253ef838b8.required','false'),('sections.fc636500-a798-4d09-8ecf-384a5c3239a1.entryTypes.5842aec8-f698-4140-adf9-d67bbbb03cc4.fieldLayouts.58d45f7d-7a11-4134-b995-3928e89369c7.tabs.0.fields.f34e1148-6584-4d08-a0e3-3d253ef838b8.sortOrder','1'),('sections.fc636500-a798-4d09-8ecf-384a5c3239a1.entryTypes.5842aec8-f698-4140-adf9-d67bbbb03cc4.fieldLayouts.58d45f7d-7a11-4134-b995-3928e89369c7.tabs.0.name','\"Settings\"'),('sections.fc636500-a798-4d09-8ecf-384a5c3239a1.entryTypes.5842aec8-f698-4140-adf9-d67bbbb03cc4.fieldLayouts.58d45f7d-7a11-4134-b995-3928e89369c7.tabs.0.sortOrder','1'),('sections.fc636500-a798-4d09-8ecf-384a5c3239a1.entryTypes.5842aec8-f698-4140-adf9-d67bbbb03cc4.handle','\"blog\"'),('sections.fc636500-a798-4d09-8ecf-384a5c3239a1.entryTypes.5842aec8-f698-4140-adf9-d67bbbb03cc4.hasTitleField','false'),('sections.fc636500-a798-4d09-8ecf-384a5c3239a1.entryTypes.5842aec8-f698-4140-adf9-d67bbbb03cc4.name','\"Blog\"'),('sections.fc636500-a798-4d09-8ecf-384a5c3239a1.entryTypes.5842aec8-f698-4140-adf9-d67bbbb03cc4.sortOrder','1'),('sections.fc636500-a798-4d09-8ecf-384a5c3239a1.entryTypes.5842aec8-f698-4140-adf9-d67bbbb03cc4.titleFormat','\"{section.name|raw}\"'),('sections.fc636500-a798-4d09-8ecf-384a5c3239a1.entryTypes.5842aec8-f698-4140-adf9-d67bbbb03cc4.titleLabel','\"\"'),('sections.fc636500-a798-4d09-8ecf-384a5c3239a1.handle','\"blog\"'),('sections.fc636500-a798-4d09-8ecf-384a5c3239a1.name','\"Blog\"'),('sections.fc636500-a798-4d09-8ecf-384a5c3239a1.propagationMethod','\"all\"'),('sections.fc636500-a798-4d09-8ecf-384a5c3239a1.siteSettings.8d2ceaf6-270f-4376-a57e-b67d74fe3518.enabledByDefault','true'),('sections.fc636500-a798-4d09-8ecf-384a5c3239a1.siteSettings.8d2ceaf6-270f-4376-a57e-b67d74fe3518.hasUrls','true'),('sections.fc636500-a798-4d09-8ecf-384a5c3239a1.siteSettings.8d2ceaf6-270f-4376-a57e-b67d74fe3518.template','\"_blog/index\"'),('sections.fc636500-a798-4d09-8ecf-384a5c3239a1.siteSettings.8d2ceaf6-270f-4376-a57e-b67d74fe3518.uriFormat','\"blog\"'),('sections.fc636500-a798-4d09-8ecf-384a5c3239a1.type','\"single\"'),('siteGroups.9cabe42f-fdb6-45c1-8bdd-67c0914303ff.name','\"Boilerplate\"'),('sites.8d2ceaf6-270f-4376-a57e-b67d74fe3518.baseUrl','\"@rootUrl\"'),('sites.8d2ceaf6-270f-4376-a57e-b67d74fe3518.handle','\"default\"'),('sites.8d2ceaf6-270f-4376-a57e-b67d74fe3518.hasUrls','true'),('sites.8d2ceaf6-270f-4376-a57e-b67d74fe3518.language','\"en-US\"'),('sites.8d2ceaf6-270f-4376-a57e-b67d74fe3518.name','\"Boilerplate\"'),('sites.8d2ceaf6-270f-4376-a57e-b67d74fe3518.primary','true'),('sites.8d2ceaf6-270f-4376-a57e-b67d74fe3518.siteGroup','\"9cabe42f-fdb6-45c1-8bdd-67c0914303ff\"'),('sites.8d2ceaf6-270f-4376-a57e-b67d74fe3518.sortOrder','1'),('superTableBlockTypes.0308cdba-d447-453f-8f88-fb4230ab9f27.field','\"b7e77750-23a3-4d65-9793-70e7782204b4\"'),('superTableBlockTypes.0308cdba-d447-453f-8f88-fb4230ab9f27.fieldLayouts.8cf362e1-6695-4a85-af9d-0d9c6285ed85.tabs.0.fields.630bcfcd-7f1c-4395-9be5-63844c0edce9.required','true'),('superTableBlockTypes.0308cdba-d447-453f-8f88-fb4230ab9f27.fieldLayouts.8cf362e1-6695-4a85-af9d-0d9c6285ed85.tabs.0.fields.630bcfcd-7f1c-4395-9be5-63844c0edce9.sortOrder','2'),('superTableBlockTypes.0308cdba-d447-453f-8f88-fb4230ab9f27.fieldLayouts.8cf362e1-6695-4a85-af9d-0d9c6285ed85.tabs.0.fields.a538518b-d594-484e-a083-9f5df7dea3d9.required','false'),('superTableBlockTypes.0308cdba-d447-453f-8f88-fb4230ab9f27.fieldLayouts.8cf362e1-6695-4a85-af9d-0d9c6285ed85.tabs.0.fields.a538518b-d594-484e-a083-9f5df7dea3d9.sortOrder','1'),('superTableBlockTypes.0308cdba-d447-453f-8f88-fb4230ab9f27.fieldLayouts.8cf362e1-6695-4a85-af9d-0d9c6285ed85.tabs.0.fields.ddf74a4a-c638-4ea0-8a09-f090b9f43287.required','true'),('superTableBlockTypes.0308cdba-d447-453f-8f88-fb4230ab9f27.fieldLayouts.8cf362e1-6695-4a85-af9d-0d9c6285ed85.tabs.0.fields.ddf74a4a-c638-4ea0-8a09-f090b9f43287.sortOrder','3'),('superTableBlockTypes.0308cdba-d447-453f-8f88-fb4230ab9f27.fieldLayouts.8cf362e1-6695-4a85-af9d-0d9c6285ed85.tabs.0.name','\"Content\"'),('superTableBlockTypes.0308cdba-d447-453f-8f88-fb4230ab9f27.fieldLayouts.8cf362e1-6695-4a85-af9d-0d9c6285ed85.tabs.0.sortOrder','1'),('superTableBlockTypes.0308cdba-d447-453f-8f88-fb4230ab9f27.fields.630bcfcd-7f1c-4395-9be5-63844c0edce9.contentColumnType','\"text\"'),('superTableBlockTypes.0308cdba-d447-453f-8f88-fb4230ab9f27.fields.630bcfcd-7f1c-4395-9be5-63844c0edce9.fieldGroup','null'),('superTableBlockTypes.0308cdba-d447-453f-8f88-fb4230ab9f27.fields.630bcfcd-7f1c-4395-9be5-63844c0edce9.handle','\"heading\"'),('superTableBlockTypes.0308cdba-d447-453f-8f88-fb4230ab9f27.fields.630bcfcd-7f1c-4395-9be5-63844c0edce9.instructions','\"\"'),('superTableBlockTypes.0308cdba-d447-453f-8f88-fb4230ab9f27.fields.630bcfcd-7f1c-4395-9be5-63844c0edce9.name','\"Heading\"'),('superTableBlockTypes.0308cdba-d447-453f-8f88-fb4230ab9f27.fields.630bcfcd-7f1c-4395-9be5-63844c0edce9.searchable','true'),('superTableBlockTypes.0308cdba-d447-453f-8f88-fb4230ab9f27.fields.630bcfcd-7f1c-4395-9be5-63844c0edce9.settings.byteLimit','null'),('superTableBlockTypes.0308cdba-d447-453f-8f88-fb4230ab9f27.fields.630bcfcd-7f1c-4395-9be5-63844c0edce9.settings.charLimit','null'),('superTableBlockTypes.0308cdba-d447-453f-8f88-fb4230ab9f27.fields.630bcfcd-7f1c-4395-9be5-63844c0edce9.settings.code','\"\"'),('superTableBlockTypes.0308cdba-d447-453f-8f88-fb4230ab9f27.fields.630bcfcd-7f1c-4395-9be5-63844c0edce9.settings.columnType','null'),('superTableBlockTypes.0308cdba-d447-453f-8f88-fb4230ab9f27.fields.630bcfcd-7f1c-4395-9be5-63844c0edce9.settings.initialRows','\"4\"'),('superTableBlockTypes.0308cdba-d447-453f-8f88-fb4230ab9f27.fields.630bcfcd-7f1c-4395-9be5-63844c0edce9.settings.multiline','\"\"'),('superTableBlockTypes.0308cdba-d447-453f-8f88-fb4230ab9f27.fields.630bcfcd-7f1c-4395-9be5-63844c0edce9.settings.placeholder','\"\"'),('superTableBlockTypes.0308cdba-d447-453f-8f88-fb4230ab9f27.fields.630bcfcd-7f1c-4395-9be5-63844c0edce9.translationKeyFormat','null'),('superTableBlockTypes.0308cdba-d447-453f-8f88-fb4230ab9f27.fields.630bcfcd-7f1c-4395-9be5-63844c0edce9.translationMethod','\"none\"'),('superTableBlockTypes.0308cdba-d447-453f-8f88-fb4230ab9f27.fields.630bcfcd-7f1c-4395-9be5-63844c0edce9.type','\"craft\\\\fields\\\\PlainText\"'),('superTableBlockTypes.0308cdba-d447-453f-8f88-fb4230ab9f27.fields.a538518b-d594-484e-a083-9f5df7dea3d9.contentColumnType','\"string\"'),('superTableBlockTypes.0308cdba-d447-453f-8f88-fb4230ab9f27.fields.a538518b-d594-484e-a083-9f5df7dea3d9.fieldGroup','null'),('superTableBlockTypes.0308cdba-d447-453f-8f88-fb4230ab9f27.fields.a538518b-d594-484e-a083-9f5df7dea3d9.handle','\"icon\"'),('superTableBlockTypes.0308cdba-d447-453f-8f88-fb4230ab9f27.fields.a538518b-d594-484e-a083-9f5df7dea3d9.instructions','\"Download icons from https://fontawesome.com/\"'),('superTableBlockTypes.0308cdba-d447-453f-8f88-fb4230ab9f27.fields.a538518b-d594-484e-a083-9f5df7dea3d9.name','\"Icon\"'),('superTableBlockTypes.0308cdba-d447-453f-8f88-fb4230ab9f27.fields.a538518b-d594-484e-a083-9f5df7dea3d9.searchable','true'),('superTableBlockTypes.0308cdba-d447-453f-8f88-fb4230ab9f27.fields.a538518b-d594-484e-a083-9f5df7dea3d9.settings.allowedKinds.0','\"image\"'),('superTableBlockTypes.0308cdba-d447-453f-8f88-fb4230ab9f27.fields.a538518b-d594-484e-a083-9f5df7dea3d9.settings.defaultUploadLocationSource','\"volume:8b0fd7f7-2623-4a21-a578-698d8c0aef75\"'),('superTableBlockTypes.0308cdba-d447-453f-8f88-fb4230ab9f27.fields.a538518b-d594-484e-a083-9f5df7dea3d9.settings.defaultUploadLocationSubpath','\"\"'),('superTableBlockTypes.0308cdba-d447-453f-8f88-fb4230ab9f27.fields.a538518b-d594-484e-a083-9f5df7dea3d9.settings.limit','\"1\"'),('superTableBlockTypes.0308cdba-d447-453f-8f88-fb4230ab9f27.fields.a538518b-d594-484e-a083-9f5df7dea3d9.settings.localizeRelations','false'),('superTableBlockTypes.0308cdba-d447-453f-8f88-fb4230ab9f27.fields.a538518b-d594-484e-a083-9f5df7dea3d9.settings.restrictFiles','\"1\"'),('superTableBlockTypes.0308cdba-d447-453f-8f88-fb4230ab9f27.fields.a538518b-d594-484e-a083-9f5df7dea3d9.settings.selectionLabel','\"Add an Icon\"'),('superTableBlockTypes.0308cdba-d447-453f-8f88-fb4230ab9f27.fields.a538518b-d594-484e-a083-9f5df7dea3d9.settings.showUnpermittedFiles','false'),('superTableBlockTypes.0308cdba-d447-453f-8f88-fb4230ab9f27.fields.a538518b-d594-484e-a083-9f5df7dea3d9.settings.showUnpermittedVolumes','false'),('superTableBlockTypes.0308cdba-d447-453f-8f88-fb4230ab9f27.fields.a538518b-d594-484e-a083-9f5df7dea3d9.settings.singleUploadLocationSource','\"volume:8b0fd7f7-2623-4a21-a578-698d8c0aef75\"'),('superTableBlockTypes.0308cdba-d447-453f-8f88-fb4230ab9f27.fields.a538518b-d594-484e-a083-9f5df7dea3d9.settings.singleUploadLocationSubpath','\"\"'),('superTableBlockTypes.0308cdba-d447-453f-8f88-fb4230ab9f27.fields.a538518b-d594-484e-a083-9f5df7dea3d9.settings.source','null'),('superTableBlockTypes.0308cdba-d447-453f-8f88-fb4230ab9f27.fields.a538518b-d594-484e-a083-9f5df7dea3d9.settings.sources','\"*\"'),('superTableBlockTypes.0308cdba-d447-453f-8f88-fb4230ab9f27.fields.a538518b-d594-484e-a083-9f5df7dea3d9.settings.targetSiteId','null'),('superTableBlockTypes.0308cdba-d447-453f-8f88-fb4230ab9f27.fields.a538518b-d594-484e-a083-9f5df7dea3d9.settings.useSingleFolder','true'),('superTableBlockTypes.0308cdba-d447-453f-8f88-fb4230ab9f27.fields.a538518b-d594-484e-a083-9f5df7dea3d9.settings.validateRelatedElements','\"1\"'),('superTableBlockTypes.0308cdba-d447-453f-8f88-fb4230ab9f27.fields.a538518b-d594-484e-a083-9f5df7dea3d9.settings.viewMode','\"large\"'),('superTableBlockTypes.0308cdba-d447-453f-8f88-fb4230ab9f27.fields.a538518b-d594-484e-a083-9f5df7dea3d9.translationKeyFormat','null'),('superTableBlockTypes.0308cdba-d447-453f-8f88-fb4230ab9f27.fields.a538518b-d594-484e-a083-9f5df7dea3d9.translationMethod','\"site\"'),('superTableBlockTypes.0308cdba-d447-453f-8f88-fb4230ab9f27.fields.a538518b-d594-484e-a083-9f5df7dea3d9.type','\"craft\\\\fields\\\\Assets\"'),('superTableBlockTypes.0308cdba-d447-453f-8f88-fb4230ab9f27.fields.ddf74a4a-c638-4ea0-8a09-f090b9f43287.contentColumnType','\"text\"'),('superTableBlockTypes.0308cdba-d447-453f-8f88-fb4230ab9f27.fields.ddf74a4a-c638-4ea0-8a09-f090b9f43287.fieldGroup','null'),('superTableBlockTypes.0308cdba-d447-453f-8f88-fb4230ab9f27.fields.ddf74a4a-c638-4ea0-8a09-f090b9f43287.handle','\"briefCopy\"'),('superTableBlockTypes.0308cdba-d447-453f-8f88-fb4230ab9f27.fields.ddf74a4a-c638-4ea0-8a09-f090b9f43287.instructions','\"\"'),('superTableBlockTypes.0308cdba-d447-453f-8f88-fb4230ab9f27.fields.ddf74a4a-c638-4ea0-8a09-f090b9f43287.name','\"Brief Copy\"'),('superTableBlockTypes.0308cdba-d447-453f-8f88-fb4230ab9f27.fields.ddf74a4a-c638-4ea0-8a09-f090b9f43287.searchable','true'),('superTableBlockTypes.0308cdba-d447-453f-8f88-fb4230ab9f27.fields.ddf74a4a-c638-4ea0-8a09-f090b9f43287.settings.byteLimit','null'),('superTableBlockTypes.0308cdba-d447-453f-8f88-fb4230ab9f27.fields.ddf74a4a-c638-4ea0-8a09-f090b9f43287.settings.charLimit','null'),('superTableBlockTypes.0308cdba-d447-453f-8f88-fb4230ab9f27.fields.ddf74a4a-c638-4ea0-8a09-f090b9f43287.settings.code','\"\"'),('superTableBlockTypes.0308cdba-d447-453f-8f88-fb4230ab9f27.fields.ddf74a4a-c638-4ea0-8a09-f090b9f43287.settings.columnType','null'),('superTableBlockTypes.0308cdba-d447-453f-8f88-fb4230ab9f27.fields.ddf74a4a-c638-4ea0-8a09-f090b9f43287.settings.initialRows','\"2\"'),('superTableBlockTypes.0308cdba-d447-453f-8f88-fb4230ab9f27.fields.ddf74a4a-c638-4ea0-8a09-f090b9f43287.settings.multiline','\"1\"'),('superTableBlockTypes.0308cdba-d447-453f-8f88-fb4230ab9f27.fields.ddf74a4a-c638-4ea0-8a09-f090b9f43287.settings.placeholder','\"\"'),('superTableBlockTypes.0308cdba-d447-453f-8f88-fb4230ab9f27.fields.ddf74a4a-c638-4ea0-8a09-f090b9f43287.translationKeyFormat','null'),('superTableBlockTypes.0308cdba-d447-453f-8f88-fb4230ab9f27.fields.ddf74a4a-c638-4ea0-8a09-f090b9f43287.translationMethod','\"none\"'),('superTableBlockTypes.0308cdba-d447-453f-8f88-fb4230ab9f27.fields.ddf74a4a-c638-4ea0-8a09-f090b9f43287.type','\"craft\\\\fields\\\\PlainText\"'),('superTableBlockTypes.b8f80084-8d6e-4c07-9ccf-933bd3b3f83d.field','\"82806a86-3ff5-404a-bc1b-9819ca09c888\"'),('superTableBlockTypes.b8f80084-8d6e-4c07-9ccf-933bd3b3f83d.fieldLayouts.208e8d8b-1bd8-4c7e-b17b-66df2da0d5f3.tabs.0.fields.76f37263-7616-44be-9203-c9a00193f2f9.required','true'),('superTableBlockTypes.b8f80084-8d6e-4c07-9ccf-933bd3b3f83d.fieldLayouts.208e8d8b-1bd8-4c7e-b17b-66df2da0d5f3.tabs.0.fields.76f37263-7616-44be-9203-c9a00193f2f9.sortOrder','1'),('superTableBlockTypes.b8f80084-8d6e-4c07-9ccf-933bd3b3f83d.fieldLayouts.208e8d8b-1bd8-4c7e-b17b-66df2da0d5f3.tabs.0.fields.8049eec0-b05c-482b-820a-83a95460a262.required','false'),('superTableBlockTypes.b8f80084-8d6e-4c07-9ccf-933bd3b3f83d.fieldLayouts.208e8d8b-1bd8-4c7e-b17b-66df2da0d5f3.tabs.0.fields.8049eec0-b05c-482b-820a-83a95460a262.sortOrder','2'),('superTableBlockTypes.b8f80084-8d6e-4c07-9ccf-933bd3b3f83d.fieldLayouts.208e8d8b-1bd8-4c7e-b17b-66df2da0d5f3.tabs.0.fields.84f66ba0-cac2-484e-b97c-e3a5081a4e65.required','false'),('superTableBlockTypes.b8f80084-8d6e-4c07-9ccf-933bd3b3f83d.fieldLayouts.208e8d8b-1bd8-4c7e-b17b-66df2da0d5f3.tabs.0.fields.84f66ba0-cac2-484e-b97c-e3a5081a4e65.sortOrder','5'),('superTableBlockTypes.b8f80084-8d6e-4c07-9ccf-933bd3b3f83d.fieldLayouts.208e8d8b-1bd8-4c7e-b17b-66df2da0d5f3.tabs.0.fields.9f0fd987-261e-4cf3-b47b-ff56a9175a77.required','false'),('superTableBlockTypes.b8f80084-8d6e-4c07-9ccf-933bd3b3f83d.fieldLayouts.208e8d8b-1bd8-4c7e-b17b-66df2da0d5f3.tabs.0.fields.9f0fd987-261e-4cf3-b47b-ff56a9175a77.sortOrder','4'),('superTableBlockTypes.b8f80084-8d6e-4c07-9ccf-933bd3b3f83d.fieldLayouts.208e8d8b-1bd8-4c7e-b17b-66df2da0d5f3.tabs.0.fields.e659771a-929a-41d2-bab4-9f6dd3ee21aa.required','false'),('superTableBlockTypes.b8f80084-8d6e-4c07-9ccf-933bd3b3f83d.fieldLayouts.208e8d8b-1bd8-4c7e-b17b-66df2da0d5f3.tabs.0.fields.e659771a-929a-41d2-bab4-9f6dd3ee21aa.sortOrder','3'),('superTableBlockTypes.b8f80084-8d6e-4c07-9ccf-933bd3b3f83d.fieldLayouts.208e8d8b-1bd8-4c7e-b17b-66df2da0d5f3.tabs.0.name','\"Content\"'),('superTableBlockTypes.b8f80084-8d6e-4c07-9ccf-933bd3b3f83d.fieldLayouts.208e8d8b-1bd8-4c7e-b17b-66df2da0d5f3.tabs.0.sortOrder','1'),('superTableBlockTypes.b8f80084-8d6e-4c07-9ccf-933bd3b3f83d.fields.76f37263-7616-44be-9203-c9a00193f2f9.contentColumnType','\"string\"'),('superTableBlockTypes.b8f80084-8d6e-4c07-9ccf-933bd3b3f83d.fields.76f37263-7616-44be-9203-c9a00193f2f9.fieldGroup','null'),('superTableBlockTypes.b8f80084-8d6e-4c07-9ccf-933bd3b3f83d.fields.76f37263-7616-44be-9203-c9a00193f2f9.handle','\"backgroundImage\"'),('superTableBlockTypes.b8f80084-8d6e-4c07-9ccf-933bd3b3f83d.fields.76f37263-7616-44be-9203-c9a00193f2f9.instructions','\"\"'),('superTableBlockTypes.b8f80084-8d6e-4c07-9ccf-933bd3b3f83d.fields.76f37263-7616-44be-9203-c9a00193f2f9.name','\"Background Image\"'),('superTableBlockTypes.b8f80084-8d6e-4c07-9ccf-933bd3b3f83d.fields.76f37263-7616-44be-9203-c9a00193f2f9.searchable','false'),('superTableBlockTypes.b8f80084-8d6e-4c07-9ccf-933bd3b3f83d.fields.76f37263-7616-44be-9203-c9a00193f2f9.settings.allowedKinds.0','\"image\"'),('superTableBlockTypes.b8f80084-8d6e-4c07-9ccf-933bd3b3f83d.fields.76f37263-7616-44be-9203-c9a00193f2f9.settings.defaultUploadLocationSource','\"volume:8b0fd7f7-2623-4a21-a578-698d8c0aef75\"'),('superTableBlockTypes.b8f80084-8d6e-4c07-9ccf-933bd3b3f83d.fields.76f37263-7616-44be-9203-c9a00193f2f9.settings.defaultUploadLocationSubpath','\"\"'),('superTableBlockTypes.b8f80084-8d6e-4c07-9ccf-933bd3b3f83d.fields.76f37263-7616-44be-9203-c9a00193f2f9.settings.limit','\"1\"'),('superTableBlockTypes.b8f80084-8d6e-4c07-9ccf-933bd3b3f83d.fields.76f37263-7616-44be-9203-c9a00193f2f9.settings.localizeRelations','false'),('superTableBlockTypes.b8f80084-8d6e-4c07-9ccf-933bd3b3f83d.fields.76f37263-7616-44be-9203-c9a00193f2f9.settings.restrictFiles','\"1\"'),('superTableBlockTypes.b8f80084-8d6e-4c07-9ccf-933bd3b3f83d.fields.76f37263-7616-44be-9203-c9a00193f2f9.settings.selectionLabel','\"Add a Background Image\"'),('superTableBlockTypes.b8f80084-8d6e-4c07-9ccf-933bd3b3f83d.fields.76f37263-7616-44be-9203-c9a00193f2f9.settings.showUnpermittedFiles','false'),('superTableBlockTypes.b8f80084-8d6e-4c07-9ccf-933bd3b3f83d.fields.76f37263-7616-44be-9203-c9a00193f2f9.settings.showUnpermittedVolumes','false'),('superTableBlockTypes.b8f80084-8d6e-4c07-9ccf-933bd3b3f83d.fields.76f37263-7616-44be-9203-c9a00193f2f9.settings.singleUploadLocationSource','\"volume:8b0fd7f7-2623-4a21-a578-698d8c0aef75\"'),('superTableBlockTypes.b8f80084-8d6e-4c07-9ccf-933bd3b3f83d.fields.76f37263-7616-44be-9203-c9a00193f2f9.settings.singleUploadLocationSubpath','\"\"'),('superTableBlockTypes.b8f80084-8d6e-4c07-9ccf-933bd3b3f83d.fields.76f37263-7616-44be-9203-c9a00193f2f9.settings.source','null'),('superTableBlockTypes.b8f80084-8d6e-4c07-9ccf-933bd3b3f83d.fields.76f37263-7616-44be-9203-c9a00193f2f9.settings.sources','\"*\"'),('superTableBlockTypes.b8f80084-8d6e-4c07-9ccf-933bd3b3f83d.fields.76f37263-7616-44be-9203-c9a00193f2f9.settings.targetSiteId','null'),('superTableBlockTypes.b8f80084-8d6e-4c07-9ccf-933bd3b3f83d.fields.76f37263-7616-44be-9203-c9a00193f2f9.settings.useSingleFolder','true'),('superTableBlockTypes.b8f80084-8d6e-4c07-9ccf-933bd3b3f83d.fields.76f37263-7616-44be-9203-c9a00193f2f9.settings.validateRelatedElements','\"1\"'),('superTableBlockTypes.b8f80084-8d6e-4c07-9ccf-933bd3b3f83d.fields.76f37263-7616-44be-9203-c9a00193f2f9.settings.viewMode','\"large\"'),('superTableBlockTypes.b8f80084-8d6e-4c07-9ccf-933bd3b3f83d.fields.76f37263-7616-44be-9203-c9a00193f2f9.translationKeyFormat','null'),('superTableBlockTypes.b8f80084-8d6e-4c07-9ccf-933bd3b3f83d.fields.76f37263-7616-44be-9203-c9a00193f2f9.translationMethod','\"site\"'),('superTableBlockTypes.b8f80084-8d6e-4c07-9ccf-933bd3b3f83d.fields.76f37263-7616-44be-9203-c9a00193f2f9.type','\"craft\\\\fields\\\\Assets\"'),('superTableBlockTypes.b8f80084-8d6e-4c07-9ccf-933bd3b3f83d.fields.8049eec0-b05c-482b-820a-83a95460a262.contentColumnType','\"text\"'),('superTableBlockTypes.b8f80084-8d6e-4c07-9ccf-933bd3b3f83d.fields.8049eec0-b05c-482b-820a-83a95460a262.fieldGroup','null'),('superTableBlockTypes.b8f80084-8d6e-4c07-9ccf-933bd3b3f83d.fields.8049eec0-b05c-482b-820a-83a95460a262.handle','\"heading\"'),('superTableBlockTypes.b8f80084-8d6e-4c07-9ccf-933bd3b3f83d.fields.8049eec0-b05c-482b-820a-83a95460a262.instructions','\"\"'),('superTableBlockTypes.b8f80084-8d6e-4c07-9ccf-933bd3b3f83d.fields.8049eec0-b05c-482b-820a-83a95460a262.name','\"Heading\"'),('superTableBlockTypes.b8f80084-8d6e-4c07-9ccf-933bd3b3f83d.fields.8049eec0-b05c-482b-820a-83a95460a262.searchable','true'),('superTableBlockTypes.b8f80084-8d6e-4c07-9ccf-933bd3b3f83d.fields.8049eec0-b05c-482b-820a-83a95460a262.settings.byteLimit','null'),('superTableBlockTypes.b8f80084-8d6e-4c07-9ccf-933bd3b3f83d.fields.8049eec0-b05c-482b-820a-83a95460a262.settings.charLimit','null'),('superTableBlockTypes.b8f80084-8d6e-4c07-9ccf-933bd3b3f83d.fields.8049eec0-b05c-482b-820a-83a95460a262.settings.code','\"\"'),('superTableBlockTypes.b8f80084-8d6e-4c07-9ccf-933bd3b3f83d.fields.8049eec0-b05c-482b-820a-83a95460a262.settings.columnType','null'),('superTableBlockTypes.b8f80084-8d6e-4c07-9ccf-933bd3b3f83d.fields.8049eec0-b05c-482b-820a-83a95460a262.settings.initialRows','\"4\"'),('superTableBlockTypes.b8f80084-8d6e-4c07-9ccf-933bd3b3f83d.fields.8049eec0-b05c-482b-820a-83a95460a262.settings.multiline','\"\"'),('superTableBlockTypes.b8f80084-8d6e-4c07-9ccf-933bd3b3f83d.fields.8049eec0-b05c-482b-820a-83a95460a262.settings.placeholder','\"\"'),('superTableBlockTypes.b8f80084-8d6e-4c07-9ccf-933bd3b3f83d.fields.8049eec0-b05c-482b-820a-83a95460a262.translationKeyFormat','null'),('superTableBlockTypes.b8f80084-8d6e-4c07-9ccf-933bd3b3f83d.fields.8049eec0-b05c-482b-820a-83a95460a262.translationMethod','\"none\"'),('superTableBlockTypes.b8f80084-8d6e-4c07-9ccf-933bd3b3f83d.fields.8049eec0-b05c-482b-820a-83a95460a262.type','\"craft\\\\fields\\\\PlainText\"'),('superTableBlockTypes.b8f80084-8d6e-4c07-9ccf-933bd3b3f83d.fields.84f66ba0-cac2-484e-b97c-e3a5081a4e65.contentColumnType','\"text\"'),('superTableBlockTypes.b8f80084-8d6e-4c07-9ccf-933bd3b3f83d.fields.84f66ba0-cac2-484e-b97c-e3a5081a4e65.fieldGroup','null'),('superTableBlockTypes.b8f80084-8d6e-4c07-9ccf-933bd3b3f83d.fields.84f66ba0-cac2-484e-b97c-e3a5081a4e65.handle','\"secondaryAction\"'),('superTableBlockTypes.b8f80084-8d6e-4c07-9ccf-933bd3b3f83d.fields.84f66ba0-cac2-484e-b97c-e3a5081a4e65.instructions','\"\"'),('superTableBlockTypes.b8f80084-8d6e-4c07-9ccf-933bd3b3f83d.fields.84f66ba0-cac2-484e-b97c-e3a5081a4e65.name','\"Secondary Action\"'),('superTableBlockTypes.b8f80084-8d6e-4c07-9ccf-933bd3b3f83d.fields.84f66ba0-cac2-484e-b97c-e3a5081a4e65.searchable','false'),('superTableBlockTypes.b8f80084-8d6e-4c07-9ccf-933bd3b3f83d.fields.84f66ba0-cac2-484e-b97c-e3a5081a4e65.settings.allowCustomText','\"1\"'),('superTableBlockTypes.b8f80084-8d6e-4c07-9ccf-933bd3b3f83d.fields.84f66ba0-cac2-484e-b97c-e3a5081a4e65.settings.allowedLinkNames.3','\"entry\"'),('superTableBlockTypes.b8f80084-8d6e-4c07-9ccf-933bd3b3f83d.fields.84f66ba0-cac2-484e-b97c-e3a5081a4e65.settings.allowedLinkNames.6','\"custom\"'),('superTableBlockTypes.b8f80084-8d6e-4c07-9ccf-933bd3b3f83d.fields.84f66ba0-cac2-484e-b97c-e3a5081a4e65.settings.allowedLinkNames.7','\"email\"'),('superTableBlockTypes.b8f80084-8d6e-4c07-9ccf-933bd3b3f83d.fields.84f66ba0-cac2-484e-b97c-e3a5081a4e65.settings.allowedLinkNames.8','\"tel\"'),('superTableBlockTypes.b8f80084-8d6e-4c07-9ccf-933bd3b3f83d.fields.84f66ba0-cac2-484e-b97c-e3a5081a4e65.settings.allowTarget','\"\"'),('superTableBlockTypes.b8f80084-8d6e-4c07-9ccf-933bd3b3f83d.fields.84f66ba0-cac2-484e-b97c-e3a5081a4e65.settings.autoNoReferrer','\"\"'),('superTableBlockTypes.b8f80084-8d6e-4c07-9ccf-933bd3b3f83d.fields.84f66ba0-cac2-484e-b97c-e3a5081a4e65.settings.defaultLinkName','\"entry\"'),('superTableBlockTypes.b8f80084-8d6e-4c07-9ccf-933bd3b3f83d.fields.84f66ba0-cac2-484e-b97c-e3a5081a4e65.settings.defaultText','\"\"'),('superTableBlockTypes.b8f80084-8d6e-4c07-9ccf-933bd3b3f83d.fields.84f66ba0-cac2-484e-b97c-e3a5081a4e65.settings.enableAriaLabel','\"\"'),('superTableBlockTypes.b8f80084-8d6e-4c07-9ccf-933bd3b3f83d.fields.84f66ba0-cac2-484e-b97c-e3a5081a4e65.settings.enableTitle','\"\"'),('superTableBlockTypes.b8f80084-8d6e-4c07-9ccf-933bd3b3f83d.fields.84f66ba0-cac2-484e-b97c-e3a5081a4e65.settings.typeSettings.__assoc__.0.0','\"asset\"'),('superTableBlockTypes.b8f80084-8d6e-4c07-9ccf-933bd3b3f83d.fields.84f66ba0-cac2-484e-b97c-e3a5081a4e65.settings.typeSettings.__assoc__.0.1.__assoc__.0.0','\"sources\"'),('superTableBlockTypes.b8f80084-8d6e-4c07-9ccf-933bd3b3f83d.fields.84f66ba0-cac2-484e-b97c-e3a5081a4e65.settings.typeSettings.__assoc__.0.1.__assoc__.0.1','\"*\"'),('superTableBlockTypes.b8f80084-8d6e-4c07-9ccf-933bd3b3f83d.fields.84f66ba0-cac2-484e-b97c-e3a5081a4e65.settings.typeSettings.__assoc__.0.1.__assoc__.1.0','\"allowCustomQuery\"'),('superTableBlockTypes.b8f80084-8d6e-4c07-9ccf-933bd3b3f83d.fields.84f66ba0-cac2-484e-b97c-e3a5081a4e65.settings.typeSettings.__assoc__.0.1.__assoc__.1.1','\"\"'),('superTableBlockTypes.b8f80084-8d6e-4c07-9ccf-933bd3b3f83d.fields.84f66ba0-cac2-484e-b97c-e3a5081a4e65.settings.typeSettings.__assoc__.1.0','\"category\"'),('superTableBlockTypes.b8f80084-8d6e-4c07-9ccf-933bd3b3f83d.fields.84f66ba0-cac2-484e-b97c-e3a5081a4e65.settings.typeSettings.__assoc__.1.1.__assoc__.0.0','\"sources\"'),('superTableBlockTypes.b8f80084-8d6e-4c07-9ccf-933bd3b3f83d.fields.84f66ba0-cac2-484e-b97c-e3a5081a4e65.settings.typeSettings.__assoc__.1.1.__assoc__.0.1','\"*\"'),('superTableBlockTypes.b8f80084-8d6e-4c07-9ccf-933bd3b3f83d.fields.84f66ba0-cac2-484e-b97c-e3a5081a4e65.settings.typeSettings.__assoc__.1.1.__assoc__.1.0','\"allowCustomQuery\"'),('superTableBlockTypes.b8f80084-8d6e-4c07-9ccf-933bd3b3f83d.fields.84f66ba0-cac2-484e-b97c-e3a5081a4e65.settings.typeSettings.__assoc__.1.1.__assoc__.1.1','\"\"'),('superTableBlockTypes.b8f80084-8d6e-4c07-9ccf-933bd3b3f83d.fields.84f66ba0-cac2-484e-b97c-e3a5081a4e65.settings.typeSettings.__assoc__.2.0','\"entry\"'),('superTableBlockTypes.b8f80084-8d6e-4c07-9ccf-933bd3b3f83d.fields.84f66ba0-cac2-484e-b97c-e3a5081a4e65.settings.typeSettings.__assoc__.2.1.__assoc__.0.0','\"sources\"'),('superTableBlockTypes.b8f80084-8d6e-4c07-9ccf-933bd3b3f83d.fields.84f66ba0-cac2-484e-b97c-e3a5081a4e65.settings.typeSettings.__assoc__.2.1.__assoc__.0.1.0','\"singles\"'),('superTableBlockTypes.b8f80084-8d6e-4c07-9ccf-933bd3b3f83d.fields.84f66ba0-cac2-484e-b97c-e3a5081a4e65.settings.typeSettings.__assoc__.2.1.__assoc__.0.1.1','\"section:2f1f0ea0-4b22-4e9d-bb51-9e1e32a94cba\"'),('superTableBlockTypes.b8f80084-8d6e-4c07-9ccf-933bd3b3f83d.fields.84f66ba0-cac2-484e-b97c-e3a5081a4e65.settings.typeSettings.__assoc__.2.1.__assoc__.0.1.2','\"section:cefc4625-a115-4b71-b22d-5f6784b3aada\"'),('superTableBlockTypes.b8f80084-8d6e-4c07-9ccf-933bd3b3f83d.fields.84f66ba0-cac2-484e-b97c-e3a5081a4e65.settings.typeSettings.__assoc__.2.1.__assoc__.1.0','\"allowCustomQuery\"'),('superTableBlockTypes.b8f80084-8d6e-4c07-9ccf-933bd3b3f83d.fields.84f66ba0-cac2-484e-b97c-e3a5081a4e65.settings.typeSettings.__assoc__.2.1.__assoc__.1.1','\"\"'),('superTableBlockTypes.b8f80084-8d6e-4c07-9ccf-933bd3b3f83d.fields.84f66ba0-cac2-484e-b97c-e3a5081a4e65.settings.typeSettings.__assoc__.3.0','\"site\"'),('superTableBlockTypes.b8f80084-8d6e-4c07-9ccf-933bd3b3f83d.fields.84f66ba0-cac2-484e-b97c-e3a5081a4e65.settings.typeSettings.__assoc__.3.1.__assoc__.0.0','\"sites\"'),('superTableBlockTypes.b8f80084-8d6e-4c07-9ccf-933bd3b3f83d.fields.84f66ba0-cac2-484e-b97c-e3a5081a4e65.settings.typeSettings.__assoc__.3.1.__assoc__.0.1','\"*\"'),('superTableBlockTypes.b8f80084-8d6e-4c07-9ccf-933bd3b3f83d.fields.84f66ba0-cac2-484e-b97c-e3a5081a4e65.settings.typeSettings.__assoc__.4.0','\"user\"'),('superTableBlockTypes.b8f80084-8d6e-4c07-9ccf-933bd3b3f83d.fields.84f66ba0-cac2-484e-b97c-e3a5081a4e65.settings.typeSettings.__assoc__.4.1.__assoc__.0.0','\"sources\"'),('superTableBlockTypes.b8f80084-8d6e-4c07-9ccf-933bd3b3f83d.fields.84f66ba0-cac2-484e-b97c-e3a5081a4e65.settings.typeSettings.__assoc__.4.1.__assoc__.0.1','\"*\"'),('superTableBlockTypes.b8f80084-8d6e-4c07-9ccf-933bd3b3f83d.fields.84f66ba0-cac2-484e-b97c-e3a5081a4e65.settings.typeSettings.__assoc__.4.1.__assoc__.1.0','\"allowCustomQuery\"'),('superTableBlockTypes.b8f80084-8d6e-4c07-9ccf-933bd3b3f83d.fields.84f66ba0-cac2-484e-b97c-e3a5081a4e65.settings.typeSettings.__assoc__.4.1.__assoc__.1.1','\"\"'),('superTableBlockTypes.b8f80084-8d6e-4c07-9ccf-933bd3b3f83d.fields.84f66ba0-cac2-484e-b97c-e3a5081a4e65.settings.typeSettings.__assoc__.5.0','\"custom\"'),('superTableBlockTypes.b8f80084-8d6e-4c07-9ccf-933bd3b3f83d.fields.84f66ba0-cac2-484e-b97c-e3a5081a4e65.settings.typeSettings.__assoc__.5.1.__assoc__.0.0','\"disableValidation\"'),('superTableBlockTypes.b8f80084-8d6e-4c07-9ccf-933bd3b3f83d.fields.84f66ba0-cac2-484e-b97c-e3a5081a4e65.settings.typeSettings.__assoc__.5.1.__assoc__.0.1','\"\"'),('superTableBlockTypes.b8f80084-8d6e-4c07-9ccf-933bd3b3f83d.fields.84f66ba0-cac2-484e-b97c-e3a5081a4e65.settings.typeSettings.__assoc__.5.1.__assoc__.1.0','\"allowAliases\"'),('superTableBlockTypes.b8f80084-8d6e-4c07-9ccf-933bd3b3f83d.fields.84f66ba0-cac2-484e-b97c-e3a5081a4e65.settings.typeSettings.__assoc__.5.1.__assoc__.1.1','\"\"'),('superTableBlockTypes.b8f80084-8d6e-4c07-9ccf-933bd3b3f83d.fields.84f66ba0-cac2-484e-b97c-e3a5081a4e65.settings.typeSettings.__assoc__.6.0','\"email\"'),('superTableBlockTypes.b8f80084-8d6e-4c07-9ccf-933bd3b3f83d.fields.84f66ba0-cac2-484e-b97c-e3a5081a4e65.settings.typeSettings.__assoc__.6.1.__assoc__.0.0','\"disableValidation\"'),('superTableBlockTypes.b8f80084-8d6e-4c07-9ccf-933bd3b3f83d.fields.84f66ba0-cac2-484e-b97c-e3a5081a4e65.settings.typeSettings.__assoc__.6.1.__assoc__.0.1','\"\"'),('superTableBlockTypes.b8f80084-8d6e-4c07-9ccf-933bd3b3f83d.fields.84f66ba0-cac2-484e-b97c-e3a5081a4e65.settings.typeSettings.__assoc__.6.1.__assoc__.1.0','\"allowAliases\"'),('superTableBlockTypes.b8f80084-8d6e-4c07-9ccf-933bd3b3f83d.fields.84f66ba0-cac2-484e-b97c-e3a5081a4e65.settings.typeSettings.__assoc__.6.1.__assoc__.1.1','\"\"'),('superTableBlockTypes.b8f80084-8d6e-4c07-9ccf-933bd3b3f83d.fields.84f66ba0-cac2-484e-b97c-e3a5081a4e65.settings.typeSettings.__assoc__.7.0','\"tel\"'),('superTableBlockTypes.b8f80084-8d6e-4c07-9ccf-933bd3b3f83d.fields.84f66ba0-cac2-484e-b97c-e3a5081a4e65.settings.typeSettings.__assoc__.7.1.__assoc__.0.0','\"disableValidation\"'),('superTableBlockTypes.b8f80084-8d6e-4c07-9ccf-933bd3b3f83d.fields.84f66ba0-cac2-484e-b97c-e3a5081a4e65.settings.typeSettings.__assoc__.7.1.__assoc__.0.1','\"\"'),('superTableBlockTypes.b8f80084-8d6e-4c07-9ccf-933bd3b3f83d.fields.84f66ba0-cac2-484e-b97c-e3a5081a4e65.settings.typeSettings.__assoc__.7.1.__assoc__.1.0','\"allowAliases\"'),('superTableBlockTypes.b8f80084-8d6e-4c07-9ccf-933bd3b3f83d.fields.84f66ba0-cac2-484e-b97c-e3a5081a4e65.settings.typeSettings.__assoc__.7.1.__assoc__.1.1','\"\"'),('superTableBlockTypes.b8f80084-8d6e-4c07-9ccf-933bd3b3f83d.fields.84f66ba0-cac2-484e-b97c-e3a5081a4e65.settings.typeSettings.__assoc__.8.0','\"url\"'),('superTableBlockTypes.b8f80084-8d6e-4c07-9ccf-933bd3b3f83d.fields.84f66ba0-cac2-484e-b97c-e3a5081a4e65.settings.typeSettings.__assoc__.8.1.__assoc__.0.0','\"disableValidation\"'),('superTableBlockTypes.b8f80084-8d6e-4c07-9ccf-933bd3b3f83d.fields.84f66ba0-cac2-484e-b97c-e3a5081a4e65.settings.typeSettings.__assoc__.8.1.__assoc__.0.1','\"\"'),('superTableBlockTypes.b8f80084-8d6e-4c07-9ccf-933bd3b3f83d.fields.84f66ba0-cac2-484e-b97c-e3a5081a4e65.settings.typeSettings.__assoc__.8.1.__assoc__.1.0','\"allowAliases\"'),('superTableBlockTypes.b8f80084-8d6e-4c07-9ccf-933bd3b3f83d.fields.84f66ba0-cac2-484e-b97c-e3a5081a4e65.settings.typeSettings.__assoc__.8.1.__assoc__.1.1','\"\"'),('superTableBlockTypes.b8f80084-8d6e-4c07-9ccf-933bd3b3f83d.fields.84f66ba0-cac2-484e-b97c-e3a5081a4e65.translationKeyFormat','null'),('superTableBlockTypes.b8f80084-8d6e-4c07-9ccf-933bd3b3f83d.fields.84f66ba0-cac2-484e-b97c-e3a5081a4e65.translationMethod','\"none\"'),('superTableBlockTypes.b8f80084-8d6e-4c07-9ccf-933bd3b3f83d.fields.84f66ba0-cac2-484e-b97c-e3a5081a4e65.type','\"typedlinkfield\\\\fields\\\\LinkField\"'),('superTableBlockTypes.b8f80084-8d6e-4c07-9ccf-933bd3b3f83d.fields.9f0fd987-261e-4cf3-b47b-ff56a9175a77.contentColumnType','\"text\"'),('superTableBlockTypes.b8f80084-8d6e-4c07-9ccf-933bd3b3f83d.fields.9f0fd987-261e-4cf3-b47b-ff56a9175a77.fieldGroup','null'),('superTableBlockTypes.b8f80084-8d6e-4c07-9ccf-933bd3b3f83d.fields.9f0fd987-261e-4cf3-b47b-ff56a9175a77.handle','\"callToAction\"'),('superTableBlockTypes.b8f80084-8d6e-4c07-9ccf-933bd3b3f83d.fields.9f0fd987-261e-4cf3-b47b-ff56a9175a77.instructions','\"\"'),('superTableBlockTypes.b8f80084-8d6e-4c07-9ccf-933bd3b3f83d.fields.9f0fd987-261e-4cf3-b47b-ff56a9175a77.name','\"Call to Action\"'),('superTableBlockTypes.b8f80084-8d6e-4c07-9ccf-933bd3b3f83d.fields.9f0fd987-261e-4cf3-b47b-ff56a9175a77.searchable','false'),('superTableBlockTypes.b8f80084-8d6e-4c07-9ccf-933bd3b3f83d.fields.9f0fd987-261e-4cf3-b47b-ff56a9175a77.settings.allowCustomText','\"1\"'),('superTableBlockTypes.b8f80084-8d6e-4c07-9ccf-933bd3b3f83d.fields.9f0fd987-261e-4cf3-b47b-ff56a9175a77.settings.allowedLinkNames.3','\"entry\"'),('superTableBlockTypes.b8f80084-8d6e-4c07-9ccf-933bd3b3f83d.fields.9f0fd987-261e-4cf3-b47b-ff56a9175a77.settings.allowedLinkNames.6','\"custom\"'),('superTableBlockTypes.b8f80084-8d6e-4c07-9ccf-933bd3b3f83d.fields.9f0fd987-261e-4cf3-b47b-ff56a9175a77.settings.allowedLinkNames.7','\"email\"'),('superTableBlockTypes.b8f80084-8d6e-4c07-9ccf-933bd3b3f83d.fields.9f0fd987-261e-4cf3-b47b-ff56a9175a77.settings.allowedLinkNames.8','\"tel\"'),('superTableBlockTypes.b8f80084-8d6e-4c07-9ccf-933bd3b3f83d.fields.9f0fd987-261e-4cf3-b47b-ff56a9175a77.settings.allowTarget','\"\"'),('superTableBlockTypes.b8f80084-8d6e-4c07-9ccf-933bd3b3f83d.fields.9f0fd987-261e-4cf3-b47b-ff56a9175a77.settings.autoNoReferrer','\"\"'),('superTableBlockTypes.b8f80084-8d6e-4c07-9ccf-933bd3b3f83d.fields.9f0fd987-261e-4cf3-b47b-ff56a9175a77.settings.defaultLinkName','\"entry\"'),('superTableBlockTypes.b8f80084-8d6e-4c07-9ccf-933bd3b3f83d.fields.9f0fd987-261e-4cf3-b47b-ff56a9175a77.settings.defaultText','\"\"'),('superTableBlockTypes.b8f80084-8d6e-4c07-9ccf-933bd3b3f83d.fields.9f0fd987-261e-4cf3-b47b-ff56a9175a77.settings.enableAriaLabel','\"\"'),('superTableBlockTypes.b8f80084-8d6e-4c07-9ccf-933bd3b3f83d.fields.9f0fd987-261e-4cf3-b47b-ff56a9175a77.settings.enableTitle','\"\"'),('superTableBlockTypes.b8f80084-8d6e-4c07-9ccf-933bd3b3f83d.fields.9f0fd987-261e-4cf3-b47b-ff56a9175a77.settings.typeSettings.__assoc__.0.0','\"asset\"'),('superTableBlockTypes.b8f80084-8d6e-4c07-9ccf-933bd3b3f83d.fields.9f0fd987-261e-4cf3-b47b-ff56a9175a77.settings.typeSettings.__assoc__.0.1.__assoc__.0.0','\"sources\"'),('superTableBlockTypes.b8f80084-8d6e-4c07-9ccf-933bd3b3f83d.fields.9f0fd987-261e-4cf3-b47b-ff56a9175a77.settings.typeSettings.__assoc__.0.1.__assoc__.0.1','\"*\"'),('superTableBlockTypes.b8f80084-8d6e-4c07-9ccf-933bd3b3f83d.fields.9f0fd987-261e-4cf3-b47b-ff56a9175a77.settings.typeSettings.__assoc__.0.1.__assoc__.1.0','\"allowCustomQuery\"'),('superTableBlockTypes.b8f80084-8d6e-4c07-9ccf-933bd3b3f83d.fields.9f0fd987-261e-4cf3-b47b-ff56a9175a77.settings.typeSettings.__assoc__.0.1.__assoc__.1.1','\"\"'),('superTableBlockTypes.b8f80084-8d6e-4c07-9ccf-933bd3b3f83d.fields.9f0fd987-261e-4cf3-b47b-ff56a9175a77.settings.typeSettings.__assoc__.1.0','\"category\"'),('superTableBlockTypes.b8f80084-8d6e-4c07-9ccf-933bd3b3f83d.fields.9f0fd987-261e-4cf3-b47b-ff56a9175a77.settings.typeSettings.__assoc__.1.1.__assoc__.0.0','\"sources\"'),('superTableBlockTypes.b8f80084-8d6e-4c07-9ccf-933bd3b3f83d.fields.9f0fd987-261e-4cf3-b47b-ff56a9175a77.settings.typeSettings.__assoc__.1.1.__assoc__.0.1','\"*\"'),('superTableBlockTypes.b8f80084-8d6e-4c07-9ccf-933bd3b3f83d.fields.9f0fd987-261e-4cf3-b47b-ff56a9175a77.settings.typeSettings.__assoc__.1.1.__assoc__.1.0','\"allowCustomQuery\"'),('superTableBlockTypes.b8f80084-8d6e-4c07-9ccf-933bd3b3f83d.fields.9f0fd987-261e-4cf3-b47b-ff56a9175a77.settings.typeSettings.__assoc__.1.1.__assoc__.1.1','\"\"'),('superTableBlockTypes.b8f80084-8d6e-4c07-9ccf-933bd3b3f83d.fields.9f0fd987-261e-4cf3-b47b-ff56a9175a77.settings.typeSettings.__assoc__.2.0','\"entry\"'),('superTableBlockTypes.b8f80084-8d6e-4c07-9ccf-933bd3b3f83d.fields.9f0fd987-261e-4cf3-b47b-ff56a9175a77.settings.typeSettings.__assoc__.2.1.__assoc__.0.0','\"sources\"'),('superTableBlockTypes.b8f80084-8d6e-4c07-9ccf-933bd3b3f83d.fields.9f0fd987-261e-4cf3-b47b-ff56a9175a77.settings.typeSettings.__assoc__.2.1.__assoc__.0.1.0','\"singles\"'),('superTableBlockTypes.b8f80084-8d6e-4c07-9ccf-933bd3b3f83d.fields.9f0fd987-261e-4cf3-b47b-ff56a9175a77.settings.typeSettings.__assoc__.2.1.__assoc__.0.1.1','\"section:2f1f0ea0-4b22-4e9d-bb51-9e1e32a94cba\"'),('superTableBlockTypes.b8f80084-8d6e-4c07-9ccf-933bd3b3f83d.fields.9f0fd987-261e-4cf3-b47b-ff56a9175a77.settings.typeSettings.__assoc__.2.1.__assoc__.0.1.2','\"section:cefc4625-a115-4b71-b22d-5f6784b3aada\"'),('superTableBlockTypes.b8f80084-8d6e-4c07-9ccf-933bd3b3f83d.fields.9f0fd987-261e-4cf3-b47b-ff56a9175a77.settings.typeSettings.__assoc__.2.1.__assoc__.1.0','\"allowCustomQuery\"'),('superTableBlockTypes.b8f80084-8d6e-4c07-9ccf-933bd3b3f83d.fields.9f0fd987-261e-4cf3-b47b-ff56a9175a77.settings.typeSettings.__assoc__.2.1.__assoc__.1.1','\"\"'),('superTableBlockTypes.b8f80084-8d6e-4c07-9ccf-933bd3b3f83d.fields.9f0fd987-261e-4cf3-b47b-ff56a9175a77.settings.typeSettings.__assoc__.3.0','\"site\"'),('superTableBlockTypes.b8f80084-8d6e-4c07-9ccf-933bd3b3f83d.fields.9f0fd987-261e-4cf3-b47b-ff56a9175a77.settings.typeSettings.__assoc__.3.1.__assoc__.0.0','\"sites\"'),('superTableBlockTypes.b8f80084-8d6e-4c07-9ccf-933bd3b3f83d.fields.9f0fd987-261e-4cf3-b47b-ff56a9175a77.settings.typeSettings.__assoc__.3.1.__assoc__.0.1','\"*\"'),('superTableBlockTypes.b8f80084-8d6e-4c07-9ccf-933bd3b3f83d.fields.9f0fd987-261e-4cf3-b47b-ff56a9175a77.settings.typeSettings.__assoc__.4.0','\"user\"'),('superTableBlockTypes.b8f80084-8d6e-4c07-9ccf-933bd3b3f83d.fields.9f0fd987-261e-4cf3-b47b-ff56a9175a77.settings.typeSettings.__assoc__.4.1.__assoc__.0.0','\"sources\"'),('superTableBlockTypes.b8f80084-8d6e-4c07-9ccf-933bd3b3f83d.fields.9f0fd987-261e-4cf3-b47b-ff56a9175a77.settings.typeSettings.__assoc__.4.1.__assoc__.0.1','\"*\"'),('superTableBlockTypes.b8f80084-8d6e-4c07-9ccf-933bd3b3f83d.fields.9f0fd987-261e-4cf3-b47b-ff56a9175a77.settings.typeSettings.__assoc__.4.1.__assoc__.1.0','\"allowCustomQuery\"'),('superTableBlockTypes.b8f80084-8d6e-4c07-9ccf-933bd3b3f83d.fields.9f0fd987-261e-4cf3-b47b-ff56a9175a77.settings.typeSettings.__assoc__.4.1.__assoc__.1.1','\"\"'),('superTableBlockTypes.b8f80084-8d6e-4c07-9ccf-933bd3b3f83d.fields.9f0fd987-261e-4cf3-b47b-ff56a9175a77.settings.typeSettings.__assoc__.5.0','\"custom\"'),('superTableBlockTypes.b8f80084-8d6e-4c07-9ccf-933bd3b3f83d.fields.9f0fd987-261e-4cf3-b47b-ff56a9175a77.settings.typeSettings.__assoc__.5.1.__assoc__.0.0','\"disableValidation\"'),('superTableBlockTypes.b8f80084-8d6e-4c07-9ccf-933bd3b3f83d.fields.9f0fd987-261e-4cf3-b47b-ff56a9175a77.settings.typeSettings.__assoc__.5.1.__assoc__.0.1','\"\"'),('superTableBlockTypes.b8f80084-8d6e-4c07-9ccf-933bd3b3f83d.fields.9f0fd987-261e-4cf3-b47b-ff56a9175a77.settings.typeSettings.__assoc__.5.1.__assoc__.1.0','\"allowAliases\"'),('superTableBlockTypes.b8f80084-8d6e-4c07-9ccf-933bd3b3f83d.fields.9f0fd987-261e-4cf3-b47b-ff56a9175a77.settings.typeSettings.__assoc__.5.1.__assoc__.1.1','\"\"'),('superTableBlockTypes.b8f80084-8d6e-4c07-9ccf-933bd3b3f83d.fields.9f0fd987-261e-4cf3-b47b-ff56a9175a77.settings.typeSettings.__assoc__.6.0','\"email\"'),('superTableBlockTypes.b8f80084-8d6e-4c07-9ccf-933bd3b3f83d.fields.9f0fd987-261e-4cf3-b47b-ff56a9175a77.settings.typeSettings.__assoc__.6.1.__assoc__.0.0','\"disableValidation\"'),('superTableBlockTypes.b8f80084-8d6e-4c07-9ccf-933bd3b3f83d.fields.9f0fd987-261e-4cf3-b47b-ff56a9175a77.settings.typeSettings.__assoc__.6.1.__assoc__.0.1','\"\"'),('superTableBlockTypes.b8f80084-8d6e-4c07-9ccf-933bd3b3f83d.fields.9f0fd987-261e-4cf3-b47b-ff56a9175a77.settings.typeSettings.__assoc__.6.1.__assoc__.1.0','\"allowAliases\"'),('superTableBlockTypes.b8f80084-8d6e-4c07-9ccf-933bd3b3f83d.fields.9f0fd987-261e-4cf3-b47b-ff56a9175a77.settings.typeSettings.__assoc__.6.1.__assoc__.1.1','\"\"'),('superTableBlockTypes.b8f80084-8d6e-4c07-9ccf-933bd3b3f83d.fields.9f0fd987-261e-4cf3-b47b-ff56a9175a77.settings.typeSettings.__assoc__.7.0','\"tel\"'),('superTableBlockTypes.b8f80084-8d6e-4c07-9ccf-933bd3b3f83d.fields.9f0fd987-261e-4cf3-b47b-ff56a9175a77.settings.typeSettings.__assoc__.7.1.__assoc__.0.0','\"disableValidation\"'),('superTableBlockTypes.b8f80084-8d6e-4c07-9ccf-933bd3b3f83d.fields.9f0fd987-261e-4cf3-b47b-ff56a9175a77.settings.typeSettings.__assoc__.7.1.__assoc__.0.1','\"\"'),('superTableBlockTypes.b8f80084-8d6e-4c07-9ccf-933bd3b3f83d.fields.9f0fd987-261e-4cf3-b47b-ff56a9175a77.settings.typeSettings.__assoc__.7.1.__assoc__.1.0','\"allowAliases\"'),('superTableBlockTypes.b8f80084-8d6e-4c07-9ccf-933bd3b3f83d.fields.9f0fd987-261e-4cf3-b47b-ff56a9175a77.settings.typeSettings.__assoc__.7.1.__assoc__.1.1','\"\"'),('superTableBlockTypes.b8f80084-8d6e-4c07-9ccf-933bd3b3f83d.fields.9f0fd987-261e-4cf3-b47b-ff56a9175a77.settings.typeSettings.__assoc__.8.0','\"url\"'),('superTableBlockTypes.b8f80084-8d6e-4c07-9ccf-933bd3b3f83d.fields.9f0fd987-261e-4cf3-b47b-ff56a9175a77.settings.typeSettings.__assoc__.8.1.__assoc__.0.0','\"disableValidation\"'),('superTableBlockTypes.b8f80084-8d6e-4c07-9ccf-933bd3b3f83d.fields.9f0fd987-261e-4cf3-b47b-ff56a9175a77.settings.typeSettings.__assoc__.8.1.__assoc__.0.1','\"\"'),('superTableBlockTypes.b8f80084-8d6e-4c07-9ccf-933bd3b3f83d.fields.9f0fd987-261e-4cf3-b47b-ff56a9175a77.settings.typeSettings.__assoc__.8.1.__assoc__.1.0','\"allowAliases\"'),('superTableBlockTypes.b8f80084-8d6e-4c07-9ccf-933bd3b3f83d.fields.9f0fd987-261e-4cf3-b47b-ff56a9175a77.settings.typeSettings.__assoc__.8.1.__assoc__.1.1','\"\"'),('superTableBlockTypes.b8f80084-8d6e-4c07-9ccf-933bd3b3f83d.fields.9f0fd987-261e-4cf3-b47b-ff56a9175a77.translationKeyFormat','null'),('superTableBlockTypes.b8f80084-8d6e-4c07-9ccf-933bd3b3f83d.fields.9f0fd987-261e-4cf3-b47b-ff56a9175a77.translationMethod','\"none\"'),('superTableBlockTypes.b8f80084-8d6e-4c07-9ccf-933bd3b3f83d.fields.9f0fd987-261e-4cf3-b47b-ff56a9175a77.type','\"typedlinkfield\\\\fields\\\\LinkField\"'),('superTableBlockTypes.b8f80084-8d6e-4c07-9ccf-933bd3b3f83d.fields.e659771a-929a-41d2-bab4-9f6dd3ee21aa.contentColumnType','\"text\"'),('superTableBlockTypes.b8f80084-8d6e-4c07-9ccf-933bd3b3f83d.fields.e659771a-929a-41d2-bab4-9f6dd3ee21aa.fieldGroup','null'),('superTableBlockTypes.b8f80084-8d6e-4c07-9ccf-933bd3b3f83d.fields.e659771a-929a-41d2-bab4-9f6dd3ee21aa.handle','\"copy\"'),('superTableBlockTypes.b8f80084-8d6e-4c07-9ccf-933bd3b3f83d.fields.e659771a-929a-41d2-bab4-9f6dd3ee21aa.instructions','\"\"'),('superTableBlockTypes.b8f80084-8d6e-4c07-9ccf-933bd3b3f83d.fields.e659771a-929a-41d2-bab4-9f6dd3ee21aa.name','\"Copy\"'),('superTableBlockTypes.b8f80084-8d6e-4c07-9ccf-933bd3b3f83d.fields.e659771a-929a-41d2-bab4-9f6dd3ee21aa.searchable','true'),('superTableBlockTypes.b8f80084-8d6e-4c07-9ccf-933bd3b3f83d.fields.e659771a-929a-41d2-bab4-9f6dd3ee21aa.settings.availableTransforms','\"*\"'),('superTableBlockTypes.b8f80084-8d6e-4c07-9ccf-933bd3b3f83d.fields.e659771a-929a-41d2-bab4-9f6dd3ee21aa.settings.availableVolumes','\"\"'),('superTableBlockTypes.b8f80084-8d6e-4c07-9ccf-933bd3b3f83d.fields.e659771a-929a-41d2-bab4-9f6dd3ee21aa.settings.cleanupHtml','true'),('superTableBlockTypes.b8f80084-8d6e-4c07-9ccf-933bd3b3f83d.fields.e659771a-929a-41d2-bab4-9f6dd3ee21aa.settings.columnType','\"text\"'),('superTableBlockTypes.b8f80084-8d6e-4c07-9ccf-933bd3b3f83d.fields.e659771a-929a-41d2-bab4-9f6dd3ee21aa.settings.purifierConfig','\"\"'),('superTableBlockTypes.b8f80084-8d6e-4c07-9ccf-933bd3b3f83d.fields.e659771a-929a-41d2-bab4-9f6dd3ee21aa.settings.purifyHtml','\"1\"'),('superTableBlockTypes.b8f80084-8d6e-4c07-9ccf-933bd3b3f83d.fields.e659771a-929a-41d2-bab4-9f6dd3ee21aa.settings.redactorConfig','\"Simple.json\"'),('superTableBlockTypes.b8f80084-8d6e-4c07-9ccf-933bd3b3f83d.fields.e659771a-929a-41d2-bab4-9f6dd3ee21aa.settings.removeEmptyTags','\"1\"'),('superTableBlockTypes.b8f80084-8d6e-4c07-9ccf-933bd3b3f83d.fields.e659771a-929a-41d2-bab4-9f6dd3ee21aa.settings.removeInlineStyles','\"1\"'),('superTableBlockTypes.b8f80084-8d6e-4c07-9ccf-933bd3b3f83d.fields.e659771a-929a-41d2-bab4-9f6dd3ee21aa.settings.removeNbsp','\"1\"'),('superTableBlockTypes.b8f80084-8d6e-4c07-9ccf-933bd3b3f83d.fields.e659771a-929a-41d2-bab4-9f6dd3ee21aa.settings.showUnpermittedFiles','false'),('superTableBlockTypes.b8f80084-8d6e-4c07-9ccf-933bd3b3f83d.fields.e659771a-929a-41d2-bab4-9f6dd3ee21aa.settings.showUnpermittedVolumes','false'),('superTableBlockTypes.b8f80084-8d6e-4c07-9ccf-933bd3b3f83d.fields.e659771a-929a-41d2-bab4-9f6dd3ee21aa.translationKeyFormat','null'),('superTableBlockTypes.b8f80084-8d6e-4c07-9ccf-933bd3b3f83d.fields.e659771a-929a-41d2-bab4-9f6dd3ee21aa.translationMethod','\"none\"'),('superTableBlockTypes.b8f80084-8d6e-4c07-9ccf-933bd3b3f83d.fields.e659771a-929a-41d2-bab4-9f6dd3ee21aa.type','\"craft\\\\redactor\\\\Field\"'),('system.edition','\"pro\"'),('system.live','true'),('system.name','\"$SYSTEM_NAME\"'),('system.schemaVersion','\"3.4.10\"'),('system.timeZone','\"America/Los_Angeles\"'),('users.allowPublicRegistration','false'),('users.defaultGroup','null'),('users.photoSubpath','\"\"'),('users.photoVolumeUid','null'),('users.requireEmailVerification','true'),('volumes.8b0fd7f7-2623-4a21-a578-698d8c0aef75.fieldLayouts.acae1f98-968a-47e4-9474-9929da0d5d16.tabs.0.fields.e3ddae84-8d6f-4b5c-b636-2eaaddaa0a0f.required','true'),('volumes.8b0fd7f7-2623-4a21-a578-698d8c0aef75.fieldLayouts.acae1f98-968a-47e4-9474-9929da0d5d16.tabs.0.fields.e3ddae84-8d6f-4b5c-b636-2eaaddaa0a0f.sortOrder','1'),('volumes.8b0fd7f7-2623-4a21-a578-698d8c0aef75.fieldLayouts.acae1f98-968a-47e4-9474-9929da0d5d16.tabs.0.name','\"Meta Data\"'),('volumes.8b0fd7f7-2623-4a21-a578-698d8c0aef75.fieldLayouts.acae1f98-968a-47e4-9474-9929da0d5d16.tabs.0.sortOrder','1'),('volumes.8b0fd7f7-2623-4a21-a578-698d8c0aef75.handle','\"images\"'),('volumes.8b0fd7f7-2623-4a21-a578-698d8c0aef75.hasUrls','true'),('volumes.8b0fd7f7-2623-4a21-a578-698d8c0aef75.name','\"Images\"'),('volumes.8b0fd7f7-2623-4a21-a578-698d8c0aef75.settings.path','\"@webroot/uploads/images\"'),('volumes.8b0fd7f7-2623-4a21-a578-698d8c0aef75.sortOrder','1'),('volumes.8b0fd7f7-2623-4a21-a578-698d8c0aef75.type','\"craft\\\\volumes\\\\Local\"'),('volumes.8b0fd7f7-2623-4a21-a578-698d8c0aef75.url','\"@web/uploads/images\"');
/*!40000 ALTER TABLE `projectconfig` ENABLE KEYS */;
UNLOCK TABLES;
commit;

--
-- Dumping data for table `queue`
--

LOCK TABLES `queue` WRITE;
/*!40000 ALTER TABLE `queue` DISABLE KEYS */;
set autocommit=0;
/*!40000 ALTER TABLE `queue` ENABLE KEYS */;
UNLOCK TABLES;
commit;

--
-- Dumping data for table `relabel`
--

LOCK TABLES `relabel` WRITE;
/*!40000 ALTER TABLE `relabel` DISABLE KEYS */;
set autocommit=0;
INSERT INTO `relabel` VALUES (1,'Link','',3,10,'2020-03-19 11:32:40','2020-03-19 11:32:40','01028bea-98c9-401b-a7ae-e73c5461fa20'),(2,'Author\'s Title','Provide a title for the author to help build credibility. ',11,2,'2020-03-19 11:32:40','2020-03-19 11:32:40','490e28d8-48ec-4b50-9118-5b230a362643'),(3,'User Image','The eye is drawn to faces and helps testimonies stand out. Adding a smiling photo of the testimonies author helps reassure users of authenticity and believability.',14,2,'2020-03-19 11:32:40','2020-03-19 11:32:40','2c989637-017b-494d-907e-db90d2530b20'),(4,'Link','',3,4,'2020-03-19 11:32:40','2020-03-19 11:32:40','293c1dcc-453a-41ae-80e5-ce41422de170'),(5,'Author\'s Name','',7,2,'2020-03-19 11:32:40','2020-03-19 11:32:40','24499899-af2b-47d2-a5d2-da63d8c04ab5'),(6,'Heading','',7,8,'2020-03-19 11:32:41','2020-03-19 11:32:41','4d402cc2-1777-4cd2-a587-b17b6d1ce348'),(7,'Background Image','',14,8,'2020-03-19 11:32:41','2020-03-19 11:32:41','fff4d98d-7c30-4fb5-b2ff-22da27951c10'),(8,'Testimony','',13,2,'2020-03-19 11:32:41','2020-03-19 11:32:41','ba81f55e-f51b-4fe4-a72e-bfbfe46a2a43'),(9,'Copy','',13,8,'2020-03-19 11:32:41','2020-03-19 11:32:41','b18a3bdb-9d32-40af-aa61-9dfc7d5ec62f'),(10,'Thumbnail Image','',14,5,'2020-03-21 12:56:02','2020-03-21 12:56:02','5b8c2280-5908-4bff-b053-6473652e8abb'),(11,'Teaser Text','Provide a brief article description. This will be used whenever this article is linked on other pages.',7,5,'2020-03-21 12:56:02','2020-03-21 12:56:02','1655ef87-4391-41ef-a1ee-42d76b9819d3'),(12,'Notification Banner','Use this banner to notify the user of important information such as a temporary closing or major change.',7,45,'2020-03-27 10:09:42','2020-03-27 10:09:42','0eb0d7e2-ca78-4175-9496-c6a1a06c2b03'),(13,'Organization Details','This information will be displayed below the logo in the footer. Typically an address, phone number, or email address is displayed.',13,12,'2020-03-28 16:06:10','2020-03-28 16:06:10','e69d1cbe-8aa3-4434-ab5b-3e931061112b');
/*!40000 ALTER TABLE `relabel` ENABLE KEYS */;
UNLOCK TABLES;
commit;

--
-- Dumping data for table `relations`
--

LOCK TABLES `relations` WRITE;
/*!40000 ALTER TABLE `relations` DISABLE KEYS */;
set autocommit=0;
INSERT INTO `relations` VALUES (1,12,6,NULL,239,1,'2020-03-28 15:09:04','2020-03-28 15:09:04','95e1d502-82b5-4605-9726-576de671cecf'),(4,4,6,NULL,235,1,'2020-03-28 15:32:13','2020-03-28 15:32:13','0005e854-4687-4959-b488-7817fcfbf5e2'),(5,9,6,NULL,235,1,'2020-03-28 15:32:13','2020-03-28 15:32:13','aa8d8035-17af-46f2-b6b6-293bc9a1ffb9');
/*!40000 ALTER TABLE `relations` ENABLE KEYS */;
UNLOCK TABLES;
commit;

--
-- Dumping data for table `resourcepaths`
--

LOCK TABLES `resourcepaths` WRITE;
/*!40000 ALTER TABLE `resourcepaths` DISABLE KEYS */;
set autocommit=0;
INSERT INTO `resourcepaths` VALUES ('10795692','@craft/web/assets/updater/dist'),('11520424','@lib/jquery-touch-events'),('13799368','@lib/fileupload'),('14777e2a','@craft/web/assets/login/dist'),('16310f9a','@lib/timepicker'),('167fa097','@craft/web/assets/tablesettings/dist'),('168edc98','@craft/web/assets/matrix/dist'),('16f638e6','@lib/picturefill'),('185318b7','@lib/d3'),('19ba10cd','@craft/web/assets/recententries/dist'),('1bd318d2','@app/web/assets/cp/dist'),('1c71c9e7','@craft/web/assets/craftsupport/dist'),('1e4b8530','@lib/element-resize-detector'),('1e5508e1','@craft/web/assets/utilities/dist'),('1f850e1e','@app/web/assets/recententries/dist'),('1fed0dac','@app/web/assets/login/dist'),('2054d9b8','@lib/velocity'),('20bd2aba','@app/web/assets/dashboard/dist'),('213f4c70','@app/web/assets/updateswidget/dist'),('22b4ae93','@craft/web/assets/editsection/dist'),('230ab892','@craft/web/assets/fields/dist'),('2364f4a3','@craft/web/assets/feed/dist'),('23a21365','@lib/selectize'),('23cf717f','@lib/fabric'),('247ed1d','@craft/web/assets/admintable/dist'),('270052a3','@craft/web/assets/updateswidget/dist'),('29ce57ef','@lib/xregexp'),('2a244047','@craft/web/assets/admintable/dist'),('2bee0f31','@lib/garnishjs'),('2c801120','@app/web/assets/generalsettings/dist'),('2e2f06f8','@craft/web/assets/generalsettings/dist'),('31db2ec5','@bower/jquery/dist'),('3689a541','@lib/garnishjs'),('36b6d1f0','@app/web/assets/craftsupport/dist'),('3743ea37','@craft/web/assets/admintable/dist'),('3819534e','@craft/web/assets/editsection/dist'),('3c737650','@lib/jquery.payment'),('3e6d12e2','@craft/web/assets/fields/dist'),('3ea8db0f','@lib/fabric'),('3ec00f5c','@craft/web/assets/plugins/dist'),('3f40e5cb','@app/web/assets/updates/dist'),('408a2fb5','@craft/web/assets/dashboard/dist'),('42881562','@lib/selectize'),('43be43ca','@craft/web/assets/updateswidget/dist'),('44a7302b','@craft/web/assets/cp/dist'),('45ed3104','@craft/web/assets/matrixsettings/dist'),('46c7d132','@verbb/base/resources/dist'),('47b4a9fb','@craft/web/assets/fields/dist'),('48e451e8','@lib/xregexp'),('49c1a121','@lib/vue'),('4ac40936','@lib/garnishjs'),('50bbaa26','@craft/web/assets/pluginstore/dist'),('53020703','@app/web/assets/matrixsettings/dist'),('534b2c7','@lib/d3'),('5583fb98','@lib/xregexp'),('561b43b0','@app/web/assets/admintable/dist'),('561fabb6','@verbb/supertable/resources/dist'),('59c09a5b','@craft/web/assets/cp/dist'),('5a27d268','@craft/web/assets/dashboard/dist'),('5cbd4d8a','@anubarak/relabel/resources'),('5ed9e9ba','@craft/web/assets/updateswidget/dist'),('5f82dd08','@lib/fabric'),('5fefbf12','@lib/selectize'),('602cedb5','@craft/web/assets/editentry/dist'),('60622ff1','@lib/d3'),('6063abd4','@craft/web/assets/recententries/dist'),('60b36b02','@app/web/assets/utilities/dist'),('627667a9','@app/web/assets/plugins/dist'),('62c8536c','@app/web/assets/feed/dist'),('642a0254','@lib/axios'),('6728189f','@typedlinkfield/resources'),('678cb3f8','@craft/web/assets/utilities/dist'),('6999055d','@app/web/assets/tablesettings/dist'),('69a0ed8b','@craft/web/assets/updater/dist'),('6a7ca3ed','@lib/timepicker'),('6dc343a','@craft/web/assets/craftsupport/dist'),('6efd421d','@lib/jquery-ui'),('6f343f1f','@lib/fileupload'),('6f576781','@craft/web/assets/matrix/dist'),('6fa61b8e','@craft/web/assets/tablesettings/dist'),('70780223','@lib/jquery-touch-events'),('72fe08aa','@lib/prismjs'),('74c747fb','@craft/web/assets/updater/dist'),('771b099d','@lib/timepicker'),('77dc3ee1','@lib/picturefill'),('795421db','@craft/web/assets/sites/dist'),('7a811068','@craft/web/assets/editentry/dist'),('7aedbc7f','@craft/web/assets/updates/dist'),('7d0401a4','@craft/web/assets/recententries/dist'),('80692595','@lib/garnishjs'),('81cb2667','@app/web/assets/utilities/dist'),('836c8d82','@lib/vue'),('86f25b6a','@craft/web/assets/updates/dist'),('873bae11','@bower/jquery/dist'),('88aa1367','@craft/web/assets/login/dist'),('8a93f684','@lib/jquery.payment'),('8bd3f31c','@lib/velocity'),('952ff1ab','@lib/fabric'),('95bf0a9e','@craft/web/assets/updater/dist'),('96b4596c','@lib/velocity'),('97f45cf4','@lib/jquery.payment'),('9a5c0461','@bower/jquery/dist'),('9aab2f48','@app/web/assets/feed/dist'),('9c7c4cc1','@craft/web/assets/recententries/dist'),('a0e9e750','@craft/web/assets/matrixsettings/dist'),('a1a3e67f','@craft/web/assets/cp/dist'),('a244ae4c','@craft/web/assets/dashboard/dist'),('a2c60eaf','@craft/web/assets/updateswidget/dist'),('a4506ebe','@lib/jquery-ui'),('a59913bc','@lib/fileupload'),('a6f72f4e','@vendor/craftcms/redactor/lib/redactor'),('a8ab05e4','@lib/element-resize-detector'),('a8d8d602','@craft/web/assets/pluginstore/dist'),('b180ae7','@craft/web/assets/tablesettings/dist'),('b3d43213','@lib/d3'),('b5ccaf94','@lib/element-resize-detector'),('b79c1fb6','@lib/axios'),('b8532409','@lib/prismjs'),('b919296','@lib/picturefill'),('bad52e80','@lib/jquery-touch-events'),('bb0e1ba2','@craft/web/assets/cp/dist'),('bd711242','@lib/picturefill'),('bd8e4d20','@craft/web/assets/matrixsettings/dist'),('be31fcfc','@ether/seo/web/assets'),('be976e8','@craft/web/assets/matrix/dist'),('bf23043c','@craft/web/assets/dashboard/dist'),('bfb999ee','@craft/web/assets/feed/dist'),('c0470115','@app/web/assets/updateswidget/dist'),('c35ae54','@lib/jquery-touch-events'),('c57a68b9','@lib/jquery-ui'),('c66022f7','@craft/web/assets/feed/dist'),('c6a37378','@craft/web/assets/plugins/dist'),('c8eac1be','@craft/web/assets/admintable/dist'),('ced5add4','@app/web/assets/craftsupport/dist'),('cfad28f0','@lib/axios'),('d012532a','@app/web/assets/updater/dist'),('d2ca8280','@lib/axios'),('d4e6a993','@lib/element-resize-detector'),('d81dc2c9','@lib/jquery-ui'),('d8de569e','@app/web/assets/dashboard/dist'),('d9305c49','@craft/web/assets/matrixsettings/dist'),('db078887','@craft/web/assets/feed/dist'),('db69c4b6','@craft/web/assets/fields/dist'),('dbadb2ce','@craft/redactor/assets/field/dist'),('dc296499','@vaersaagod/matrixmate/assetbundles/matrixmate/dist'),('dc9c2339','@lib/timepicker'),('de38a8ae','@app/web/assets/updates/dist'),('dfb978d0','@app/web/assets/fields/dist'),('e1e3918','@lib/fileupload'),('e2468b85','@lib/vue'),('e24aeff4','@craft/web/assets/utilities/dist'),('e3637b4c','@lib/xregexp'),('e3b064f6','@app/web/assets/cp/dist'),('e412b5c3','@craft/web/assets/craftsupport/dist'),('e796d9bd','@app/web/assets/dbbackup/dist'),('e8c9c73e','@verbb/smith/resources/dist'),('e90f3fc6','@lib/selectize'),('ea604782','@craft/web/assets/tablesettings/dist'),('eaf9f51b','@lib/velocity'),('eb3a4dd','@lib/prismjs'),('eb55f9','@app/web/assets/pluginstore/dist'),('f173a87e','@craft/web/assets/login/dist'),('f38a0acc','@craft/web/assets/matrix/dist'),('f39ca8e','@app/web/assets/matrix/dist'),('f6de5af3','@lib/jquery.payment'),('f75ab6aa','@app/web/assets/matrix/dist'),('f878949e','@app/web/assets/editentry/dist'),('f88829dd','@app/web/assets/pluginstore/dist'),('f9751fb3','@craft/web/assets/craftsupport/dist'),('fb760266','@bower/jquery/dist'),('fefd437b','@app/web/assets/recententries/dist'),('ff2121f5','@lib/vue'),('ff2be073','@craft/web/assets/updates/dist');
/*!40000 ALTER TABLE `resourcepaths` ENABLE KEYS */;
UNLOCK TABLES;
commit;

--
-- Dumping data for table `revisions`
--

LOCK TABLES `revisions` WRITE;
/*!40000 ALTER TABLE `revisions` DISABLE KEYS */;
set autocommit=0;
INSERT INTO `revisions` VALUES (1,2,NULL,1,NULL),(2,4,NULL,1,NULL),(3,4,NULL,2,NULL),(4,2,NULL,2,NULL),(5,4,1,3,NULL),(6,2,1,3,NULL),(7,76,1,1,NULL),(8,79,1,1,NULL),(9,82,1,1,NULL),(10,85,1,1,NULL),(11,85,1,2,NULL),(12,89,1,1,NULL),(13,85,1,3,NULL),(14,93,1,1,NULL),(15,96,1,1,NULL),(16,99,1,1,NULL),(17,102,1,1,NULL),(18,105,1,1,NULL),(19,108,1,1,NULL),(20,111,1,1,NULL),(21,108,1,2,NULL),(22,115,1,1,NULL),(23,118,1,1,NULL),(24,121,1,1,NULL),(25,123,1,1,NULL),(26,125,1,1,NULL),(27,127,1,1,NULL),(28,129,1,1,NULL),(29,131,1,1,NULL),(30,133,1,1,NULL),(31,135,1,1,NULL),(32,137,1,1,NULL),(33,139,1,1,NULL),(34,141,1,1,NULL),(35,143,1,1,NULL),(36,145,1,1,NULL),(37,148,1,1,NULL),(38,151,1,1,NULL),(39,154,1,1,NULL),(40,157,1,1,NULL),(41,160,1,1,NULL),(42,163,1,1,NULL),(43,166,1,1,NULL),(44,169,1,1,NULL),(45,172,1,1,NULL),(46,175,1,1,NULL),(47,178,1,1,NULL),(48,181,1,1,NULL),(49,184,1,1,NULL),(50,187,1,1,NULL),(51,190,1,1,NULL),(52,193,1,1,NULL),(53,196,1,1,NULL),(54,200,1,1,NULL),(55,203,1,1,NULL),(56,206,1,1,NULL),(57,209,1,1,NULL),(58,212,1,1,NULL),(59,215,1,1,NULL),(60,218,1,1,NULL),(61,221,1,1,NULL),(62,224,1,1,NULL),(63,227,1,1,NULL),(64,230,1,1,NULL),(65,233,1,1,NULL),(66,235,1,1,NULL),(67,242,1,1,NULL),(68,247,1,1,NULL),(69,251,1,1,NULL),(70,262,1,1,NULL),(71,272,1,1,NULL),(72,282,1,1,NULL),(73,284,1,1,NULL),(74,286,1,1,NULL),(75,288,1,1,NULL),(76,290,1,1,NULL),(77,292,1,1,NULL),(78,272,1,2,NULL),(79,307,1,1,NULL),(80,309,1,1,NULL),(81,311,1,1,NULL),(82,313,1,1,NULL),(83,148,1,2,NULL),(84,319,1,1,NULL),(85,322,1,1,NULL);
/*!40000 ALTER TABLE `revisions` ENABLE KEYS */;
UNLOCK TABLES;
commit;

--
-- Dumping data for table `searchindex`
--

LOCK TABLES `searchindex` WRITE;
/*!40000 ALTER TABLE `searchindex` DISABLE KEYS */;
set autocommit=0;
INSERT INTO `searchindex` VALUES (1,'username',0,1,' admin '),(1,'firstname',0,1,''),(1,'lastname',0,1,''),(1,'fullname',0,1,''),(1,'email',0,1,' codingwithkyle gmail com '),(1,'slug',0,1,''),(2,'title',0,1,' homepage '),(4,'title',0,1,' blog '),(6,'slug',0,1,''),(72,'slug',0,1,''),(4,'slug',0,1,' blog '),(2,'slug',0,1,' homepage '),(76,'slug',0,1,' performance '),(76,'title',0,1,' performance '),(79,'slug',0,1,' accessability '),(79,'title',0,1,' accessability '),(82,'slug',0,1,' case studies '),(82,'title',0,1,' case studies '),(85,'slug',0,1,' get started '),(89,'slug',0,1,' page builder '),(89,'title',0,1,' page builder '),(85,'title',0,1,' get started '),(93,'slug',0,1,' offline first '),(93,'title',0,1,' offline first '),(96,'slug',0,1,' built for speed '),(96,'title',0,1,' built for speed '),(99,'slug',0,1,' load times '),(99,'title',0,1,' load times '),(102,'slug',0,1,' best practices '),(102,'title',0,1,' best practices '),(105,'slug',0,1,' maximizing seo '),(105,'title',0,1,' maximizing seo '),(108,'title',0,1,' custom entry '),(108,'slug',0,1,' custom entry '),(111,'slug',0,1,' custom entry 2 '),(111,'title',0,1,' custom entry 2 '),(115,'slug',0,1,' child entry '),(115,'title',0,1,' child entry '),(118,'slug',0,1,' child entry '),(118,'title',0,1,' child entry '),(121,'slug',0,1,' child entry '),(121,'title',0,1,' child entry '),(123,'slug',0,1,' performance '),(123,'title',0,1,' performance copy '),(125,'slug',0,1,' offline first '),(125,'title',0,1,' offline first copy '),(127,'slug',0,1,' built for speed '),(127,'title',0,1,' built for speed copy '),(129,'slug',0,1,' load times '),(129,'title',0,1,' load times copy '),(131,'slug',0,1,' best practices '),(131,'title',0,1,' best practices copy '),(133,'slug',0,1,' maximizing seo '),(133,'title',0,1,' maximizing seo copy '),(135,'slug',0,1,' performance '),(135,'title',0,1,' performance copy '),(137,'slug',0,1,' offline first '),(137,'title',0,1,' offline first copy '),(139,'slug',0,1,' built for speed '),(139,'title',0,1,' built for speed copy '),(141,'slug',0,1,' load times '),(141,'title',0,1,' load times copy '),(143,'slug',0,1,' best practices '),(143,'title',0,1,' best practices copy '),(145,'slug',0,1,' maximizing seo '),(145,'title',0,1,' maximizing seo copy '),(148,'title',0,1,' hello page works '),(148,'slug',0,1,' hello craftablewebsites com '),(151,'slug',0,1,' 616 228 2673 '),(151,'title',0,1,' 616 228 2673 '),(154,'slug',0,1,' solutions '),(154,'title',0,1,' solutions '),(157,'slug',0,1,' virtual terminals '),(157,'title',0,1,' virtual terminals '),(160,'slug',0,1,' mobile apps '),(160,'title',0,1,' mobile apps '),(163,'slug',0,1,' terminals readers '),(163,'title',0,1,' terminals readers '),(166,'slug',0,1,' point of sales pos software '),(166,'title',0,1,' point of sales pos software '),(169,'slug',0,1,' invoicing '),(169,'title',0,1,' invoicing '),(172,'slug',0,1,' recurring scheduling billing '),(172,'title',0,1,' recurring scheduling billing '),(175,'slug',0,1,' api integrations '),(175,'title',0,1,' api integrations '),(178,'slug',0,1,' enterprise '),(178,'title',0,1,' enterprise '),(181,'slug',0,1,' resources '),(181,'title',0,1,' resources '),(184,'slug',0,1,' cost calculator '),(184,'title',0,1,' cost calculator '),(187,'slug',0,1,' interchange rates '),(187,'title',0,1,' interchange rates '),(190,'slug',0,1,' developers '),(190,'title',0,1,' developers '),(193,'slug',0,1,' virtual terminal demo '),(193,'title',0,1,' virtual terminal demo '),(196,'slug',0,1,' schedule a demo '),(196,'title',0,1,' schedule a demo '),(200,'slug',0,1,' more '),(200,'title',0,1,' more '),(203,'slug',0,1,' ach payments '),(203,'title',0,1,' ach payments '),(206,'slug',0,1,' quickbooks integration '),(206,'title',0,1,' quickbooks integration '),(209,'slug',0,1,' 5013c '),(209,'title',0,1,' 5013c '),(212,'slug',0,1,' healthcare '),(212,'title',0,1,' healthcare '),(215,'slug',0,1,' chargeback prevention '),(215,'title',0,1,' chargeback prevention '),(218,'slug',0,1,' fraud protection '),(218,'title',0,1,' fraud protection '),(221,'slug',0,1,' data security '),(221,'title',0,1,' data security '),(224,'slug',0,1,' company '),(224,'title',0,1,' company '),(227,'slug',0,1,' about payline '),(227,'title',0,1,' about payline '),(230,'slug',0,1,' partnerships '),(230,'title',0,1,' partnerships '),(233,'slug',0,1,' careers '),(233,'title',0,1,' careers '),(236,'slug',0,1,''),(236,'field',23,1,' heading '),(236,'field',25,1,' copy '),(235,'slug',0,1,' test '),(235,'title',0,1,' test '),(235,'field',6,1,' copy heading '),(239,'kind',0,1,' image '),(239,'extension',0,1,' png '),(239,'filename',0,1,' logo png '),(239,'slug',0,1,''),(239,'title',0,1,' logo '),(239,'field',2,1,' flooop logo '),(6,'field',13,1,''),(242,'slug',0,1,' full name '),(242,'title',0,1,' full name '),(247,'slug',0,1,' email address '),(247,'title',0,1,' email address '),(251,'slug',0,1,' phone number '),(251,'title',0,1,' phone number '),(262,'slug',0,1,' message '),(262,'title',0,1,' message '),(272,'title',0,1,' sample form '),(272,'slug',0,1,' sample form '),(273,'slug',0,1,''),(274,'slug',0,1,''),(275,'slug',0,1,''),(276,'slug',0,1,''),(282,'slug',0,1,' date of birth '),(282,'title',0,1,' date of birth '),(284,'slug',0,1,' accept terms conditions '),(284,'title',0,1,' accept terms conditions '),(286,'slug',0,1,' how did you hear about us '),(286,'title',0,1,' how did you hear about us '),(288,'slug',0,1,' number of pets '),(288,'title',0,1,' number of pets '),(290,'slug',0,1,' favorite flavors '),(290,'title',0,1,' favorite flavors '),(292,'slug',0,1,' favorite pet '),(292,'title',0,1,' favorite pet '),(294,'slug',0,1,''),(295,'slug',0,1,''),(296,'slug',0,1,''),(297,'slug',0,1,''),(307,'slug',0,1,' 2020 03 29 11 50 37 '),(307,'title',0,1,' 2020 03 29 11 50 37 sample form '),(309,'slug',0,1,' 2020 03 29 11 58 22 '),(309,'title',0,1,' 2020 03 29 11 58 22 sample form '),(311,'slug',0,1,' 2020 03 29 13 05 19 '),(311,'title',0,1,' 2020 03 29 13 05 19 sample form '),(313,'slug',0,1,' 2020 03 29 13 10 03 '),(313,'title',0,1,' 2020 03 29 13 10 03 sample form '),(319,'slug',0,1,' example '),(319,'title',0,1,' example '),(322,'slug',0,1,' example 2 '),(322,'title',0,1,' example 2 ');
/*!40000 ALTER TABLE `searchindex` ENABLE KEYS */;
UNLOCK TABLES;
commit;

--
-- Dumping data for table `sections`
--

LOCK TABLES `sections` WRITE;
/*!40000 ALTER TABLE `sections` DISABLE KEYS */;
set autocommit=0;
INSERT INTO `sections` VALUES (1,NULL,'Testimonials','testimonials','channel',1,'all',NULL,'2020-03-19 11:32:38','2020-03-19 11:32:38',NULL,'3ac720f7-dbfb-440a-ba4d-ab09c7aa583c'),(2,NULL,'Homepage','homepage','single',1,'all',NULL,'2020-03-19 11:32:38','2020-03-19 11:32:38',NULL,'762dff31-6995-4a69-a951-48d8e6cceb0e'),(3,1,'Footer Navigation','footerNavigation','structure',1,'all',NULL,'2020-03-19 11:32:39','2020-03-19 11:32:39',NULL,'1cb268c1-1b36-4ad0-a69b-c0559d0a4ea0'),(4,NULL,'Articles','articles','channel',1,'all',NULL,'2020-03-19 11:32:39','2020-03-19 11:32:39',NULL,'2f1f0ea0-4b22-4e9d-bb51-9e1e32a94cba'),(5,NULL,'Blog','blog','single',1,'all',NULL,'2020-03-19 11:32:39','2020-03-19 11:32:39',NULL,'fc636500-a798-4d09-8ecf-384a5c3239a1'),(6,2,'Pages','pages','structure',1,'all',NULL,'2020-03-19 11:32:39','2020-03-19 11:32:39',NULL,'cefc4625-a115-4b71-b22d-5f6784b3aada'),(7,NULL,'Hero Blocks','heroBlocks','channel',1,'all',NULL,'2020-03-19 11:32:39','2020-03-19 11:32:39','2020-03-21 13:05:24','8b0866f1-b2f2-462b-a9ae-00de7bf5b915'),(8,3,'Header Navigation','headerNavigation','structure',1,'all',NULL,'2020-03-19 11:32:39','2020-03-19 11:32:39',NULL,'b9215289-18df-43f7-8aec-9164cf035280'),(9,NULL,'Forms','forms','channel',1,'all',NULL,'2020-03-21 14:03:36','2020-03-21 14:03:36',NULL,'24687ffb-2733-4ded-9c95-d3cb8b880bcb'),(10,NULL,'Form Inputs','formInputs','channel',1,'all',NULL,'2020-03-21 14:03:44','2020-03-21 14:03:44','2020-03-29 17:25:36','c01906a1-3826-4fea-a21a-df8d2db78b00'),(11,NULL,'Form Submissions','formSubmissions','channel',1,'all',NULL,'2020-03-21 14:03:55','2020-03-21 14:03:55',NULL,'0936733c-c126-4ffa-b5d3-af75d96117c8'),(12,5,'Utility Navigaiton','utilityNavigaiton','structure',1,'all',NULL,'2020-03-28 14:11:42','2020-03-28 14:11:42',NULL,'28b71e8e-d2dc-4c34-98c4-66e91dfbbab4');
/*!40000 ALTER TABLE `sections` ENABLE KEYS */;
UNLOCK TABLES;
commit;

--
-- Dumping data for table `sections_sites`
--

LOCK TABLES `sections_sites` WRITE;
/*!40000 ALTER TABLE `sections_sites` DISABLE KEYS */;
set autocommit=0;
INSERT INTO `sections_sites` VALUES (1,1,1,0,NULL,NULL,1,'2020-03-19 11:32:38','2020-03-19 11:32:38','c7c5ce9c-506e-4c41-89ad-44ad3552c273'),(2,2,1,1,'__home__','_pages/index',1,'2020-03-19 11:32:38','2020-03-27 10:31:26','5d7f4f11-4312-4831-94d3-2083405e1a76'),(3,3,1,0,NULL,NULL,1,'2020-03-19 11:32:39','2020-03-19 11:32:39','0b6ddd63-9e19-47f3-8e63-50d670128374'),(4,4,1,1,'blog/{slug}','_pages/index',1,'2020-03-19 11:32:39','2020-03-27 10:31:03','45f6d681-a80c-4b56-b359-d7715c752222'),(5,5,1,1,'blog','_blog/index',1,'2020-03-19 11:32:39','2020-03-27 10:31:14','47f216ec-7e49-4e32-8c33-d97ec053186a'),(6,6,1,1,'{parent.uri}/{slug}','_pages/index',1,'2020-03-19 11:32:39','2020-03-27 10:30:55','1a846239-eafb-4831-bb1b-726a2c89ce63'),(7,7,1,0,NULL,NULL,1,'2020-03-19 11:32:39','2020-03-19 11:32:39','47e5d2f6-cf28-437c-b355-33c18834cf3a'),(8,8,1,0,NULL,NULL,1,'2020-03-19 11:32:39','2020-03-19 11:32:39','2b89ae32-c17a-41ac-ab12-54d126b28dc7'),(9,9,1,1,'forms/{slug}','_forms/index.twig',1,'2020-03-21 14:03:36','2020-03-21 14:03:36','25897816-bc82-414b-bc41-b94f505ebcb4'),(10,10,1,0,NULL,NULL,1,'2020-03-21 14:03:44','2020-03-21 14:03:44','b193d144-5eae-4dd2-a9c0-b3b852a2612f'),(11,11,1,0,NULL,NULL,1,'2020-03-21 14:03:55','2020-03-21 14:03:55','08d5b403-b298-4aaf-945f-13e92937571b'),(12,12,1,0,NULL,NULL,1,'2020-03-28 14:11:42','2020-03-28 14:11:42','df7a4179-8acf-415d-af47-eae75e93ee54');
/*!40000 ALTER TABLE `sections_sites` ENABLE KEYS */;
UNLOCK TABLES;
commit;

--
-- Dumping data for table `seo_redirects`
--

LOCK TABLES `seo_redirects` WRITE;
/*!40000 ALTER TABLE `seo_redirects` DISABLE KEYS */;
set autocommit=0;
/*!40000 ALTER TABLE `seo_redirects` ENABLE KEYS */;
UNLOCK TABLES;
commit;

--
-- Dumping data for table `seo_sitemap`
--

LOCK TABLES `seo_sitemap` WRITE;
/*!40000 ALTER TABLE `seo_sitemap` DISABLE KEYS */;
set autocommit=0;
/*!40000 ALTER TABLE `seo_sitemap` ENABLE KEYS */;
UNLOCK TABLES;
commit;

--
-- Dumping data for table `sequences`
--

LOCK TABLES `sequences` WRITE;
/*!40000 ALTER TABLE `sequences` DISABLE KEYS */;
set autocommit=0;
/*!40000 ALTER TABLE `sequences` ENABLE KEYS */;
UNLOCK TABLES;
commit;

--
-- Dumping data for table `shunnedmessages`
--

LOCK TABLES `shunnedmessages` WRITE;
/*!40000 ALTER TABLE `shunnedmessages` DISABLE KEYS */;
set autocommit=0;
/*!40000 ALTER TABLE `shunnedmessages` ENABLE KEYS */;
UNLOCK TABLES;
commit;

--
-- Dumping data for table `sitegroups`
--

LOCK TABLES `sitegroups` WRITE;
/*!40000 ALTER TABLE `sitegroups` DISABLE KEYS */;
set autocommit=0;
INSERT INTO `sitegroups` VALUES (1,'Boilerplate','2020-03-17 13:28:06','2020-03-17 13:28:06',NULL,'9cabe42f-fdb6-45c1-8bdd-67c0914303ff');
/*!40000 ALTER TABLE `sitegroups` ENABLE KEYS */;
UNLOCK TABLES;
commit;

--
-- Dumping data for table `sites`
--

LOCK TABLES `sites` WRITE;
/*!40000 ALTER TABLE `sites` DISABLE KEYS */;
set autocommit=0;
INSERT INTO `sites` VALUES (1,1,1,'Boilerplate','default','en-US',1,'@rootUrl',1,'2020-03-17 13:28:06','2020-03-17 13:28:06',NULL,'8d2ceaf6-270f-4376-a57e-b67d74fe3518');
/*!40000 ALTER TABLE `sites` ENABLE KEYS */;
UNLOCK TABLES;
commit;

--
-- Dumping data for table `stc_10_slides`
--

LOCK TABLES `stc_10_slides` WRITE;
/*!40000 ALTER TABLE `stc_10_slides` DISABLE KEYS */;
set autocommit=0;
INSERT INTO `stc_10_slides` VALUES (1,19,1,'2020-03-21 14:31:43','2020-03-21 14:31:43','ebabdae2-bb94-4e55-aab6-70f6e65d64fd',NULL,'{\"ariaLabel\":null,\"customQuery\":null,\"customText\":\"\",\"target\":null,\"title\":null,\"type\":\"entry\",\"value\":null}','{\"ariaLabel\":null,\"customQuery\":null,\"customText\":\"\",\"target\":null,\"title\":null,\"type\":\"entry\",\"value\":null}',NULL),(2,21,1,'2020-03-21 14:31:44','2020-03-21 14:31:44','3085c0a7-6015-4af5-876d-cbc680203630',NULL,'{\"ariaLabel\":null,\"customQuery\":null,\"customText\":\"\",\"target\":null,\"title\":null,\"type\":\"entry\",\"value\":null}','{\"ariaLabel\":null,\"customQuery\":null,\"customText\":\"\",\"target\":null,\"title\":null,\"type\":\"entry\",\"value\":null}',NULL),(3,26,1,'2020-03-21 14:35:06','2020-03-21 14:35:06','1c7b0f4e-a984-4ac2-98ec-6f4750b17516',NULL,'{\"ariaLabel\":null,\"customQuery\":null,\"customText\":\"\",\"target\":null,\"title\":null,\"type\":\"entry\",\"value\":null}','{\"ariaLabel\":null,\"customQuery\":null,\"customText\":\"\",\"target\":null,\"title\":null,\"type\":\"entry\",\"value\":null}',NULL),(4,30,1,'2020-03-21 14:35:43','2020-03-21 14:35:43','32b963fa-7960-49ac-bd0f-74c6457909ae',NULL,'{\"ariaLabel\":null,\"customQuery\":null,\"customText\":\"\",\"target\":null,\"title\":null,\"type\":\"entry\",\"value\":null}','{\"ariaLabel\":null,\"customQuery\":null,\"customText\":\"\",\"target\":null,\"title\":null,\"type\":\"entry\",\"value\":null}',NULL),(5,71,1,'2020-03-24 18:41:41','2020-03-24 18:41:41','26b5b34d-f4a8-4e5d-bcdf-d0f442e2758e',NULL,'{\"ariaLabel\":null,\"customQuery\":null,\"customText\":\"\",\"target\":null,\"title\":null,\"type\":\"entry\",\"value\":null}','{\"ariaLabel\":null,\"customQuery\":null,\"customText\":\"\",\"target\":null,\"title\":null,\"type\":\"entry\",\"value\":null}',NULL);
/*!40000 ALTER TABLE `stc_10_slides` ENABLE KEYS */;
UNLOCK TABLES;
commit;

--
-- Dumping data for table `stc_8_cards`
--

LOCK TABLES `stc_8_cards` WRITE;
/*!40000 ALTER TABLE `stc_8_cards` DISABLE KEYS */;
set autocommit=0;
INSERT INTO `stc_8_cards` VALUES (1,34,1,'2020-03-21 14:37:36','2020-03-21 14:37:36','3f297a51-7eab-4dbd-8740-a174af775c4e',NULL,NULL);
/*!40000 ALTER TABLE `stc_8_cards` ENABLE KEYS */;
UNLOCK TABLES;
commit;

--
-- Dumping data for table `structureelements`
--

LOCK TABLES `structureelements` WRITE;
/*!40000 ALTER TABLE `structureelements` DISABLE KEYS */;
set autocommit=0;
INSERT INTO `structureelements` VALUES (1,2,NULL,1,1,24,0,'2020-03-21 13:34:41','2020-03-28 15:06:06','e75b0047-6929-4386-973e-f4ad68efa06a'),(2,2,10,1,2,3,1,'2020-03-21 13:34:41','2020-03-21 13:34:41','c7ac7516-da6e-42b3-9607-091987ba57a6'),(3,2,11,1,4,5,1,'2020-03-21 13:55:37','2020-03-21 13:55:37','83592e25-e7c4-4ada-a6dc-7923a2839ffc'),(4,2,12,1,6,7,1,'2020-03-21 13:56:32','2020-03-21 13:56:32','dc1f83a9-af89-4f26-beeb-a945aadadd2b'),(5,2,16,1,8,9,1,'2020-03-21 14:31:23','2020-03-21 14:31:23','44a8f141-8736-4ee9-aa1e-7726879e9344'),(6,2,60,1,10,11,1,'2020-03-24 18:25:55','2020-03-24 18:25:55','5a6da636-a38b-471f-9584-9b90b8071537'),(7,2,64,1,12,13,1,'2020-03-24 18:34:23','2020-03-24 18:34:23','1ef0b4ff-41d3-409a-ba16-0a32842262d0'),(8,2,65,1,14,15,1,'2020-03-24 18:36:18','2020-03-24 18:36:18','f5914207-774d-43a1-9fc7-0572e0c14c53'),(9,2,66,1,16,17,1,'2020-03-24 18:37:50','2020-03-24 18:37:50','98bb11bc-b3be-4b61-9f35-0db4090e5ead'),(10,3,NULL,10,1,84,0,'2020-03-24 18:38:15','2020-04-03 15:07:46','b4230910-58c7-4acb-bf0c-a52f5a6cbd38'),(11,3,67,10,2,3,1,'2020-03-24 18:38:15','2020-03-28 13:56:23','14d800d9-5458-4003-b3ed-84bedf706f39'),(12,2,68,1,18,19,1,'2020-03-24 18:41:37','2020-03-24 18:41:37','c25b9916-c49a-4cb1-a97d-e2ef873666a0'),(14,3,76,10,8,27,1,'2020-03-27 11:01:11','2020-04-03 15:07:46','2f5b0a4d-faa1-43cf-a80a-a356bd0d9682'),(15,3,77,10,4,5,1,'2020-03-27 11:01:11','2020-03-28 13:56:23','a249b6ed-ba83-4b57-9926-f6d064fc9aba'),(17,3,79,10,6,7,1,'2020-03-27 11:01:18','2020-03-28 13:56:23','64c8ec10-c959-403c-ada9-045d417610b5'),(18,3,80,10,30,31,1,'2020-03-27 11:01:18','2020-04-03 15:07:46','1713a67c-3486-43c8-8122-bd7bc8864279'),(20,3,82,10,32,33,1,'2020-03-27 11:01:29','2020-04-03 15:07:46','baebf44f-45e6-45d0-a999-8382365a0a6f'),(21,3,83,10,34,35,1,'2020-03-27 11:01:29','2020-04-03 15:07:46','2aec1709-ee1d-4ca0-ad51-948a963738bb'),(23,3,85,10,36,37,1,'2020-03-27 11:01:41','2020-04-03 15:07:46','6b22d6fb-fa4e-4567-88cb-ac33a85deff5'),(24,3,86,10,40,41,1,'2020-03-27 11:01:41','2020-04-03 15:07:46','677ce906-34ae-464a-a8d0-d70465d494ed'),(25,3,87,10,42,43,1,'2020-03-27 11:09:53','2020-04-03 15:07:46','216f93f1-22b4-41bb-a7e6-09e6873b29f6'),(27,3,89,10,28,29,1,'2020-03-27 11:10:10','2020-04-03 15:07:46','5e2c3f5b-573d-4137-af77-0f820bd8c637'),(28,3,90,10,44,45,1,'2020-03-27 11:10:10','2020-04-03 15:07:46','e7350256-b43e-40b4-9969-6388d30d14ab'),(29,3,91,10,46,47,1,'2020-03-27 11:10:25','2020-04-03 15:07:46','11f37da1-426c-4271-b9c4-d8970656c743'),(31,3,93,10,9,10,2,'2020-03-27 11:19:19','2020-03-28 13:56:23','e5d2e80f-490c-4db8-94b1-437501db484e'),(32,3,94,10,11,12,2,'2020-03-27 11:19:19','2020-03-28 13:56:23','04b8fab2-b6da-45a6-ae57-32cb1ec75104'),(34,3,96,10,13,14,2,'2020-03-27 11:19:41','2020-03-28 13:56:23','1bdcbbcd-07a3-48a9-8b7f-ad860e7a26fb'),(35,3,97,10,15,16,2,'2020-03-27 11:19:41','2020-03-28 13:56:23','4dddb777-3c85-45bb-a602-9ca7f5d246d0'),(37,3,99,10,17,18,2,'2020-03-27 11:20:19','2020-03-28 13:56:23','547dfec0-e3b8-4e3d-b275-aa77251c75f2'),(38,3,100,10,19,20,2,'2020-03-27 11:20:19','2020-03-28 13:56:23','8379c66a-1eb7-40b8-b98a-5dc4b210f8e5'),(40,3,102,10,21,22,2,'2020-03-27 11:20:28','2020-03-28 13:56:23','070c3193-798a-49bb-9431-28facb418bee'),(41,3,103,10,23,24,2,'2020-03-27 11:20:28','2020-03-28 13:56:23','cfa9b441-8100-4624-8816-40fc74a86e64'),(43,3,105,10,38,39,1,'2020-03-27 11:20:39','2020-04-03 15:07:46','4ad21b9e-90b1-4bde-9bc5-dbd85727bc60'),(44,3,106,10,25,26,2,'2020-03-27 11:20:39','2020-04-03 15:07:46','4606af80-71ff-4e07-bb5c-edccec3d9600'),(47,3,109,10,54,55,1,'2020-03-27 12:16:21','2020-04-03 15:07:46','27565e8f-8c8b-4336-883c-3621431b01b3'),(50,3,112,10,56,57,1,'2020-03-27 12:16:32','2020-04-03 15:07:46','47caebc2-98b3-4a4d-8a25-12258de74c24'),(51,3,113,10,58,59,1,'2020-03-27 12:16:48','2020-04-03 15:07:46','da80b330-bc6c-451a-8d61-5d78646f717c'),(54,3,116,10,48,49,1,'2020-03-27 12:17:01','2020-04-03 15:07:46','22bba9a7-3368-4395-a6d6-170259067748'),(57,3,119,10,50,51,1,'2020-03-27 12:17:13','2020-04-03 15:07:46','4c3a0882-ae8e-4420-aef1-ca9750ce45c6'),(60,3,122,10,52,53,1,'2020-03-27 12:17:19','2020-04-03 15:07:46','23a43e8c-2a95-43e9-97a9-f539c4ae015f'),(62,3,124,10,60,61,1,'2020-03-27 17:02:06','2020-04-03 15:07:46','fbad6741-3352-4881-8767-7b125db2ba7c'),(64,3,126,10,62,63,1,'2020-03-27 17:02:06','2020-04-03 15:07:46','b234187c-f882-4cfd-9992-43d129354405'),(66,3,128,10,64,65,1,'2020-03-27 17:02:06','2020-04-03 15:07:46','5052338f-d109-4dea-9930-4e0d09a98f15'),(68,3,130,10,66,67,1,'2020-03-27 17:02:06','2020-04-03 15:07:46','680037d0-57ce-4eca-82de-bd1f9f4c3954'),(70,3,132,10,68,69,1,'2020-03-27 17:02:06','2020-04-03 15:07:46','ca7ff20a-44cc-440c-9b98-fc4f535f12de'),(72,3,134,10,70,71,1,'2020-03-27 17:02:06','2020-04-03 15:07:46','a80e45a7-5ff7-4c54-8c8d-bec6482e681a'),(74,3,136,10,72,73,1,'2020-03-27 17:02:09','2020-04-03 15:07:46','4e51218c-e725-4077-a001-b81dd9aec926'),(76,3,138,10,74,75,1,'2020-03-27 17:02:09','2020-04-03 15:07:46','28c62a87-fadf-41b3-929f-4025cf5c8ce5'),(78,3,140,10,76,77,1,'2020-03-27 17:02:09','2020-04-03 15:07:46','7566a3ea-79e7-4c99-8d51-3711721bd5c4'),(80,3,142,10,78,79,1,'2020-03-27 17:02:09','2020-04-03 15:07:46','3b712ff1-19cd-48aa-95d4-8f12aa90f8a1'),(82,3,144,10,80,81,1,'2020-03-27 17:02:09','2020-04-03 15:07:46','9429eaa2-9176-42c7-965a-7f07b9f8ff95'),(84,3,146,10,82,83,1,'2020-03-27 17:02:09','2020-04-03 15:07:46','8e88f0db-8697-427c-911e-b32a81b0c5d4'),(85,5,NULL,85,1,12,0,'2020-03-28 14:12:18','2020-04-02 14:17:21','1660b6f4-15fc-42f7-8ded-838018bcc501'),(87,5,148,85,4,5,1,'2020-03-28 14:13:11','2020-03-28 14:25:02','6fa61c2d-2929-47ea-800a-dfe710232195'),(88,5,149,85,6,7,1,'2020-03-28 14:13:11','2020-03-28 14:25:02','d234530f-ffc6-4fd0-affc-3d6b69e12002'),(90,5,151,85,2,3,1,'2020-03-28 14:13:38','2020-03-28 14:25:02','c779f34e-3f5f-472f-a851-d819cba5c4fc'),(91,5,152,85,8,9,1,'2020-03-28 14:13:38','2020-03-28 14:25:02','662d887f-a3d0-451b-8691-8cd089bf3ce5'),(92,1,NULL,92,1,66,0,'2020-03-28 14:38:44','2020-04-03 15:06:07','fc932cd2-139d-45ec-951f-939f67606b77'),(95,1,155,92,18,19,1,'2020-03-28 14:38:54','2020-03-28 18:09:07','173b4389-1ea1-434b-828a-f9aaff790394'),(98,1,158,92,2,3,1,'2020-03-28 14:39:19','2020-03-28 18:09:07','2ba97939-0bbd-4cfc-ab43-a780a2c18693'),(101,1,161,92,4,5,1,'2020-03-28 14:39:26','2020-03-28 18:09:07','4e848887-bc31-416b-9b14-7ff41735ccc6'),(104,1,164,92,6,7,1,'2020-03-28 14:39:36','2020-03-28 18:09:07','86d10d07-5b9e-49d2-8af3-07678cb99ae3'),(107,1,167,92,8,9,1,'2020-03-28 14:39:51','2020-03-28 18:09:07','80dc38b5-c58c-43f7-bb7a-727a862600f6'),(110,1,170,92,10,11,1,'2020-03-28 14:39:57','2020-03-28 18:09:07','5e435b5b-2747-43cf-907b-e9187ef48357'),(113,1,173,92,12,13,1,'2020-03-28 14:40:16','2020-03-28 18:09:07','981ddef3-6630-41c1-bf48-549baa1e3175'),(116,1,176,92,14,15,1,'2020-03-28 14:40:29','2020-03-28 18:09:07','36a15abb-f75c-425b-9f25-2116125406d7'),(119,1,179,92,16,17,1,'2020-03-28 14:40:42','2020-03-28 18:09:07','7bac4477-d605-4c37-8eda-2acfde715cdc'),(122,1,182,92,32,33,1,'2020-03-28 14:40:52','2020-03-28 18:09:07','df98c089-c247-40da-9644-12ff5a171e64'),(125,1,185,92,20,21,1,'2020-03-28 14:41:08','2020-03-28 18:09:07','4900339f-f5e2-4809-bd81-9f8949e27d7d'),(128,1,188,92,22,23,1,'2020-03-28 14:41:18','2020-03-28 18:09:07','9e1013b5-7209-45ac-b70c-9ef6a871a42a'),(131,1,191,92,24,25,1,'2020-03-28 14:41:24','2020-03-28 18:09:07','ea13ab43-6f3e-4c42-81b7-7c62de403fa5'),(134,1,194,92,26,27,1,'2020-03-28 14:41:33','2020-03-28 18:09:07','e59cdc60-8dba-4ba6-87cd-62fcc78fac00'),(137,1,197,92,28,29,1,'2020-03-28 14:41:43','2020-03-28 18:09:07','aa1a5010-4e80-4a6d-b0f3-cb37b55935c0'),(138,1,198,92,30,31,1,'2020-03-28 14:41:43','2020-03-28 18:09:07','98c57f1b-fcde-4114-9c9e-7ee83a461641'),(141,1,201,92,48,49,1,'2020-03-28 14:41:58','2020-03-28 18:09:07','5af26b71-8f66-4fde-81e9-643456f0761e'),(144,1,204,92,34,35,1,'2020-03-28 14:42:09','2020-03-28 18:09:07','469accc3-3c5b-42e9-94a4-5af429de1e4b'),(147,1,207,92,36,37,1,'2020-03-28 14:42:44','2020-03-28 18:09:07','0d13b123-3a64-46c6-9d67-4bc678aa9315'),(150,1,210,92,38,39,1,'2020-03-28 14:42:53','2020-03-28 18:09:07','3f3caf73-0743-4713-aea8-e6cc66131fea'),(153,1,213,92,40,41,1,'2020-03-28 14:43:00','2020-03-28 18:09:07','263a82c4-1d23-41a1-8642-e1e41f46cde0'),(156,1,216,92,42,43,1,'2020-03-28 14:43:12','2020-03-28 18:09:07','71464a69-f13b-4daf-9b3f-dfdf3d570894'),(159,1,219,92,44,45,1,'2020-03-28 14:43:25','2020-03-28 18:09:07','fd4fa6a4-f5f1-47f9-81b6-2a88f2258509'),(162,1,222,92,46,47,1,'2020-03-28 14:43:31','2020-03-28 18:09:07','0a3cea8b-76f1-4357-9b9d-4cc037b2a2ae'),(165,1,225,92,56,57,1,'2020-03-28 14:43:47','2020-03-28 18:09:08','6a1fdc78-c123-4a47-a423-4535a430f86c'),(168,1,228,92,50,51,1,'2020-03-28 14:43:58','2020-03-28 18:09:07','36d9bafd-fad0-49a5-a4da-9d72591e1230'),(171,1,231,92,52,53,1,'2020-03-28 14:44:08','2020-03-28 18:09:07','82bc1cb7-3268-4eb9-8ffc-a2d4670ddc57'),(174,1,234,92,54,55,1,'2020-03-28 14:44:12','2020-03-28 18:09:08','fff9bc1d-0e56-413c-8f06-2c2fa740b5c6'),(175,2,235,1,20,21,1,'2020-03-28 15:06:05','2020-03-28 15:06:05','9ece8c45-b4f2-442d-b271-8e666f0a9b1c'),(176,2,237,1,22,23,1,'2020-03-28 15:06:06','2020-03-28 15:06:06','05e8bdb2-e92e-49f1-b554-d642db331838'),(177,5,317,85,10,11,1,'2020-04-02 14:17:21','2020-04-02 14:17:21','a8b2db21-eed7-4d37-9a17-7a609e716d28'),(179,1,319,92,58,61,1,'2020-04-03 15:05:29','2020-04-03 15:06:07','d394ea39-a50a-4ad7-b09a-ec0728d9f0f5'),(180,1,320,92,62,63,1,'2020-04-03 15:05:29','2020-04-03 15:06:07','16991fed-4139-4ee3-a6aa-d09304a17368'),(182,1,322,92,59,60,2,'2020-04-03 15:06:02','2020-04-03 15:06:07','6a5d6811-fd50-490d-ab24-e9241a8c1c7c'),(183,1,323,92,64,65,1,'2020-04-03 15:06:02','2020-04-03 15:06:07','2d027c17-155b-4f99-ac31-8c781eb500ac');
/*!40000 ALTER TABLE `structureelements` ENABLE KEYS */;
UNLOCK TABLES;
commit;

--
-- Dumping data for table `structures`
--

LOCK TABLES `structures` WRITE;
/*!40000 ALTER TABLE `structures` DISABLE KEYS */;
set autocommit=0;
INSERT INTO `structures` VALUES (1,2,'2020-03-19 11:32:39','2020-03-19 11:32:39',NULL,'078fbb41-9b2a-4a5c-9d2c-43213ba64328'),(2,NULL,'2020-03-19 11:32:39','2020-03-19 11:32:39',NULL,'f455c565-f7eb-4bc3-b1e3-f2e8055dc216'),(3,2,'2020-03-19 11:32:39','2020-03-19 11:32:39',NULL,'aa94cce7-8c5f-4b20-8aa6-22825ece2c52'),(4,1,'2020-03-21 13:07:20','2020-03-21 13:07:20',NULL,'4840e233-1f3e-4981-8ccb-e85548acf8c9'),(5,1,'2020-03-28 14:11:42','2020-03-28 14:11:42',NULL,'48f1e9cb-1c12-4337-88af-4daf19345384');
/*!40000 ALTER TABLE `structures` ENABLE KEYS */;
UNLOCK TABLES;
commit;

--
-- Dumping data for table `supertableblocks`
--

LOCK TABLES `supertableblocks` WRITE;
/*!40000 ALTER TABLE `supertableblocks` DISABLE KEYS */;
set autocommit=0;
INSERT INTO `supertableblocks` VALUES (19,18,50,2,1,1,'2020-03-21 14:31:43','2020-03-21 14:31:43','6d0562ea-3e13-4f80-8434-0943e4b23839'),(21,20,50,2,1,1,'2020-03-21 14:31:44','2020-03-21 14:31:44','922b292c-eeb3-434f-be1a-bf0f11654f46'),(26,25,50,2,1,1,'2020-03-21 14:35:06','2020-03-21 14:35:06','0a9df289-6171-4a45-b855-fed68b80e417'),(30,29,50,2,1,1,'2020-03-21 14:35:43','2020-03-21 14:35:43','5a3022b9-503c-40eb-a37b-4ff0214c5ac4'),(34,33,36,1,1,1,'2020-03-21 14:37:36','2020-03-21 14:37:36','8659746b-295f-4cb9-a9b1-24e2e0714fc9'),(71,70,50,2,1,NULL,'2020-03-24 18:41:41','2020-03-24 18:41:41','6d9eb82a-4abf-463e-985e-bf74210afbb9');
/*!40000 ALTER TABLE `supertableblocks` ENABLE KEYS */;
UNLOCK TABLES;
commit;

--
-- Dumping data for table `supertableblocktypes`
--

LOCK TABLES `supertableblocktypes` WRITE;
/*!40000 ALTER TABLE `supertableblocktypes` DISABLE KEYS */;
set autocommit=0;
INSERT INTO `supertableblocktypes` VALUES (1,36,19,'2020-03-19 11:42:49','2020-03-19 11:42:49','0308cdba-d447-453f-8f88-fb4230ab9f27'),(2,50,22,'2020-03-21 13:29:22','2020-03-21 13:29:22','b8f80084-8d6e-4c07-9ccf-933bd3b3f83d');
/*!40000 ALTER TABLE `supertableblocktypes` ENABLE KEYS */;
UNLOCK TABLES;
commit;

--
-- Dumping data for table `systemmessages`
--

LOCK TABLES `systemmessages` WRITE;
/*!40000 ALTER TABLE `systemmessages` DISABLE KEYS */;
set autocommit=0;
/*!40000 ALTER TABLE `systemmessages` ENABLE KEYS */;
UNLOCK TABLES;
commit;

--
-- Dumping data for table `taggroups`
--

LOCK TABLES `taggroups` WRITE;
/*!40000 ALTER TABLE `taggroups` DISABLE KEYS */;
set autocommit=0;
/*!40000 ALTER TABLE `taggroups` ENABLE KEYS */;
UNLOCK TABLES;
commit;

--
-- Dumping data for table `tags`
--

LOCK TABLES `tags` WRITE;
/*!40000 ALTER TABLE `tags` DISABLE KEYS */;
set autocommit=0;
/*!40000 ALTER TABLE `tags` ENABLE KEYS */;
UNLOCK TABLES;
commit;

--
-- Dumping data for table `tokens`
--

LOCK TABLES `tokens` WRITE;
/*!40000 ALTER TABLE `tokens` DISABLE KEYS */;
set autocommit=0;
/*!40000 ALTER TABLE `tokens` ENABLE KEYS */;
UNLOCK TABLES;
commit;

--
-- Dumping data for table `usergroups`
--

LOCK TABLES `usergroups` WRITE;
/*!40000 ALTER TABLE `usergroups` DISABLE KEYS */;
set autocommit=0;
/*!40000 ALTER TABLE `usergroups` ENABLE KEYS */;
UNLOCK TABLES;
commit;

--
-- Dumping data for table `usergroups_users`
--

LOCK TABLES `usergroups_users` WRITE;
/*!40000 ALTER TABLE `usergroups_users` DISABLE KEYS */;
set autocommit=0;
/*!40000 ALTER TABLE `usergroups_users` ENABLE KEYS */;
UNLOCK TABLES;
commit;

--
-- Dumping data for table `userpermissions`
--

LOCK TABLES `userpermissions` WRITE;
/*!40000 ALTER TABLE `userpermissions` DISABLE KEYS */;
set autocommit=0;
/*!40000 ALTER TABLE `userpermissions` ENABLE KEYS */;
UNLOCK TABLES;
commit;

--
-- Dumping data for table `userpermissions_usergroups`
--

LOCK TABLES `userpermissions_usergroups` WRITE;
/*!40000 ALTER TABLE `userpermissions_usergroups` DISABLE KEYS */;
set autocommit=0;
/*!40000 ALTER TABLE `userpermissions_usergroups` ENABLE KEYS */;
UNLOCK TABLES;
commit;

--
-- Dumping data for table `userpermissions_users`
--

LOCK TABLES `userpermissions_users` WRITE;
/*!40000 ALTER TABLE `userpermissions_users` DISABLE KEYS */;
set autocommit=0;
/*!40000 ALTER TABLE `userpermissions_users` ENABLE KEYS */;
UNLOCK TABLES;
commit;

--
-- Dumping data for table `userpreferences`
--

LOCK TABLES `userpreferences` WRITE;
/*!40000 ALTER TABLE `userpreferences` DISABLE KEYS */;
set autocommit=0;
INSERT INTO `userpreferences` VALUES (1,'{\"language\":\"en-US\"}');
/*!40000 ALTER TABLE `userpreferences` ENABLE KEYS */;
UNLOCK TABLES;
commit;

--
-- Dumping data for table `users`
--

LOCK TABLES `users` WRITE;
/*!40000 ALTER TABLE `users` DISABLE KEYS */;
set autocommit=0;
INSERT INTO `users` VALUES (1,'Admin',NULL,NULL,NULL,'codingwithkyle@gmail.com','$2y$13$1JIzGs7L7bVtNwEZ/xySHOJQw.Xw1EgtR.G5rfT3xbZ36WLEKyRzG',1,0,0,0,'2020-04-12 19:01:05',NULL,NULL,NULL,NULL,NULL,1,NULL,NULL,NULL,0,'2020-03-17 13:28:07','2020-03-17 13:28:07','2020-04-12 19:01:05','c992022d-ed1b-4887-9bdf-fbd7a2371b61');
/*!40000 ALTER TABLE `users` ENABLE KEYS */;
UNLOCK TABLES;
commit;

--
-- Dumping data for table `volumefolders`
--

LOCK TABLES `volumefolders` WRITE;
/*!40000 ALTER TABLE `volumefolders` DISABLE KEYS */;
set autocommit=0;
INSERT INTO `volumefolders` VALUES (1,NULL,1,'Images','','2020-03-17 13:33:14','2020-03-17 13:33:14','e3bc2313-6c25-4c87-9761-1ea8ba6d7a9e'),(2,NULL,NULL,'Temporary source',NULL,'2020-03-17 13:33:24','2020-03-17 13:33:24','a3779134-ee38-4f80-aea3-821322f7c69c'),(3,2,NULL,'user_1','user_1/','2020-03-17 13:33:24','2020-03-17 13:33:24','f6aa1de7-7c23-4e3a-b7de-0b4beaba1b63');
/*!40000 ALTER TABLE `volumefolders` ENABLE KEYS */;
UNLOCK TABLES;
commit;

--
-- Dumping data for table `volumes`
--

LOCK TABLES `volumes` WRITE;
/*!40000 ALTER TABLE `volumes` DISABLE KEYS */;
set autocommit=0;
INSERT INTO `volumes` VALUES (1,1,'Images','images','craft\\volumes\\Local',1,'@web/uploads/images','{\"path\":\"@webroot/uploads/images\"}',1,'2020-03-17 13:33:14','2020-03-17 13:42:40',NULL,'8b0fd7f7-2623-4a21-a578-698d8c0aef75');
/*!40000 ALTER TABLE `volumes` ENABLE KEYS */;
UNLOCK TABLES;
commit;

--
-- Dumping data for table `widgets`
--

LOCK TABLES `widgets` WRITE;
/*!40000 ALTER TABLE `widgets` DISABLE KEYS */;
set autocommit=0;
INSERT INTO `widgets` VALUES (1,1,'craft\\widgets\\RecentEntries',1,NULL,'{\"section\":\"*\",\"siteId\":\"1\",\"limit\":10}',1,'2020-03-17 13:28:10','2020-03-17 13:28:10','dc284529-6c1d-4fa7-a503-90cf36130cb6'),(2,1,'craft\\widgets\\CraftSupport',2,NULL,'[]',1,'2020-03-17 13:28:10','2020-03-17 13:28:10','1082cd54-2f48-4f1f-a54f-ceeda9d385fc'),(3,1,'craft\\widgets\\Updates',3,NULL,'[]',1,'2020-03-17 13:28:10','2020-03-17 13:28:10','9bfbd8c6-808a-4ce0-ab2e-84149d45cb57'),(4,1,'craft\\widgets\\Feed',4,NULL,'{\"url\":\"https://craftcms.com/news.rss\",\"title\":\"Craft News\",\"limit\":5}',1,'2020-03-17 13:28:10','2020-03-17 13:28:10','cd90c197-d0c9-4475-b2f9-a056b985aa8d');
/*!40000 ALTER TABLE `widgets` ENABLE KEYS */;
UNLOCK TABLES;
commit;

--
-- Dumping routines for database 'craft_boilerplate'
--
/*!40103 SET TIME_ZONE=@OLD_TIME_ZONE */;

/*!40101 SET SQL_MODE=@OLD_SQL_MODE */;
/*!40014 SET FOREIGN_KEY_CHECKS=@OLD_FOREIGN_KEY_CHECKS */;
/*!40014 SET UNIQUE_CHECKS=@OLD_UNIQUE_CHECKS */;
/*!40101 SET CHARACTER_SET_CLIENT=@OLD_CHARACTER_SET_CLIENT */;
/*!40101 SET CHARACTER_SET_RESULTS=@OLD_CHARACTER_SET_RESULTS */;
/*!40101 SET COLLATION_CONNECTION=@OLD_COLLATION_CONNECTION */;
/*!40111 SET SQL_NOTES=@OLD_SQL_NOTES */;

-- Dump completed on 2020-04-12 19:01:35
